estado,cod_mun6,municipio,periodo,casos_total,pop_pessoa_ano,incidencia_media_anual,incidencia_mediana_anual,incidencia_periodo_100mil_pessoa_ano,log_inc_periodo_mais1
RJ,330010,ANGRA DOS REIS,2001–2005,581,663406,88.04448173917164,83.63491405926354,87.57834568876375,4.483887422420494
RJ,330010,ANGRA DOS REIS,2006–2010,476,790961,60.47936370033064,60.760647354063686,60.17995830388603,4.11381965719075
RJ,330010,ANGRA DOS REIS,2011–2015,522,844947,61.77683569792979,56.332348999656084,61.77902282628378,4.139620986244626
RJ,330010,ANGRA DOS REIS,2016–2019,461,672839,68.5228377579245,68.99819131954263,68.51564787415711,4.241551876496901
RJ,330010,ANGRA DOS REIS,2020–2024,621,855149,72.42020559556308,68.68377987744425,72.61892371972603,4.298902108443386
RJ,330015,APERIBE,2001–2005,19,43134,43.709238076274254,45.284727725574555,44.048778225993416,3.80774586328688
RJ,330015,APERIBE,2006–2010,14,48682,28.441852254720533,29.37432683834329,28.758062528244523,3.3931001046279947
RJ,330015,APERIBE,2011–2015,11,52063,21.19180871798502,19.083969465648856,21.128248468201985,3.096855003538048
RJ,330015,APERIBE,2016–2019,6,42876,13.979554878484146,13.949454262361387,13.993842709207948,2.7076396307769444
RJ,330015,APERIBE,2020–2024,24,55544,43.21039033698175,44.53152832205201,43.208987469393634,3.788928104825227
RJ,330020,ARARUAMA,2001–2005,226,453705,49.56844417126462,51.37041278267105,49.8121025776661,3.928134565927698
RJ,330020,ARARUAMA,2006–2010,252,527686,47.97378521205496,47.41988410580325,47.75567288122103,3.8868215574680436
RJ,330020,ARARUAMA,2011–2015,212,581008,36.58069526722321,39.592370722302554,36.4883099716355,3.6240291502874737
RJ,330020,ARARUAMA,2016–2019,138,491016,28.04801697338471,28.925311059743265,28.10499046874236,3.370909653245286
RJ,330020,ARARUAMA,2020–2024,331,655945,50.3369675661386,54.753954238033174,50.46154784318807,3.940834884970778
RJ,330022,AREAL,2001–2005,32,51680,62.3096480827257,58.8985962501227,61.91950464396285,4.141856205367651
RJ,330022,AREAL,2006–2010,20,55514,36.16871666502867,27.81125428756837,36.0269481572216,3.611645976115239
RJ,330022,AREAL,2011–2015,6,57615,10.424343675395074,17.307026652821047,10.413954699297058,2.4348367032348213
RJ,330022,AREAL,2016–2019,8,46698,17.094550673586387,8.590345611572392,17.13135466186989,2.897642741328408
RJ,330022,AREAL,2020–2024,12,59653,20.044230228352486,24.51180652014053,20.11633949675624,3.050047124534163
RJ,330023,ARMACAO DOS BUZIOS,2001–2005,79,103257,77.32391213918092,70.78572150874709,76.50813019940537,4.350382836655852
RJ,330023,ARMACAO DOS BUZIOS,2006–2010,77,127049,61.24746903720212,56.73222390317701,60.60653763508568,4.12076799534774
RJ,330023,ARMACAO DOS BUZIOS,2011–2015,99,151401,64.75441170259252,67.29690754686749,65.3892642717023,4.195535360755253
RJ,330023,ARMACAO DOS BUZIOS,2016–2019,71,139237,51.194963396426736,53.380189661529364,50.99219316704612,3.951093575907621
RJ,330023,ARMACAO DOS BUZIOS,2020–2024,91,200160,45.67033726922457,48.48837491211482,45.46362909672263,3.8386698365758294
RJ,330025,ARRAIAL DO CABO,2001–2005,86,124874,68.63343984547319,71.02272727272728,68.86942037573876,4.246628076776962
RJ,330025,ARRAIAL DO CABO,2006–2010,74,134535,55.01771580778133,58.597326496978575,55.00427398074851,4.025428008907638
RJ,330025,ARRAIAL DO CABO,2011–2015,81,142507,56.9922589042872,64.34546364481304,56.8393131565467,4.057668702893189
RJ,330025,ARRAIAL DO CABO,2016–2019,57,118873,47.9437573651481,47.11628331970692,47.95033354925004,3.890806183033999
RJ,330025,ARRAIAL DO CABO,2020–2024,139,156813,88.21938353903008,96.81791776931517,88.64061015349492,4.495808455619678
RJ,330030,BARRA DO PIRAI,2001–2005,186,451725,41.24461390834678,37.63518225390465,41.175493939897066,3.741839340038544
RJ,330030,BARRA DO PIRAI,2006–2010,140,467463,30.002982489185843,35.29864795481773,29.948894350996763,3.432337274776723
RJ,330030,BARRA DO PIRAI,2011–2015,147,471506,31.184360445652306,32.87345839386645,31.176697645417022,3.471242514962603
RJ,330030,BARRA DO PIRAI,2016–2019,119,374357,31.787730992613135,33.17941152972347,31.787838881068073,3.4900576808183614
RJ,330030,BARRA DO PIRAI,2020–2024,162,473277,34.08052257301203,32.40881101481396,34.22942589646233,3.5618816963493005
RJ,330040,BARRA MANSA,2001–2005,365,864219,42.20605840526885,43.79318094074667,42.23466505596382,3.7666426053247655
RJ,330040,BARRA MANSA,2006–2010,347,881905,39.35708951041377,39.438712811865905,39.34664164507515,3.697508160646774
RJ,330040,BARRA MANSA,2011–2015,228,879009,25.919197512764264,25.597415229893233,25.93830097302758,3.293549101919449
RJ,330040,BARRA MANSA,2016–2019,176,691292,25.462795703713134,27.480557754090174,25.459574246483395,3.275618068099435
RJ,330040,BARRA MANSA,2020–2024,351,868990,40.37027246798557,40.41254951960293,40.39171912219934,3.7230808396214456
RJ,330045,BELFORD ROXO,2001–2005,2132,2223384,95.93612835289272,97.06742188927463,95.88986877660359,4.5735749600416105
RJ,330045,BELFORD ROXO,2006–2010,1657,2310856,71.73802092334535,70.21325935532633,71.70503051683012,4.286410577700319
RJ,330045,BELFORD ROXO,2011–2015,1498,2363682,63.38437117171908,63.825681673123455,63.37569943841853,4.164736223987688
RJ,330045,BELFORD ROXO,2016–2019,1055,1911536,55.18185298919071,53.97644241377583,55.19121795247382,4.028760480498267
RJ,330045,BELFORD ROXO,2020–2024,1589,2464588,64.39404059655962,65.00972252230007,64.47325070153714,4.181641672992763
RJ,330050,BOM JARDIM,2001–2005,43,117136,36.65154313333464,38.85339319633915,36.70946591995629,3.62991114834728
RJ,330050,BOM JARDIM,2006–2010,28,123877,22.771223916530108,23.951139675062873,22.603065944444893,3.1613766164938215
RJ,330050,BOM JARDIM,2011–2015,20,130003,15.393214546905904,11.740304465229132,15.384260363222387,2.796321140040792
RJ,330050,BOM JARDIM,2016–2019,22,108125,20.276921749223376,14.927042856053902,20.346820809248555,3.060902820354784
RJ,330050,BOM JARDIM,2020–2024,31,142258,21.822460836975274,21.35079353782649,21.791393102672608,3.126382969194218
RJ,330060,BOM JESUS DO ITABAPOANA,2001–2005,194,170867,113.35982380847081,131.01580924098175,113.53860019781467,4.740911885813809
RJ,330060,BOM JESUS DO ITABAPOANA,2006–2010,118,175268,67.31750763854666,71.3205717057028,67.32546728438734,4.224282570932894
RJ,330060,BOM JESUS DO ITABAPOANA,2011–2015,66,176756,37.3259872805376,36.75327245483588,37.339609405055555,3.646483549904038
RJ,330060,BOM JESUS DO ITABAPOANA,2016–2019,39,141048,27.649970109045203,26.955266830346098,27.65016164709886,3.3551590852774273
RJ,330060,BOM JESUS DO ITABAPOANA,2020–2024,93,178916,51.77703050976597,58.073615220818006,51.97969997093609,3.9699088207651494
RJ,330070,CABO FRIO,2001–2005,534,712646,74.67703421797722,76.7809270971604,74.93201393118042,4.329838386397441
RJ,330070,CABO FRIO,2006–2010,535,863551,62.10847712605471,60.73812475736059,61.95349203463374,4.142396232099256
RJ,330070,CABO FRIO,2011–2015,571,973336,58.5148208651411,56.005138086062935,58.664222837745655,4.088732558307234
RJ,330070,CABO FRIO,2016–2019,483,831864,57.977545389351675,60.88432793692131,58.06237558062375,4.078594098680293
RJ,330070,CABO FRIO,2020–2024,739,1125396,65.60562251017691,66.91113853212603,65.66577453625213,4.1996916958341695
RJ,330080,CACHOEIRAS DE MACACU,2001–2005,69,251008,27.32591395968553,29.223815461346636,27.48916369199388,3.3495237936385975
RJ,330080,CACHOEIRAS DE MACACU,2006–2010,92,265409,34.70549319733517,34.67940813810111,34.663481645309695,3.5741272421421297
RJ,330080,CACHOEIRAS DE MACACU,2011–2015,111,274648,40.4588083786701,39.891929137427695,40.41536803472081,3.723652020518549
RJ,330080,CACHOEIRAS DE MACACU,2016–2019,45,223709,20.107759774168887,21.37103122362208,20.115417797227646,3.050003474940218
RJ,330080,CACHOEIRAS DE MACACU,2020–2024,111,288393,38.422202150565035,42.1474105684632,38.48914502085695,3.676025824541441
RJ,330090,CAMBUCI,2001–2005,12,73585,16.303360723435944,13.589726167017734,16.30767140042128,2.8511498367664947
RJ,330090,CAMBUCI,2006–2010,20,73977,27.04418263451229,13.518080432578573,27.035429930924476,3.333469064964539
RJ,330090,CAMBUCI,2011–2015,23,73870,31.126040841526635,27.07459049681874,31.135779071341542,3.469970022230684
RJ,330090,CAMBUCI,2016–2019,20,58779,34.0361284180711,30.62475613928835,34.02575749842631,3.5560837193532655
RJ,330090,CAMBUCI,2020–2024,24,73810,32.50508085412123,34.127363319909904,32.515919252133855,3.5120205275147525
RJ,330093,CARAPEBUS,2001–2005,6,2116566,0.2841877130775632,0.2362720057839387,0.28347804887728517,0.2495736186329715
RJ,330093,CARAPEBUS,2006–2010,7,2259298,0.3134260560224139,0.21564225811947013,0.30983075273823996,0.2698979324834656
RJ,330093,CARAPEBUS,2011–2015,11,2343057,0.4702281653944372,0.423832975900857,0.4694721468577162,0.38490325253436913
RJ,330093,CARAPEBUS,2016–2019,11,1904072,0.5763458673763571,0.4201561044498697,0.5777092462890059,0.4559739508770191
RJ,330093,CARAPEBUS,2020–2024,14,2465918,0.5684989111838568,0.41650960783537877,0.5677398842946116,0.44963501804869616
RJ,330095,COMENDADOR LEVY GASPARIAN,2001–2005,24,99166,24.202036612665214,25.210507739625875,24.201843373736967,3.226917141593532
RJ,330095,COMENDADOR LEVY GASPARIAN,2006–2010,24,99154,24.20483342446874,20.1704402198578,24.204772374286463,3.2270333565192644
RJ,330095,COMENDADOR LEVY GASPARIAN,2011–2015,15,98595,15.185345596181415,10.123506782749544,15.213753232922562,2.7858598470666083
RJ,330095,COMENDADOR LEVY GASPARIAN,2016–2019,8,78216,10.22811305511328,10.228243873217853,10.228086325048585,2.4184183468427727
RJ,330095,COMENDADOR LEVY GASPARIAN,2020–2024,16,97964,16.34750705553261,15.471892728210419,16.3325303172594,2.8525851009897303
RJ,330100,CAMPOS DOS GOYTACAZES,2001–2005,959,2104236,45.63462377333301,46.34283717978882,45.57473591365227,3.841058246340654
RJ,330100,CAMPOS DOS GOYTACAZES,2006–2010,1135,2244608,50.66697969494895,50.35123327102554,50.56562214872263,3.942855213024882
RJ,330100,CAMPOS DOS GOYTACAZES,2011–2015,1156,2331163,49.54654655275867,44.976668353291736,49.58898198023905,3.9237338051569015
RJ,330100,CAMPOS DOS GOYTACAZES,2016–2019,1431,1899234,75.31600887032975,77.44053076905044,75.34616587529499,4.335277812660335
RJ,330100,CAMPOS DOS GOYTACAZES,2020–2024,2318,2465102,93.80866677945988,98.40946425579529,94.03262015121483,4.554220202675337
RJ,330110,CANTAGALO,2001–2005,30,62981,47.632909114317044,39.69199015638644,47.633413251615565,3.8843108101413
RJ,330110,CANTAGALO,2006–2010,25,62994,39.68619350569634,31.751071598666456,39.686319331999876,3.705891901593839
RJ,330110,CANTAGALO,2011–2015,41,63443,64.54749087582232,70.59930969563854,64.62493892155163,4.183955790192141
RJ,330110,CANTAGALO,2016–2019,35,51292,68.21673531451182,74.07285592908585,68.23676206815877,4.237531965323134
RJ,330110,CANTAGALO,2020–2024,43,65372,65.70092592428583,46.41089108910891,65.77739705072509,4.201364655779284
RJ,330115,CARDOSO MOREIRA,2001–2005,21,79529,26.563192114167077,31.44060869018424,26.405462158457922,3.3107423423755122
RJ,330115,CARDOSO MOREIRA,2006–2010,6,84926,7.1298784913072115,5.811588307084326,7.064974212844123,2.0875305141565765
RJ,330115,CARDOSO MOREIRA,2011–2015,3,86873,3.458546511342861,0.0,3.4533169108929127,1.4936491917598433
RJ,330115,CARDOSO MOREIRA,2016–2019,9,69145,13.023607891438214,17.355090848067366,13.016125533299588,2.6402084905822654
RJ,330115,CARDOSO MOREIRA,2020–2024,14,86861,16.069226846166192,11.615750958299454,16.11770529927125,2.8401133254724136
RJ,330120,CARMO,2001–2005,37,127707,28.90794555891418,25.848698948819575,28.972570023569578,3.4002826308575007
RJ,330120,CARMO,2006–2010,41,161317,25.69859419595508,24.850122697480817,25.415796227304003,3.2739621731604363
RJ,330120,CARMO,2011–2015,33,188972,17.618455703271614,16.239038648911983,17.462904557288912,2.915763559995972
RJ,330120,CARMO,2016–2019,24,166992,14.31413764609012,13.14586099085691,14.371945961483185,2.7325441573102087
RJ,330120,CARMO,2020–2024,39,231314,17.020618482030425,20.40261153427639,16.86019869095688,2.882574700300071
RJ,330130,CASIMIRO DE ABREU,2001–2005,91,40000,227.9236110657943,198.73307663644266,227.5,5.43153621033426
RJ,330130,CASIMIRO DE ABREU,2006–2010,31,40641,76.32622581097453,74.28500680945896,76.27765064836004,4.347404788929218
RJ,330130,CASIMIRO DE ABREU,2011–2015,38,41585,91.47684857091653,96.188529517855,91.37910304196225,4.525900795515641
RJ,330130,CASIMIRO DE ABREU,2016–2019,46,34106,134.89455651177164,123.1054176232958,134.87362927344162,4.911725257246544
RJ,330130,CASIMIRO DE ABREU,2020–2024,67,44020,151.2336333223037,191.1615877656584,152.20354384370742,5.03176738917803
RJ,330140,CONCEICAO DE MACABU,2001–2005,74,97414,76.4496275127477,82.13552361396303,75.96444042950705,4.343343502581597
RJ,330140,CONCEICAO DE MACABU,2006–2010,18,103522,17.333373668951417,14.14360473339305,17.387608431058133,2.911676982908572
RJ,330140,CONCEICAO DE MACABU,2011–2015,41,105920,38.701254681531566,37.78040141676505,38.70845921450151,3.6815642434460756
RJ,330140,CONCEICAO DE MACABU,2016–2019,19,84577,22.464949703394915,18.909847979165768,22.464736275819668,3.155498710138674
RJ,330140,CONCEICAO DE MACABU,2020–2024,56,106543,52.37727047225273,69.9822711579733,52.560937837305126,3.980820030701509
RJ,330150,CORDEIRO,2001–2005,41,95667,43.069372810385964,42.60758414997869,42.85699352963927,3.780934193664442
RJ,330150,CORDEIRO,2006–2010,27,100260,26.92585720309044,29.64573348485597,26.929982046678635,3.3297007371598375
RJ,330150,CORDEIRO,2011–2015,27,102588,26.331509387692968,24.43912214673249,26.31886770382501,3.307577588156468
RJ,330150,CORDEIRO,2016–2019,24,82600,29.053887642438816,29.066140440637845,29.055690072639226,3.403051996554915
RJ,330150,CORDEIRO,2020–2024,37,104821,35.41636329461689,27.974636329727712,35.29827038475115,3.591770092332614
RJ,330160,DUAS BARRAS,2001–2005,22,52548,41.7943634392385,38.27384939240264,41.86648397655477,3.7580902613041216
RJ,330160,DUAS BARRAS,2006–2010,23,54043,42.49913369661039,54.89478499542544,42.55870325481561,3.7741095284484536
RJ,330160,DUAS BARRAS,2011–2015,16,54712,29.235432798977314,36.53969123960903,29.244041526538965,3.409299190745569
RJ,330160,DUAS BARRAS,2016–2019,15,43844,34.2134595990749,36.496354923221475,34.21220691542742,3.5613928098573067
RJ,330160,DUAS BARRAS,2020–2024,9,55449,16.18927620277243,8.955758552749417,16.231131309852298,2.846717707690936
RJ,330170,DUQUE DE CAXIAS,2001–2005,5035,3992994,126.22402599017724,121.33418480129686,126.09585689334871,4.844941580444192
RJ,330170,DUQUE DE CAXIAS,2006–2010,4961,4192907,118.28311394726677,117.15603719704181,118.31886564619727,4.781799452781019
RJ,330170,DUQUE DE CAXIAS,2011–2015,4715,4215479,111.83020893448047,114.8175077721252,111.84968540941611,4.72605671557172
RJ,330170,DUQUE DE CAXIAS,2016–2019,3239,3301783,98.08283940996168,97.19219739750086,98.09851222809009,4.596114428388638
RJ,330170,DUQUE DE CAXIAS,2020–2024,4051,4138836,97.86939425528811,97.78059972870791,97.87776080037963,4.593884347825736
RJ,330180,ENGENHEIRO PAULO DE FRONTIN,2001–2005,43,62385,68.92337630645325,72.13850593138827,68.92682535865994,4.2474493432687215
RJ,330180,ENGENHEIRO PAULO DE FRONTIN,2006–2010,31,65081,47.483605719458225,46.10065309258548,47.63294970882439,3.8843012787313227
RJ,330180,ENGENHEIRO PAULO DE FRONTIN,2011–2015,40,64908,61.29087824605737,38.5178337570295,61.62568558575214,4.137175506822186
RJ,330180,ENGENHEIRO PAULO DE FRONTIN,2016–2019,15,50426,29.690091640264733,27.906791126386302,29.746559314639274,3.425778095785274
RJ,330180,ENGENHEIRO PAULO DE FRONTIN,2020–2024,9,62051,14.510096118160234,16.126431220770844,14.504198159578412,2.7411108362572896
RJ,330185,GUAPIMIRIM,2001–2005,117,208132,56.2669665616891,53.64431486880466,56.21432552418657,4.046804313256369
RJ,330185,GUAPIMIRIM,2006–2010,135,242410,55.58984078440735,54.85945008887231,55.69077183284518,4.037611443216985
RJ,330185,GUAPIMIRIM,2011–2015,138,257681,53.54736175184483,62.09251785159888,53.554588813300164,3.9992018299748207
RJ,330185,GUAPIMIRIM,2016–2019,97,206464,46.98232243976597,41.63940001760081,46.981556106633604,3.8708166892873304
RJ,330185,GUAPIMIRIM,2020–2024,122,262332,46.50764118648409,42.556484060662335,46.50595428693411,3.860855056593653
RJ,330187,IGUABA GRANDE,2001–2005,36,85596,42.201566752577484,46.811000585137506,42.058040095331556,3.7625489752322463
RJ,330187,IGUABA GRANDE,2006–2010,51,105336,48.699439664340886,51.66356685265551,48.41649578491684,3.900284291225672
RJ,330187,IGUABA GRANDE,2011–2015,35,120157,29.19948203760025,21.16222965251619,29.128556804846994,3.405473453052005
RJ,330187,IGUABA GRANDE,2016–2019,46,103615,44.18499889858913,44.38853176210536,44.39511653718091,3.8154045340014124
RJ,330187,IGUABA GRANDE,2020–2024,52,140752,36.99622491944069,40.51863857374392,36.94441286802319,3.636122269499195
RJ,330190,ITABORAI,2001–2005,820,981019,83.3604307029882,86.66438960231241,83.58655642755136,4.437775346509294
RJ,330190,ITABORAI,2006–2010,785,1057882,74.32986663341539,72.17896658346682,74.20487351141243,4.320216036188501
RJ,330190,ITABORAI,2011–2015,663,1097787,60.41012807263776,60.43394297398614,60.3942294816754,4.117315848353339
RJ,330190,ITABORAI,2016–2019,503,887600,56.664338814803045,57.09677095326291,56.66967102298333,4.054731403137032
RJ,330190,ITABORAI,2020–2024,781,1143406,68.18798716750392,67.88074643834304,68.30469666942452,4.2385126769069394
RJ,330200,ITAGUAI,2001–2005,354,447034,79.47539805347213,74.00985388340277,79.1886075779471,4.384381454632105
RJ,330200,ITAGUAI,2006–2010,346,515610,67.5130117220325,62.11300685184107,67.10498244797425,4.221050374179196
RJ,330200,ITAGUAI,2011–2015,332,554913,59.81767461162023,58.79418472063854,59.829198450928345,4.108069911374654
RJ,330200,ITAGUAI,2016–2019,361,455498,79.23519204502163,79.24339016111605,79.25391549468932,4.385195552030955
RJ,330200,ITAGUAI,2020–2024,337,592926,56.84532452260496,62.086259585070266,56.83677221103477,4.05762477081329
RJ,330205,ITALVA,2001–2005,40,65194,61.40217117888682,68.29046209879354,61.35533944841549,4.132849305162167
RJ,330205,ITALVA,2006–2010,22,68818,31.866545799211018,29.702235093190765,31.968380365602023,3.4955489313881243
RJ,330205,ITALVA,2011–2015,16,70327,22.75120766514494,21.32954141485958,22.750863821860737,3.167618901265993
RJ,330205,ITALVA,2016–2019,8,56277,14.21539888015792,14.21615668000312,14.215398830783444,2.7223079960046204
RJ,330205,ITALVA,2020–2024,23,71028,32.361220304169485,35.534077180015636,32.38159599031368,3.508004729862225
RJ,330210,ITAOCARA,2001–2005,25,114859,21.7623382460397,21.74574870612795,21.76581721937332,3.125260166204069
RJ,330210,ITAOCARA,2006–2010,27,114599,23.558501799385688,21.82548343445807,23.560415012347402,3.201136001033055
RJ,330210,ITAOCARA,2011–2015,35,114520,30.56116566135561,21.833107724553514,30.56234718826406,3.4519648654639075
RJ,330210,ITAOCARA,2016–2019,15,91646,16.36739803393516,17.45714818780741,16.367326451781857,2.85459065083492
RJ,330210,ITAOCARA,2020–2024,33,115676,28.44887921268701,26.18143736091111,28.527957398250283,3.385337522968945
RJ,330220,ITAPERUNA,2001–2005,346,446851,77.41890316969207,77.55459289378344,77.43073194420512,4.362215839632961
RJ,330220,ITAPERUNA,2006–2010,255,469762,54.30616895674849,55.38481587263665,54.28280703845777,4.012461956724095
RJ,330220,ITAPERUNA,2011–2015,238,485586,49.05655832233345,48.39623127220305,49.01294518375736,3.9122818755935205
RJ,330220,ITAPERUNA,2016–2019,253,396240,63.84000187914762,65.34284950088352,63.850191802947705,4.172079868397982
RJ,330220,ITAPERUNA,2020–2024,290,513212,56.5768219756637,55.667664045647484,56.50686266104456,4.051904291308447
RJ,330225,ITATIAIA,2001–2005,38,129474,29.304368603166118,27.45098039215686,29.349521911735177,3.4127807648850657
RJ,330225,ITATIAIA,2006–2010,29,139654,20.709437372469257,21.486892995272886,20.765606427313216,3.0803310371161414
RJ,330225,ITATIAIA,2011–2015,66,146506,44.97494888252626,47.78156996587031,45.04934951469564,3.8297136369706175
RJ,330225,ITATIAIA,2016–2019,65,120376,54.10592496015324,49.737895430775005,53.99747457965044,4.007287267444637
RJ,330225,ITATIAIA,2020–2024,71,156687,45.1806935005921,49.11108928396032,45.31326785247021,3.835428482729285
RJ,330227,JAPERI,2001–2005,666,433923,154.1417317477642,159.04480914622903,153.48345213321258,5.040086984667651
RJ,330227,JAPERI,2006–2010,449,464656,96.96480685972838,103.65407906078494,96.63062566716023,4.581191231771386
RJ,330227,JAPERI,2011–2015,475,478453,99.28331278755374,98.09753399496988,99.27829901787636,4.607949310819509
RJ,330227,JAPERI,2016–2019,308,383958,80.20848093875875,78.10889490542979,80.21710707942015,4.397125903296054
RJ,330227,JAPERI,2020–2024,829,490024,167.00726901623017,116.31650551984131,169.1753873279676,5.136829595388234
RJ,330230,LAJE DO MURIAE,2001–2005,21,38901,54.12734230086153,64.62453147214683,53.98318809285109,4.007027467466486
RJ,330230,LAJE DO MURIAE,2006–2010,18,37849,47.57443984615465,52.26708480334509,47.55739913868266,3.882746585569806
RJ,330230,LAJE DO MURIAE,2011–2015,15,37245,40.31085801550198,40.27386226339106,40.27386226339106,3.720229424638658
RJ,330230,LAJE DO MURIAE,2016–2019,11,29569,37.23863314888071,47.351266026501406,37.201122797524434,3.642864907785927
RJ,330230,LAJE DO MURIAE,2020–2024,30,37088,80.92872901289734,81.78844056706652,80.88869715271785,4.405360973431734
RJ,330240,MACAE,2001–2005,538,758423,71.04151817317032,70.68071473395646,70.93666726879327,4.275786110655495
RJ,330240,MACAE,2006–2010,551,947473,58.12919842971494,55.283438187587755,58.15469147933503,4.08015590222985
RJ,330240,MACAE,2011–2015,568,1080236,52.52897620126099,51.20616353087638,52.58110264793989,3.981196443373538
RJ,330240,MACAE,2016–2019,434,922907,47.038358927666515,49.27499263111216,47.02532324492067,3.8717284393955436
RJ,330240,MACAE,2020–2024,734,1248187,58.55771518960338,59.66127009509275,58.80529119434828,4.091094138553169
RJ,330245,MACUCO,2001–2005,7,24991,28.285713255245685,20.161290322580644,28.010083630106838,3.367643480931875
RJ,330245,MACUCO,2006–2010,7,25951,27.23975780169811,19.124115509657678,26.973912373318946,3.331272374919195
RJ,330245,MACUCO,2011–2015,16,26525,60.269785962481784,56.2957402889848,60.32045240339303,4.116113431722534
RJ,330245,MACUCO,2016–2019,8,21440,37.26150187870664,27.995645726458577,37.3134328358209,3.6458005614801743
RJ,330245,MACUCO,2020–2024,13,27318,46.989262502628414,54.46623093681918,47.58767113258657,3.8833698183246796
RJ,330250,MAGE,2001–2005,1004,1060379,94.81841977290986,91.07341811944949,94.68312744782762,4.5610419762047885
RJ,330250,MAGE,2006–2010,976,1114365,87.54814630762466,88.86073499265359,87.58351168602746,4.483945741940754
RJ,330250,MAGE,2011–2015,762,1137615,66.9856424821237,66.3669167512735,66.98223915823895,4.219246482210932
RJ,330250,MAGE,2016–2019,648,911298,71.10359721960914,70.435709044173,71.10736553794698,4.278156196326285
RJ,330250,MAGE,2020–2024,1120,1164321,95.57430179396948,99.06762461260614,96.19340370911458,4.576702846088637
RJ,330260,MANGARATIBA,2001–2005,88,139794,64.26239292389911,59.53709905484855,62.94976894573444,4.158097914972734
RJ,330260,MANGARATIBA,2006–2010,119,169144,70.3860008635279,73.80981670562184,70.3542543631462,4.267656968818634
RJ,330260,MANGARATIBA,2011–2015,90,187983,47.973665961528056,44.30544696377378,47.87666969885574,3.889300180358435
RJ,330260,MANGARATIBA,2016–2019,71,157470,45.057586414355754,43.019166114393514,45.08795326093859,3.8305515983030833
RJ,330260,MANGARATIBA,2020–2024,146,208487,69.7100882033794,71.07843137254902,70.02834709118554,4.263079052165754
RJ,330270,MARICA,2001–2005,337,447925,75.5328557709004,70.77927987138393,75.23580956633364,4.33383129411993
RJ,330270,MARICA,2006–2010,323,577286,56.425902896071364,50.995990930559145,55.95146946227693,4.042199492234179
RJ,330270,MARICA,2011–2015,300,711782,41.791444603104495,40.69507182680178,42.14773624508627,3.7646299536986865
RJ,330270,MARICA,2016–2019,266,670438,39.53394858451768,38.858020705799476,39.67555538319725,3.705627307177766
RJ,330270,MARICA,2020–2024,454,988131,45.64883369294576,50.83070551136631,45.94532506317482,3.8489836280272516
RJ,330280,MENDES,2001–2005,66,87403,75.71161341998926,80.09153318077803,75.51228218711029,4.337451279410977
RJ,330280,MENDES,2006–2010,57,89021,64.06862996103499,62.01025987936186,64.02983565675515,4.17484617468665
RJ,330280,MENDES,2011–2015,43,89129,48.2426485079848,61.58324935617512,48.24467906068732,3.896801322404517
RJ,330280,MENDES,2016–2019,35,70652,49.4969345191802,59.39178539428497,49.5385834795901,3.922737073858323
RJ,330280,MENDES,2020–2024,23,88434,25.966371487466272,16.622340425531913,26.00809643349843,3.2961366889602837
RJ,330285,MESQUITA,2001–2005,451,834741,53.988627811571085,65.21049829196356,54.02873466140995,4.007855497193099
RJ,330285,MESQUITA,2006–2010,679,839836,80.83604149104033,79.7775753570642,80.8491181611648,4.404877529918725
RJ,330285,MESQUITA,2011–2015,647,840315,76.99233209227107,76.80445823087777,76.99493642265104,4.356643906924029
RJ,330285,MESQUITA,2016–2019,516,670376,76.9800977332709,76.08032662917833,76.9717292981849,4.3563463160955
RJ,330285,MESQUITA,2020–2024,862,853402,101.02821882394652,102.31739934301459,101.00749705297152,4.625046311102569
RJ,330290,MIGUEL PEREIRA,2001–2005,77,120609,63.79566292875133,61.80724380897442,63.842665141075706,4.171963799370623
RJ,330290,MIGUEL PEREIRA,2006–2010,59,122462,48.19123779654734,44.775511865510644,48.17821038362921,3.895450647017147
RJ,330290,MIGUEL PEREIRA,2011–2015,19,125571,15.263149872856285,7.9138968027856915,15.130882130428205,2.7807355794469597
RJ,330290,MIGUEL PEREIRA,2016–2019,18,103352,17.36804335731337,17.374305781720373,17.416208684882733,2.913231183631371
RJ,330290,MIGUEL PEREIRA,2020–2024,33,134738,24.4987509584683,24.873854026010946,24.49197702207247,3.2383637760736588
RJ,330300,MIRACEMA,2001–2005,59,134988,43.71251930242177,40.677464684564754,43.707588822710164,3.8001432595299716
RJ,330300,MIRACEMA,2006–2010,77,134435,57.28046948664256,52.112413921459144,57.27675084613382,4.065203229020193
RJ,330300,MIRACEMA,2011–2015,65,134262,48.41269540693115,48.40631516234733,48.412804814467236,3.9002095973761977
RJ,330300,MIRACEMA,2016–2019,48,107466,44.66435500915394,46.526655077448346,44.66528948690748,3.821338479484273
RJ,330300,MIRACEMA,2020–2024,63,136688,45.96615338162385,40.93023255813954,46.09036638183308,3.852068444684594
RJ,330310,NATIVIDADE,2001–2005,24,75560,31.765996599190828,26.469031233456857,31.762837480148225,3.489294869402217
RJ,330310,NATIVIDADE,2006–2010,33,75453,43.74135816918796,39.77197401564364,43.73583555325832,3.800774870667051
RJ,330310,NATIVIDADE,2011–2015,9,75400,11.936163672657866,6.6317395052722325,11.936339522546419,2.5600403682620416
RJ,330310,NATIVIDADE,2016–2019,17,60308,28.188521762621278,29.845906721584647,28.18863169065464,3.3737793078048117
RJ,330310,NATIVIDADE,2020–2024,16,76086,21.004055432814237,26.533996683250415,21.028835791078517,3.0923523128939268
RJ,330320,NILOPOLIS,2001–2005,1126,774088,145.56172246621333,155.66765923638877,145.46149791754942,4.986762581066281
RJ,330320,NILOPOLIS,2006–2010,920,783381,117.44247357264446,115.16167419482795,117.4396621822587,4.7744036510025305
RJ,330320,NILOPOLIS,2011–2015,723,773486,93.46045655194514,92.44175522974685,93.47292646537882,4.548313301023047
RJ,330320,NILOPOLIS,2016–2019,419,602736,69.55573076561659,65.31586080075601,69.51633882827639,4.255844439396302
RJ,330320,NILOPOLIS,2020–2024,559,749479,74.68294556561716,75.42189120392194,74.5851451474958,4.325259771120264
RJ,330330,NITEROI,2001–2005,3994,2338631,170.86398294188518,164.96752269109993,170.78367643292165,5.1462359900937
RJ,330330,NITEROI,2006–2010,3208,2409112,133.11984601122398,134.34188882644668,133.16109836321434,4.899041304446365
RJ,330330,NITEROI,2011–2015,2396,2430513,98.56881552941248,99.87915854891612,98.58001170946216,4.600961458802523
RJ,330330,NITEROI,2016–2019,1400,1935685,72.32312191726118,72.60340681661944,72.32581747546733,4.2949127634609985
RJ,330330,NITEROI,2020–2024,1964,2462441,79.55452234496661,78.25651947383389,79.7582561368983,4.391460200057691
RJ,330340,NOVA FRIBURGO,2001–2005,230,879886,26.127087414004166,24.76125089337468,26.139749922149008,3.3009994399998273
RJ,330340,NOVA FRIBURGO,2006–2010,247,901597,27.400449204369373,24.834985319764233,27.395832062440316,3.34624237603232
RJ,330340,NOVA FRIBURGO,2011–2015,204,920087,22.184604736681536,19.563622530771948,22.171816360844137,3.142936728157408
RJ,330340,NOVA FRIBURGO,2016–2019,232,747821,31.00274459142173,31.75990003606267,31.023466845675635,3.4664689729654863
RJ,330340,NOVA FRIBURGO,2020–2024,343,967796,35.418032426176865,34.90367078464435,35.4413533430599,3.5957042106444925
RJ,330350,NOVA IGUACU,2001–2005,4788,3833215,125.07406098607187,111.96363192896601,124.90820368802689,4.835553099277155
RJ,330350,NOVA IGUACU,2006–2010,3465,3938487,88.00963769618826,87.40896469356,87.9779468613201,4.488388550952547
RJ,330350,NOVA IGUACU,2011–2015,3475,3968238,87.5754216072793,85.93241075692342,87.570352383098,4.483797178396596
RJ,330350,NOVA IGUACU,2016–2019,2958,3158992,93.63753451463083,93.61296219019067,93.63746410247319,4.550053424113259
RJ,330350,NOVA IGUACU,2020–2024,4182,4017443,103.77827437533342,107.14281169714468,104.09606309286778,4.654874818502604
RJ,330360,PARACAMBI,2001–2005,274,211872,129.33971928612385,123.64618872071989,129.32336505059658,4.870018785404533
RJ,330360,PARACAMBI,2006–2010,317,228613,137.63189185025993,114.19214444228989,138.66228079767993,4.939227228357716
RJ,330360,PARACAMBI,2011–2015,350,228106,152.79993973125892,117.4541264072334,153.43743698105266,5.039789075694048
RJ,330360,PARACAMBI,2016–2019,134,173788,76.91815907028192,72.91837795516761,77.10543881050475,4.358059693479913
RJ,330360,PARACAMBI,2020–2024,115,211596,54.46432325497345,51.781763404415564,54.34885347549103,4.013655944856837
RJ,330370,PARAIBA DO SUL,2001–2005,62,192398,32.05446768983218,35.71064177124783,32.22486720236177,3.5032986076721873
RJ,330370,PARAIBA DO SUL,2006–2010,60,201624,29.71166186413485,21.90633823386233,29.75836209975003,3.4261618954872888
RJ,330370,PARAIBA DO SUL,2011–2015,43,206635,20.81076906718411,24.244775250933426,20.809640186802817,3.082352082452637
RJ,330370,PARAIBA DO SUL,2016–2019,67,166773,40.1387212829579,39.566771707407725,40.17436875273576,3.7178159451079527
RJ,330370,PARAIBA DO SUL,2020–2024,115,213675,53.68636403269939,54.78668921655034,53.82005382005382,4.004056072633622
RJ,330380,PARATY,2001–2005,68,158808,43.007998783334585,42.04204204204204,42.819001561634174,3.7800675489153646
RJ,330380,PARATY,2006–2010,80,178996,44.63508139474186,41.04849586583006,44.693736172875376,3.8219612244551566
RJ,330380,PARATY,2011–2015,106,196686,53.86481077053444,52.46314464088977,53.893007128112835,4.005385965687024
RJ,330380,PARATY,2016–2019,141,168752,83.56450383329965,82.99011473382014,83.55456527922632,4.437397068910285
RJ,330380,PARATY,2020–2024,189,227751,82.90362015552074,79.71804984475959,82.98536559663843,4.430642564577767
RJ,330385,PATY DO ALFERES,2001–2005,55,126759,43.405392949372434,42.91008386970938,43.38942402511853,3.7930012434321516
RJ,330385,PATY DO ALFERES,2006–2010,26,130339,19.966429940547545,22.76262377176676,19.947981801302756,3.042042307661028
RJ,330385,PATY DO ALFERES,2011–2015,26,135706,19.15510793550557,18.069459000397526,19.159064448145255,3.003654035784359
RJ,330385,PATY DO ALFERES,2016–2019,30,113413,26.489159368539973,26.566408943560802,26.451994039484006,3.3124388079213465
RJ,330385,PATY DO ALFERES,2020–2024,39,149853,25.936137969545246,22.964372416508102,26.025504994894995,3.2967810495632675
RJ,330390,PETROPOLIS,2001–2005,863,1446611,59.71537910816305,53.57408258704061,59.65667342499124,4.105229661076356
RJ,330390,PETROPOLIS,2006–2010,550,1470099,37.409303853674544,37.41280266107062,37.412446372659254,3.648381531364753
RJ,330390,PETROPOLIS,2011–2015,518,1457850,35.511824293536165,36.85918766445853,35.53177624584148,3.5981824639295157
RJ,330390,PETROPOLIS,2016–2019,431,1140624,37.813685257508105,38.75186428204627,37.78633449760833,3.6580679809210594
RJ,330390,PETROPOLIS,2020–2024,711,1422511,49.97488120850069,51.877420098601,49.982038803214884,3.9314733903651495
RJ,330395,PINHEIRAL,2001–2005,58,102028,56.55711223426685,67.57735193319496,56.847140000784094,4.057804014228885
RJ,330395,PINHEIRAL,2006–2010,67,110181,61.24386381039009,45.39058599246516,60.80903241030668,4.1240495092905505
RJ,330395,PINHEIRAL,2011–2015,44,115524,38.12844165185184,38.95429362880887,38.08732384612721,3.6657982161189206
RJ,330395,PINHEIRAL,2016–2019,33,94775,34.77655996630541,29.72223670617241,34.819308889475074,3.5784871024619305
RJ,330395,PINHEIRAL,2020–2024,56,122277,45.64612015597709,49.38678080500452,45.797656141383904,3.8458331192203716
RJ,330400,PIRAI,2001–2005,66,116541,56.609971693485726,51.49993562508047,56.63242978865807,4.0540854264313495
RJ,330400,PIRAI,2006–2010,83,127117,65.3729169584045,61.10477431970018,65.2941778046996,4.194102077418724
RJ,330400,PIRAI,2011–2015,56,132998,42.09614241614101,41.20621839295748,42.10589632926811,3.763659793536127
RJ,330400,PIRAI,2016–2019,54,108134,49.91575779617131,50.114690095553215,49.93803983945845,3.93060998902018
RJ,330400,PIRAI,2020–2024,84,139451,60.1499813236263,65.36847175393932,60.23621200278234,4.114738713925086
RJ,330410,PORCIUNCULA,2001–2005,57,82380,69.25903708601736,71.29277566539925,69.19155134741443,4.251227952612549
RJ,330410,PORCIUNCULA,2006–2010,26,86923,29.94362867636349,34.88980636157469,29.91153089516008,3.431129282421949
RJ,330410,PORCIUNCULA,2011–2015,51,88204,57.75000513724344,56.561085972850684,57.820507006484966,4.074490552716123
RJ,330410,PORCIUNCULA,2016–2019,20,69854,28.63450612424484,25.75872852713809,28.631144959486928,3.388826002738555
RJ,330410,PORCIUNCULA,2020–2024,34,87371,38.95756329791927,33.64737550471063,38.91451396916597,3.686740016377402
RJ,330411,PORTO REAL,2001–2005,25,66556,37.395988564016044,31.04625892579944,37.562353506821324,3.6522765028077284
RJ,330411,PORTO REAL,2006–2010,22,77955,28.476468481527114,27.357909855687026,28.221409787698033,3.3749016525131714
RJ,330411,PORTO REAL,2011–2015,35,87355,39.99156260080838,40.077865567388066,40.06639574151451,3.7151901652061676
RJ,330411,PORTO REAL,2016–2019,30,75469,39.810957921615824,37.12034019171688,39.7514211133048,3.70749071302492
RJ,330411,PORTO REAL,2020–2024,36,101905,35.36498725978787,29.45074363127669,35.32702026397135,3.5925618242614004
RJ,330412,QUATIS,2001–2005,38,56573,67.20672236342655,62.983624257693,67.16985134251321,4.222002404684524
RJ,330412,QUATIS,2006–2010,23,61774,37.284737473423526,39.083873993590245,37.23249263444168,3.643685746588365
RJ,330412,QUATIS,2011–2015,14,65051,21.531455886420723,23.059185242121444,21.521575379317767,3.114473755501408
RJ,330412,QUATIS,2016–2019,22,53367,41.141672503439786,41.21454148824701,41.22397736428879,3.742988243674447
RJ,330412,QUATIS,2020–2024,20,68904,28.8847096709706,22.172949002217294,29.025891094856615,3.4020600459555137
RJ,330414,QUEIMADOS,2001–2005,719,632992,113.01395525614946,135.88351938315202,113.58753349173449,4.741339015568724
RJ,330414,QUEIMADOS,2006–2010,661,673147,98.5253996224516,100.29047091947788,98.19549073233632,4.597092556930402
RJ,330414,QUEIMADOS,2011–2015,332,692991,47.974524626611824,75.03715782334521,47.90827009297379,3.8899465047369204
RJ,330414,QUEIMADOS,2016–2019,442,558229,79.17865752180468,79.05930314892625,79.17897493680908,4.384261322607932
RJ,330414,QUEIMADOS,2020–2024,482,714824,67.22746362802337,66.18133686300463,67.42918536590825,4.225799420259734
RJ,330415,QUISSAMA,2001–2005,30,77027,39.09917463754698,31.255860473838844,38.94738208680074,3.687563140322957
RJ,330415,QUISSAMA,2006–2010,28,93718,30.299561722770143,27.78549597110308,29.87686463646258,3.4300071862083605
RJ,330415,QUISSAMA,2011–2015,22,103806,21.180427830317818,23.68321333838575,21.193379958769242,3.0997940443523166
RJ,330415,QUISSAMA,2016–2019,22,86247,25.53000368986589,25.305040647338625,25.50813361624172,3.277451614813915
RJ,330415,QUISSAMA,2020–2024,40,112523,35.575435066390995,34.56918157462622,35.54828790558375,3.5986343425701537
RJ,330420,RESENDE,2001–2005,273,544601,50.19815281688351,46.19983694175197,50.12844265801935,3.934340950150029
RJ,330420,RESENDE,2006–2010,223,582894,38.271110093212044,39.465669157579555,38.257384704594664,3.670139571871294
RJ,330420,RESENDE,2011–2015,210,610813,34.41162522385264,36.256962984936884,34.380407751635936,3.566158213584276
RJ,330420,RESENDE,2016–2019,192,503331,38.08390046305043,35.76815347149888,38.14587219940755,3.667294981358494
RJ,330420,RESENDE,2020–2024,385,657581,58.349593356111924,53.15947059421343,58.54792033224805,4.086781372139395
RJ,330430,RIO BONITO,2001–2005,114,256936,44.44033517940234,39.97030777136984,44.36902574960301,3.8148296199959653
RJ,330430,RIO BONITO,2006–2010,188,271664,69.21951274021396,63.71165923363976,69.20313328228988,4.251392943686566
RJ,330430,RIO BONITO,2011–2015,163,278657,58.496543324766606,55.74436712161263,58.49485209415159,4.085889789382539
RJ,330430,RIO BONITO,2016–2019,95,224012,42.410675860493704,43.76864940827021,42.40844240487117,3.7706539476465966
RJ,330430,RIO BONITO,2020–2024,154,285455,54.11153455540041,49.8087699012719,53.9489586800021,4.006404730351638
RJ,330440,RIO CLARO,2001–2005,17,82896,20.56122735832339,17.840152235965746,20.507624010808726,3.0684074774299632
RJ,330440,RIO CLARO,2006–2010,15,85898,17.50627581176625,11.56002543205595,17.462571887587604,2.9157455415581155
RJ,330440,RIO CLARO,2011–2015,12,87095,13.777399580542374,17.218619066750847,13.778058441931224,2.693143543016318
RJ,330440,RIO CLARO,2016–2019,8,69640,11.486826176646126,11.486661370580174,11.487650775416428,2.5247402180092022
RJ,330440,RIO CLARO,2020–2024,28,87834,31.985080785127973,40.222950066080564,31.878315914110708,3.4928133497190164
RJ,330450,RIO DAS FLORES,2001–2005,8,39478,20.446367370204978,12.521913348359629,20.264451086681188,3.05703671537837
RJ,330450,RIO DAS FLORES,2006–2010,6,41831,14.126882315683327,11.81753722524226,14.343429513996798,2.7306873377051644
RJ,330450,RIO DAS FLORES,2011–2015,7,43289,16.17951830389915,23.014959723820482,16.170389706391923,2.8431863715878594
RJ,330450,RIO DAS FLORES,2016–2019,6,35218,17.047844321047855,16.962621823135116,17.036742574819694,2.8924109315243256
RJ,330450,RIO DAS FLORES,2020–2024,5,45138,11.117279345892419,11.209505660800358,11.077141211396162,2.491314509813782
RJ,330452,RIO DAS OSTRAS,2001–2005,200,253518,78.48514420626546,78.89829292784393,78.88986186385188,4.38064895941312
RJ,330452,RIO DAS OSTRAS,2006–2010,235,431850,55.722044488587755,57.37839293660273,54.41704295472966,4.014887181005336
RJ,330452,RIO DAS OSTRAS,2011–2015,274,583498,47.142758470288136,43.959667005522434,46.95817295003582,3.8703292341466766
RJ,330452,RIO DAS OSTRAS,2016–2019,258,540627,47.71009626714706,50.1415066465721,47.722366807429154,3.8861382020129205
RJ,330452,RIO DAS OSTRAS,2020–2024,481,785342,60.868643024987236,62.62340965295128,61.24720185600669,4.131113584230221
RJ,330455,RIO DE JANEIRO,2001–2005,43672,29966705,145.8022115875698,143.93793115554072,145.73507497737907,4.988628749804372
RJ,330455,RIO DE JANEIRO,2006–2010,38893,31127319,124.94995723799904,124.9673595760439,124.9481203312113,4.835870078758803
RJ,330455,RIO DE JANEIRO,2011–2015,37939,31464874,120.5672742382872,117.78239210444814,120.57572517213957,4.800537321085053
RJ,330455,RIO DE JANEIRO,2016–2019,33260,25007868,133.00667236277712,133.1272047829752,132.99814282449026,4.897825940336138
RJ,330455,RIO DE JANEIRO,2020–2024,43012,31857259,135.01726150136028,136.57002963867058,135.01475440809267,4.912763368146422
RJ,330460,SANTA MARIA MADALENA,2001–2005,8,52146,15.358987491988945,0.0,15.341541057799256,2.79371039696758
RJ,330460,SANTA MARIA MADALENA,2006–2010,1,51759,1.9377967251235346,0.0,1.932031144342047,1.0756954061856046
RJ,330460,SANTA MARIA MADALENA,2011–2015,10,51494,19.416938996180193,19.447685725398678,19.419738221928768,3.0165019929642765
RJ,330460,SANTA MARIA MADALENA,2016–2019,7,41061,17.050369253181263,19.483704789738084,17.04780692140961,2.893024177198229
RJ,330460,SANTA MARIA MADALENA,2020–2024,9,51703,17.36006244985112,19.517907680296673,17.407113707134982,2.9127372044170095
RJ,330470,SANTO ANTONIO DE PADUA,2001–2005,101,196263,51.36848333477127,46.078230595945115,51.46155923429276,3.960080696343439
RJ,330470,SANTO ANTONIO DE PADUA,2006–2010,93,201015,46.30302074669114,47.26133028207552,46.26520408924707,3.8557743818463828
RJ,330470,SANTO ANTONIO DE PADUA,2011–2015,71,203860,34.82649135977359,29.52029520295203,34.827823015795154,3.5787247707714287
RJ,330470,SANTO ANTONIO DE PADUA,2016–2019,53,164190,32.27748067602307,29.27277069269768,32.27967598513917,3.50494687988215
RJ,330470,SANTO ANTONIO DE PADUA,2020–2024,106,209980,50.263151783930695,54.125288275991906,50.48099819030384,3.941212772405987
RJ,330475,SAO FRANCISCO DE ITABAPOANA,2001–2005,16,200165,8.054301275256925,9.90148027130056,7.993405440511578,2.196491579927198
RJ,330475,SAO FRANCISCO DE ITABAPOANA,2006–2010,28,191202,14.699581016514975,12.838948233360723,14.644198282444746,2.750100131477017
RJ,330475,SAO FRANCISCO DE ITABAPOANA,2011–2015,14,196522,7.165943962894191,7.634559104211732,7.123884348826086,2.094808407874082
RJ,330475,SAO FRANCISCO DE ITABAPOANA,2016–2019,12,168340,7.048897866058315,5.843078750984555,7.128430557205656,2.0953678615303066
RJ,330475,SAO FRANCISCO DE ITABAPOANA,2020–2024,59,217452,27.22472837357146,24.264777249344853,27.13242462704413,3.3369228124255628
RJ,330480,SAO FIDELIS,2001–2005,43,190541,22.48080005592787,23.07396487629791,22.567321468870215,3.1598610689489934
RJ,330480,SAO FIDELIS,2006–2010,49,202017,24.337328391644533,24.7537006782514,24.2553844478435,3.2290393784469362
RJ,330480,SAO FIDELIS,2011–2015,31,203716,15.259451326045209,17.0961045304677,15.217263248836616,2.7860763074991537
RJ,330480,SAO FIDELIS,2016–2019,33,159370,20.730505503723407,23.89761812647255,20.70653196963042,3.077613227676628
RJ,330480,SAO FIDELIS,2020–2024,96,207835,45.191094913455046,37.233547426231034,46.19048764645031,3.8541923393668345
RJ,330490,SAO GONCALO,2001–2005,2869,4612613,62.183775219603106,62.58908763544,62.199018213754336,4.146288766439654
RJ,330490,SAO GONCALO,2006–2010,2838,4885624,58.09563991138159,56.9667387098602,58.08879275195962,4.079041274483104
RJ,330490,SAO GONCALO,2011–2015,2726,4865015,56.035355627441234,56.530148903467904,56.03271521259441,4.043625054285763
RJ,330490,SAO GONCALO,2016–2019,2276,3736421,60.94120820130313,61.992624484906756,60.91390665024097,4.12574481762785
RJ,330490,SAO GONCALO,2020–2024,3562,4602913,77.3064956977837,78.28321126207703,77.38577722411873,4.3616424979413715
RJ,330500,SAO JOAO DA BARRA,2001–2005,20,145607,13.778676011206858,13.28550551348479,13.735603370717067,2.6902665634827665
RJ,330500,SAO JOAO DA BARRA,2006–2010,15,158368,9.551895213751674,9.161144532323572,9.471610426348757,2.3486678264592245
RJ,330500,SAO JOAO DA BARRA,2011–2015,22,168336,13.060221001388774,12.102874432677762,13.0690998954472,2.643980895764154
RJ,330500,SAO JOAO DA BARRA,2016–2019,17,140361,12.089971125166603,12.806189456512172,12.11162644894237,2.573499351784815
RJ,330500,SAO JOAO DA BARRA,2020–2024,92,185098,49.676778606247545,49.21663522270527,49.7034003608899,3.9259929766102903
RJ,330510,SAO JOAO DE MERITI,2001–2005,2171,2261087,96.00176959600603,99.28883542377979,96.01576586836332,4.57487350002144
RJ,330510,SAO JOAO DE MERITI,2006–2010,2269,2284103,99.33756836369813,101.33934642702033,99.33877762955524,4.608552236697222
RJ,330510,SAO JOAO DE MERITI,2011–2015,1981,2270924,87.22249345525385,83.77492470229983,87.23321432157131,4.4799834717340925
RJ,330510,SAO JOAO DE MERITI,2016–2019,1463,1790100,81.72569239974351,79.80705540727924,81.72727780570918,4.415549388100216
RJ,330510,SAO JOAO DE MERITI,2020–2024,1980,2247295,88.05609445015156,88.15332349331277,88.10592289841787,4.489825806997135
RJ,330513,SAO JOSE DE UBA,2001–2005,9,32927,27.416774066331293,30.106879421947916,27.333191605673154,3.3440339656569837
RJ,330513,SAO JOSE DE UBA,2006–2010,8,34408,23.305028758682045,28.81014116969173,23.250406882120437,3.1884333958868742
RJ,330513,SAO JOSE DE UBA,2011–2015,5,35099,14.23853684288014,14.257199885942402,14.245420097438673,2.724279136468463
RJ,330513,SAO JOSE DE UBA,2016–2019,1,28179,3.5501278046009657,0.0,3.5487419709712906,1.5148507048360609
RJ,330513,SAO JOSE DE UBA,2020–2024,12,35704,33.66899000805319,27.804810232170166,33.60967958772126,3.5441333998095788
RJ,330515,SAO JOSE DO VALE DO RIO PRETO,2001–2005,23,97827,23.49168418547483,25.43105640608311,23.510891676122135,3.199117576973024
RJ,330515,SAO JOSE DO VALE DO RIO PRETO,2006–2010,23,100266,22.97941697549358,19.75211100686386,22.93898230706321,3.1755081890785095
RJ,330515,SAO JOSE DO VALE DO RIO PRETO,2011–2015,26,103473,25.13039202037823,24.33682161109759,25.127327901964765,3.2629818126105468
RJ,330515,SAO JOSE DO VALE DO RIO PRETO,2016–2019,18,85506,21.09484989692359,18.57853662276073,21.051154304961056,3.0933649499540117
RJ,330515,SAO JOSE DO VALE DO RIO PRETO,2020–2024,10,111022,9.04019166529746,9.12367136535742,9.007223793482373,2.303307211551907
RJ,330520,SAO PEDRO DA ALDEIA,2001–2005,172,349327,49.03675553265789,48.97234592840856,49.23753388658764,3.916762434302838
RJ,330520,SAO PEDRO DA ALDEIA,2006–2010,136,411826,33.20661233834147,34.106010890402096,33.023655621548905,3.527056036266817
RJ,330520,SAO PEDRO DA ALDEIA,2011–2015,143,458400,31.272257081888228,30.120481927710845,31.195462478184993,3.4718255257941006
RJ,330520,SAO PEDRO DA ALDEIA,2016–2019,131,390647,33.472211674646715,33.315320110225365,33.53411135884827,3.5419475705998615
RJ,330520,SAO PEDRO DA ALDEIA,2020–2024,202,525728,38.17090284925116,37.04570269848698,38.422910706677214,3.6743471373212677
RJ,330530,SAO SEBASTIAO DO ALTO,2001–2005,31,42736,72.77063093189132,58.5000585000585,72.53837514039685,4.297807380720094
RJ,330530,SAO SEBASTIAO DO ALTO,2006–2010,15,43971,34.05062851601022,33.921302578018995,34.11339291805963,3.5585826223116372
RJ,330530,SAO SEBASTIAO DO ALTO,2011–2015,7,42975,16.29282176757067,23.00701714022777,16.28853984874927,2.8500438455072556
RJ,330530,SAO SEBASTIAO DO ALTO,2016–2019,14,32647,42.9947662059865,49.15666857661897,42.882960149477746,3.781526093238302
RJ,330530,SAO SEBASTIAO DO ALTO,2020–2024,7,39384,17.877091693238636,12.755102040816327,17.773715214300225,2.93245776464561
RJ,330540,SAPUCAIA,2001–2005,29,86333,33.61544026565547,17.448961786773687,33.59086328518643,3.5435895802897486
RJ,330540,SAPUCAIA,2006–2010,25,87255,28.66405554214946,34.3092406221409,28.65165320038966,3.3895178810694504
RJ,330540,SAPUCAIA,2011–2015,38,87880,43.258475952716864,45.51661356395084,43.2407828857533,3.7896470533900803
RJ,330540,SAPUCAIA,2016–2019,17,70610,24.06707916619971,25.501714049448523,24.075909927772273,3.2219076214357494
RJ,330540,SAPUCAIA,2020–2024,39,89435,43.60352114848594,44.4247001332741,43.60708894728015,3.7978927914018805
RJ,330550,SAQUAREMA,2001–2005,141,291447,48.31521254754395,44.45788060391585,48.37929366231253,3.89953117968983
RJ,330550,SAQUAREMA,2006–2010,112,346691,32.12222489625752,28.40399449859475,32.30542471538055,3.505720288084705
RJ,330550,SAQUAREMA,2011–2015,184,389095,47.38076044249417,47.00168422701814,47.289222426399725,3.877208397589724
RJ,330550,SAQUAREMA,2016–2019,163,333941,48.89859257272462,48.4970597004291,48.81101751507003,3.90823619480407
RJ,330550,SAQUAREMA,2020–2024,259,452236,56.966199097114426,60.61130833838427,57.270982407415595,4.065104240587525
RJ,330555,SEROPEDICA,2001–2005,265,344591,76.27888452362718,72.57315373896888,76.90276298568448,4.355461420613369
RJ,330555,SEROPEDICA,2006–2010,240,377177,64.25414381607357,59.672992003819076,63.6306031385795,4.16868803140795
RJ,330555,SEROPEDICA,2011–2015,196,393911,49.77928776923745,45.695717295829,49.75743251648215,3.9270580607253676
RJ,330555,SEROPEDICA,2016–2019,134,318737,42.020626026968316,39.570187437504764,42.04093029676504,3.7621515303217246
RJ,330555,SEROPEDICA,2020–2024,174,408639,42.55124305925652,44.81449159138618,42.58037044922291,3.77460682992144
RJ,330560,SILVA JARDIM,2001–2005,33,106451,30.99972815095728,28.182245185533112,31.000178485876134,3.4657414804678006
RJ,330560,SILVA JARDIM,2006–2010,40,106661,37.50235657596338,37.51641343087601,37.501992293340585,3.6507099878338396
RJ,330560,SILVA JARDIM,2011–2015,22,106748,20.60942584282642,18.73536299765808,20.60928541986735,3.073123102867362
RJ,330560,SILVA JARDIM,2016–2019,38,85403,44.49489666253038,42.153579564581165,44.494924065899326,3.817600760742514
RJ,330560,SILVA JARDIM,2020–2024,25,107770,23.287736458272704,18.73448550419184,23.197550338684234,3.1862514023647712
RJ,330570,SUMIDOURO,2001–2005,12,71948,16.596705485751567,13.830302192102899,16.678712403402457,2.872361226695568
RJ,330570,SUMIDOURO,2006–2010,16,73763,21.67864733421744,20.539504313295904,21.691091739761127,3.121972413093081
RJ,330570,SUMIDOURO,2011–2015,18,74880,24.015964788896866,20.065547455019733,24.03846153846154,3.220413104187087
RJ,330570,SUMIDOURO,2016–2019,14,60362,23.21334439181416,26.49578259176013,23.19339982107949,3.186079861297641
RJ,330570,SUMIDOURO,2020–2024,12,76682,15.644223282668381,12.744535780284203,15.649044104222632,2.8123528036205694
RJ,330575,TANGUA,2001–2005,75,136934,55.01751403277755,57.48158792886653,54.77091153402369,4.021252434790461
RJ,330575,TANGUA,2006–2010,62,148712,41.62621064372024,48.66349195314401,41.69132282532681,3.7539956870624964
RJ,330575,TANGUA,2011–2015,36,154101,23.359498997807158,22.712524334847505,23.361302003231646,3.192995889821905
RJ,330575,TANGUA,2016–2019,28,123811,22.609684314246653,24.21742310417713,22.61511497362916,3.1618869720056826
RJ,330575,TANGUA,2020–2024,88,157997,55.686108060499905,54.6869973621566,55.69726007455838,4.037725886366075
RJ,330580,TERESOPOLIS,2001–2005,366,726844,50.50794763685888,49.382716049382715,50.354684086268854,3.9387561510316935
RJ,330580,TERESOPOLIS,2006–2010,265,791515,33.57462751407015,32.22606267021364,33.48009829251499,3.5403822965024205
RJ,330580,TERESOPOLIS,2011–2015,242,820446,29.493377751247408,26.85219089466618,29.496152092886064,3.41760051476543
RJ,330580,TERESOPOLIS,2016–2019,239,658422,36.29802756852708,35.52776041277922,36.298908602689465,3.6189640662401725
RJ,330580,TERESOPOLIS,2020–2024,423,842589,50.18700929057549,55.02546391149096,50.20241185204174,3.935786637421177
RJ,330590,TRAJANO DE MORAES,2001–2005,20,50565,39.60759092368482,19.825535289452816,39.55305052902205,3.702611006561026
RJ,330590,TRAJANO DE MORAES,2006–2010,3,51192,5.84093963488692,0.0,5.860290670417253,1.925749812621076
RJ,330590,TRAJANO DE MORAES,2011–2015,9,51460,17.49138955520747,9.71628449280995,17.489312087057908,2.917192840112978
RJ,330590,TRAJANO DE MORAES,2016–2019,5,41189,12.138751033326141,9.71250980413058,12.139163368860618,2.5755973404708556
RJ,330590,TRAJANO DE MORAES,2020–2024,2,52034,3.8833066447502977,0.0,3.843640696467694,1.577666647974366
RJ,330600,TRES RIOS,2001–2005,219,367876,59.614762271239286,62.98263869872391,59.53092889995543,4.103154455894477
RJ,330600,TRES RIOS,2006–2010,156,381564,40.84640209078365,41.32658332472363,40.884360159763496,3.7349124913702783
RJ,330600,TRES RIOS,2011–2015,190,388298,48.917232869862055,50.26809651474531,48.93149076224962,3.91065188111166
RJ,330600,TRES RIOS,2016–2019,223,312008,71.44841165545938,69.22463865815554,71.47252634547831,4.283207543083166
RJ,330600,TRES RIOS,2020–2024,359,397435,90.31034680523888,89.8941921063181,90.3292362273076,4.514470957888674
RJ,330610,VALENCA,2001–2005,99,339633,29.264014313061345,27.528252680382497,29.14911095211596,3.406155435246422
RJ,330610,VALENCA,2006–2010,87,353524,24.605734353598898,22.812820805292574,24.609361740645618,3.2429579776301005
RJ,330610,VALENCA,2011–2015,84,354433,23.70201982719965,23.98250687733653,23.69982479058101,3.206796150110028
RJ,330610,VALENCA,2016–2019,100,277893,36.04711803435809,37.44117714855005,35.98507339155718,3.610514409397932
RJ,330610,VALENCA,2020–2024,142,346378,40.959268607439505,39.301310043668124,40.9956752449636,3.7375666426235474
RJ,330615,VARRE-SAI,2001–2005,2,41559,4.77108691193994,0.0,4.812435332900214,1.7599996453290419
RJ,330615,VARRE-SAI,2006–2010,1,45646,2.1507688998817076,0.0,2.1907724663716426,1.1602630399501763
RJ,330615,VARRE-SAI,2011–2015,2,48266,4.169707078077765,0.0,4.143703642315502,1.6377733729730806
RJ,330615,VARRE-SAI,2016–2019,1,39705,2.4952590078850183,0.0,2.518574486840448,1.2580559322559328
RJ,330615,VARRE-SAI,2020–2024,2,51378,3.7868029915743633,0.0,3.8927167270037764,1.5877477171105068
RJ,330620,VASSOURAS,2001–2005,141,161568,87.49535181757487,92.84763702763765,87.26975638740345,4.480397539171116
RJ,330620,VASSOURAS,2006–2010,114,168997,67.54803626777392,66.84103458297007,67.45681876009634,4.2262031634289485
RJ,330620,VASSOURAS,2011–2015,66,171505,38.47298291101143,32.102728731942214,38.48284306579983,3.6758662247840284
RJ,330620,VASSOURAS,2016–2019,48,136552,35.158443404354706,35.15145391114241,35.15144413849669,3.587716896312986
RJ,330620,VASSOURAS,2020–2024,83,172871,48.04744389050486,47.344528921937226,48.01267997524165,3.8920790396390816
RJ,330630,VOLTA REDONDA,2001–2005,653,1233455,52.82027640853114,60.04587504853708,52.94072341512256,3.987885729099637
RJ,330630,VOLTA REDONDA,2006–2010,577,1272926,45.350597195918006,44.38770499852696,45.32863654289409,3.8357602697465136
RJ,330630,VOLTA REDONDA,2011–2015,798,1293691,61.68201062899692,63.69426751592356,61.68397244782564,4.138105792120092
RJ,330630,VOLTA REDONDA,2016–2019,863,1040588,82.90695004459687,80.3313345708973,82.93387969109773,4.430029342346262
RJ,330630,VOLTA REDONDA,2020–2024,1160,1334326,86.61046999051847,85.63902386805472,86.9352766865069,4.47660105167234
SP,350010,ADAMANTINA,2001–2005,25,167935,14.890453775171531,11.930682733319413,14.88671212076101,2.7654830441457503
SP,350010,ADAMANTINA,2006–2010,26,168685,15.413367837526227,14.833714065327678,15.413344399324185,2.7980946868553196
SP,350010,ADAMANTINA,2011–2015,28,170087,16.468695640149466,17.638239703677574,16.462163481042055,2.860036453447761
SP,350010,ADAMANTINA,2016–2019,24,137402,17.446650414593826,13.101850649201294,17.4669946580108,2.9159850661915216
SP,350010,ADAMANTINA,2020–2024,26,174639,14.868053142708959,17.297546631302794,14.887854373879831,2.7655549414677485
SP,350020,ADOLFO,2001–2005,4,18227,21.907497896461827,0.0,21.9454655181873,3.133120336078004
SP,350020,ADOLFO,2006–2010,1,17911,5.544774050457444,0.0,5.583161185863435,1.8845150533543613
SP,350020,ADOLFO,2011–2015,4,18709,21.482429300188983,27.188689505165847,21.380084451333584,3.1081714763946926
SP,350020,ADOLFO,2016–2019,3,16140,18.851730890358244,12.709710218607016,18.587360594795538,2.9748844906074465
SP,350020,ADOLFO,2020–2024,5,21729,22.749464676330966,22.983222247759134,23.010722996916563,3.1785005221045166
SP,350030,AGUAI,2001–2005,35,146660,23.945349581691282,26.57189357956621,23.864721123687442,3.2134499764869733
SP,350030,AGUAI,2006–2010,49,156603,31.343392935011924,31.93357815743254,31.2893111881637,3.4747362524944547
SP,350030,AGUAI,2011–2015,49,160645,30.50072350888205,24.909702329057165,30.502038656665317,3.450052262996603
SP,350030,AGUAI,2016–2019,26,128402,20.247960709410492,20.2504837216785,20.248905780283796,3.0563054013521045
SP,350030,AGUAI,2020–2024,52,161600,32.02296898539804,37.41581441756048,32.17821782178218,3.501893570896051
SP,350040,AGUAS DA PRATA,2001–2005,11,36321,30.372483542494383,41.557002354896795,30.28550976019383,3.4431550433944165
SP,350040,AGUAS DA PRATA,2006–2010,1,37456,2.703067982159751,0.0,2.6697992310978216,1.3001369551471458
SP,350040,AGUAS DA PRATA,2011–2015,0,37650,0.0,0.0,0.0,0.0
SP,350040,AGUAS DA PRATA,2016–2019,1,29796,3.3521051220166265,0.0,3.3561551886159213,1.4715898308401312
SP,350040,AGUAS DA PRATA,2020–2024,4,37049,10.75177601686155,13.478905512872354,10.796512726389375,2.4678039561316143
SP,350050,AGUAS DE LINDOIA,2001–2005,21,82532,25.47001941650276,17.943656917279743,25.444676004458877,3.2750548527680516
SP,350050,AGUAS DE LINDOIA,2006–2010,12,85229,14.111199498465021,11.73364623056615,14.079714651116403,2.7133504400610193
SP,350050,AGUAS DE LINDOIA,2011–2015,5,87150,5.740935195839545,5.701254275940707,5.737234652897303,1.9076495518450602
SP,350050,AGUAS DE LINDOIA,2016–2019,15,70713,21.206124849377794,22.600140745115894,21.21250689406474,3.1006555038494215
SP,350050,AGUAS DE LINDOIA,2020–2024,11,89954,12.223493989671946,11.224604332697274,12.228472330302155,2.582371501338902
SP,350055,AGUAS DE SANTA BARBARA,2001–2005,3,26673,11.170080634349574,18.487705675725643,11.247328759419638,2.5053078527565584
SP,350055,AGUAS DE SANTA BARBARA,2006–2010,1,27618,3.6717459151826697,0.0,3.620826996886089,1.5305736927294025
SP,350055,AGUAS DE SANTA BARBARA,2011–2015,2,29809,6.64651106302333,0.0,6.709383072226508,2.042438167801304
SP,350055,AGUAS DE SANTA BARBARA,2016–2019,5,26167,19.077900232051043,15.61082896632993,19.10803684029503,3.001119577949947
SP,350055,AGUAS DE SANTA BARBARA,2020–2024,10,35791,28.178266665956453,27.00148508167949,27.93998491240815,3.3652241998627788
SP,350060,AGUAS DE SAO PEDRO,2001–2005,1,10513,9.876543209876543,0.0,9.512032721392561,2.352520574503065
SP,350060,AGUAS DE SAO PEDRO,2006–2010,2,12604,15.048153099536119,0.0,15.867978419549349,2.8254170565112724
SP,350060,AGUAS DE SAO PEDRO,2011–2015,3,13625,22.018561650158567,0.0,22.01834862385321,3.1362916641372784
SP,350060,AGUAS DE SAO PEDRO,2016–2019,1,11009,9.051412020275162,0.0,9.083477155054956,2.310898159018256
SP,350060,AGUAS DE SAO PEDRO,2020–2024,3,13955,21.50487477501795,35.34817956875221,21.49767108563239,3.1134117965478967
SP,350070,AGUDOS,2001–2005,47,165420,28.30794416828622,27.20430432548439,28.412525692177486,3.381420627565296
SP,350070,AGUDOS,2006–2010,42,170536,24.615926581284477,23.314099201492102,24.628230989351223,3.2436945168995415
SP,350070,AGUDOS,2011–2015,53,176446,30.115139441676167,30.94668729779153,30.037518560919487,3.435196748850038
SP,350070,AGUDOS,2016–2019,36,145860,24.573058245337055,17.931351796200047,24.681201151789384,3.2457592515514735
SP,350070,AGUDOS,2020–2024,62,189375,32.7372215656657,32.08041490669946,32.739273927392745,3.518662557247645
SP,350075,ALAMBARI,2001–2005,0,19933,0.0,0.0,0.0,0.0
SP,350075,ALAMBARI,2006–2010,0,23058,0.0,0.0,0.0,0.0
SP,350075,ALAMBARI,2011–2015,1,25868,3.941663381947181,0.0,3.865780114427091,1.5822270551831208
SP,350075,ALAMBARI,2016–2019,3,22548,13.098434340082271,8.62217623728229,13.304949441192123,2.6606055921506426
SP,350075,ALAMBARI,2020–2024,6,30642,19.389395783472782,16.59751037344398,19.580967299784607,3.0243667312345157
SP,350080,ALFREDO MARCONDES,2001–2005,0,18771,0.0,0.0,0.0,0.0
SP,350080,ALFREDO MARCONDES,2006–2010,1,19257,5.21920668058455,0.0,5.192916861401049,1.8234061972575535
SP,350080,ALFREDO MARCONDES,2011–2015,2,20116,10.05530417295123,0.0,9.942334460131239,2.3926391618104956
SP,350080,ALFREDO MARCONDES,2016–2019,1,16916,5.813953488372094,0.0,5.911563017261764,1.9331958086209624
SP,350080,ALFREDO MARCONDES,2020–2024,3,22244,13.488996701447002,0.0,13.48678295270635,2.67323671323608
SP,350090,ALTAIR,2001–2005,5,18067,27.462905740878984,27.464982147761603,27.67476614822605,3.3560175077328704
SP,350090,ALTAIR,2006–2010,2,18781,10.608829483570453,0.0,10.649060220435546,2.4552255089841166
SP,350090,ALTAIR,2011–2015,6,18605,32.21019193716352,27.329871549603716,32.249395323837675,3.5040365811872576
SP,350090,ALTAIR,2016–2019,2,14333,13.781697905181918,0.0,13.953812879369286,2.7049663094172685
SP,350090,ALTAIR,2020–2024,4,17384,22.920043204760916,28.74389192296637,23.00966405890474,3.1784564184195228
SP,350100,ALTINOPOLIS,2001–2005,10,77594,12.888606872118771,12.898232942086933,12.887594401628991,2.630995952539692
SP,350100,ALTINOPOLIS,2006–2010,4,77908,5.134297178468676,0.0,5.134260923140114,1.813889601980094
SP,350100,ALTINOPOLIS,2011–2015,3,79510,3.7732868936215906,6.249609399412537,3.773110300591121,1.5629981470362584
SP,350100,ALTINOPOLIS,2016–2019,12,65414,18.316958497084173,18.212146097728898,18.34469685388449,2.9624183175145458
SP,350100,ALTINOPOLIS,2020–2024,19,84284,22.61665851555521,23.932033026205577,22.54283137962128,3.1588213741072564
SP,350110,ALTO ALEGRE,2001–2005,1,21065,4.783544606553456,0.0,4.747211013529551,1.7487146960134654
SP,350110,ALTO ALEGRE,2006–2010,2,20667,9.67716522621237,0.0,9.67726326994726,2.3681165525626073
SP,350110,ALTO ALEGRE,2011–2015,4,20176,19.882052834307313,0.0,19.825535289452816,3.036179891897965
SP,350110,ALTO ALEGRE,2016–2019,7,15748,44.50242228504021,50.79801828378394,44.4500889001778,3.8166147766210865
SP,350110,ALTO ALEGRE,2020–2024,25,19331,129.5524566994836,77.25985063095546,129.3259531322746,4.870038644130396
SP,350115,ALUMINIO,2001–2005,16,78567,20.343184731162804,19.47546091924176,20.364784196927463,3.0617439682692886
SP,350115,ALUMINIO,2006–2010,14,82552,16.878308328088146,18.353113911660344,16.9590076557806,2.8880918083286518
SP,350115,ALUMINIO,2011–2015,9,84767,10.620082179238961,11.770244821092279,10.61733929477273,2.452498748851212
SP,350115,ALUMINIO,2016–2019,9,68505,13.14933193246242,14.60060453034946,13.137727173199035,2.6488469101512644
SP,350115,ALUMINIO,2020–2024,33,86822,37.940230548070765,34.393809114359414,38.008799613001315,3.6637872517813754
SP,350120,ALVARES FLORENCE,2001–2005,4,20931,19.260799883815036,23.646252069047055,19.110410396063255,3.001237611137903
SP,350120,ALVARES FLORENCE,2006–2010,2,19888,9.90492279690886,0.0,10.056315366049878,2.4030017910441406
SP,350120,ALVARES FLORENCE,2011–2015,2,19506,10.253781081773905,0.0,10.253255408592228,2.420657456443749
SP,350120,ALVARES FLORENCE,2016–2019,0,15632,0.0,0.0,0.0,0.0
SP,350120,ALVARES FLORENCE,2020–2024,0,19664,0.0,0.0,0.0,0.0
SP,350130,ALVARES MACHADO,2001–2005,8,114568,6.979732558972293,8.66438504527141,6.982752601075344,2.0772832894625757
SP,350130,ALVARES MACHADO,2006–2010,15,116701,12.83789877065792,12.901006278489723,12.853360296826935,2.628527823915229
SP,350130,ALVARES MACHADO,2011–2015,13,122004,10.558099637656978,8.197729229003565,10.655388347923019,2.4557685922177273
SP,350130,ALVARES MACHADO,2016–2019,11,103156,10.611826044002369,11.564343710185158,10.663461165613246,2.45646097783547
SP,350130,ALVARES MACHADO,2020–2024,36,136767,26.351605812920432,22.56317689530686,26.322139112505212,3.3076973300453796
SP,350140,ALVARO DE CARVALHO,2001–2005,7,21324,33.1854468552407,46.3284688441047,32.82686175201651,3.52125521325219
SP,350140,ALVARO DE CARVALHO,2006–2010,79,22686,346.21232234299885,418.8712522045855,348.2323900202768,5.855737574590312
SP,350140,ALVARO DE CARVALHO,2011–2015,120,23445,511.264659434995,426.53017701002346,511.83621241202815,6.239956520141331
SP,350140,ALVARO DE CARVALHO,2016–2019,99,18993,521.2811897119885,472.5267115505402,521.2446690886115,6.258136192799343
SP,350140,ALVARO DE CARVALHO,2020–2024,105,24132,435.1211402241589,453.4212695795548,435.1069119840875,6.077887424262415
SP,350150,ALVINLANDIA,2001–2005,4,14425,27.615778177705796,34.28179636612958,27.729636048526864,3.3579292049167666
SP,350150,ALVINLANDIA,2006–2010,1,14834,6.704659738518271,0.0,6.741270055278414,2.0465657639696246
SP,350150,ALVINLANDIA,2011–2015,0,14855,0.0,0.0,0.0,0.0
SP,350150,ALVINLANDIA,2016–2019,3,11710,25.57980900409277,0.0,25.619128949615714,3.2816300907792986
SP,350150,ALVINLANDIA,2020–2024,4,14510,27.551037734004275,34.21142661648991,27.56719503790489,3.3522590328405912
SP,350160,AMERICANA,2001–2005,227,953145,23.894662089156583,22.561519492103468,23.815893699279755,3.2114843228692282
SP,350160,AMERICANA,2006–2010,270,1023729,26.367926245019525,26.13892840446976,26.374167382188055,3.3095997724115747
SP,350160,AMERICANA,2011–2015,314,1085081,29.006461337726677,31.494434416365824,28.937931822601264,3.3991262992041014
SP,350160,AMERICANA,2016–2019,184,907623,20.249058067521773,19.39274895275175,20.27273438421018,3.0574261768597535
SP,350160,AMERICANA,2020–2024,203,1193281,17.009593675236975,16.62240781658592,17.011919237798974,2.8910337186295267
SP,350170,AMERICO BRASILIENSE,2001–2005,445,150144,295.92949811093104,293.9543390926609,296.3821398124467,5.695017977792475
SP,350170,AMERICO BRASILIENSE,2006–2010,177,165764,108.34348769578062,120.70006035003017,106.77831133418594,4.68007644467233
SP,350170,AMERICO BRASILIENSE,2011–2015,119,170538,69.68793315252981,79.16263523616853,69.77916945196965,4.259564740629336
SP,350170,AMERICO BRASILIENSE,2016–2019,51,134236,37.992076309270985,34.14231632667442,37.992788819690695,3.66337672697394
SP,350170,AMERICO BRASILIENSE,2020–2024,47,166558,28.246021317694982,26.957407296471576,28.218398395754033,3.374798592902257
SP,350180,AMERICO DE CAMPOS,2001–2005,6,28137,21.37404713210133,17.699115044247787,21.324234993069624,3.1056728593476532
SP,350180,AMERICO DE CAMPOS,2006–2010,1,28417,3.5050823694356823,0.0,3.5190203047471584,1.5082952236138167
SP,350180,AMERICO DE CAMPOS,2011–2015,2,28733,6.985689797370162,0.0,6.960637594403647,2.0745090964479274
SP,350180,AMERICO DE CAMPOS,2016–2019,3,23232,12.908103911545117,8.577800651912849,12.913223140495868,2.6328396930043882
SP,350180,AMERICO DE CAMPOS,2020–2024,3,29465,10.148002862358428,16.73640167364017,10.181571355845918,2.414267008462977
SP,350190,AMPARO,2001–2005,134,309937,43.186138901760316,42.30944476990171,43.234592836608726,3.7895071263402285
SP,350190,AMPARO,2006–2010,104,323555,32.17980685975939,32.73475495697718,32.142912333297275,3.500828887838407
SP,350190,AMPARO,2011–2015,63,331837,18.991202671846644,16.484833952763456,18.98522467355961,2.9949932342096575
SP,350190,AMPARO,2016–2019,58,268732,21.583062316812633,18.55250189518759,21.582840897250794,3.117190365566174
SP,350190,AMPARO,2020–2024,74,342046,21.606313940523876,22.94992612992527,21.634516994790175,3.1194760417952208
SP,350200,ANALANDIA,2001–2005,1,18915,5.385029617662897,0.0,5.286809410520751,1.838453694088668
SP,350200,ANALANDIA,2006–2010,0,20708,0.0,0.0,0.0,0.0
SP,350200,ANALANDIA,2011–2015,1,21826,4.581901489117984,0.0,4.5816915605241455,1.7194918775007755
SP,350200,ANALANDIA,2016–2019,1,17903,5.570409982174688,0.0,5.585656035301346,1.8848939559430842
SP,350200,ANALANDIA,2020–2024,5,23011,21.68253558823964,21.570319240724764,21.728738429446786,3.123630133880086
SP,350210,ANDRADINA,2001–2005,111,276064,40.20809444203867,41.631219794739984,40.208067694447664,3.718634055012072
SP,350210,ANDRADINA,2006–2010,103,276497,37.250978182624735,36.167019295104794,37.25176041693038,3.6441895831855105
SP,350210,ANDRADINA,2011–2015,122,282083,43.127543095504095,46.087850533555496,43.24968183123407,3.7898481811734914
SP,350210,ANDRADINA,2016–2019,110,232302,47.393409718956605,44.079899122482665,47.35215366204338,3.878510764072609
SP,350210,ANDRADINA,2020–2024,162,300294,53.95305633162335,53.68210433849006,53.9471318108254,4.006371483142047
SP,350220,ANGATUBA,2001–2005,12,100660,12.024314481784835,9.660902328277462,11.92131929266839,2.55887860557697
SP,350220,ANGATUBA,2006–2010,23,107992,21.385146098397946,22.512381809995496,21.29787391658641,3.104491333857531
SP,350220,ANGATUBA,2011–2015,15,113254,13.187849993286415,17.43071291615827,13.244565313366415,2.6563754524520857
SP,350220,ANGATUBA,2016–2019,18,93306,19.25035382666362,17.246756922584183,19.29136389942769,3.0101953718559047
SP,350220,ANGATUBA,2020–2024,32,120376,26.52983055794356,29.330428224252074,26.58337210075098,3.3172131310533675
SP,350230,ANHEMBI,2001–2005,5,24236,20.918264418212054,21.101498206372653,20.63046707377455,3.0741028335263025
SP,350230,ANHEMBI,2006–2010,10,27059,37.477866927219516,37.8000378000378,36.95628071990835,3.6364349900138797
SP,350230,ANHEMBI,2011–2015,0,28291,0.0,0.0,0.0,0.0
SP,350230,ANHEMBI,2016–2019,5,22664,22.05752712681168,17.646023020166506,22.061418990469466,3.1381610476601964
SP,350230,ANHEMBI,2020–2024,12,28502,42.14021628165722,34.96503496503497,42.10230860992211,3.763576559710516
SP,350240,ANHUMAS,2001–2005,3,17531,17.219588367314536,0.0,17.11254349438138,2.8966047089900253
SP,350240,ANHUMAS,2006–2010,2,18353,10.799136069114471,0.0,10.897400969868686,2.4763199703700556
SP,350240,ANHUMAS,2011–2015,2,19037,10.57121507582661,0.0,10.505857015286022,2.4428562113941332
SP,350240,ANHUMAS,2016–2019,1,15656,6.367804381049414,0.0,6.3873275421563624,1.9997660379123663
SP,350240,ANHUMAS,2020–2024,4,20168,19.895590567375756,24.600246002460022,19.833399444664817,3.0365574414131222
SP,350250,APARECIDA,2001–2005,101,174674,57.82115297408602,51.555250042962705,57.821999839701384,4.074515931862768
SP,350250,APARECIDA,2006–2010,64,174932,36.584126386937214,34.3092406221409,36.58564470765783,3.626622187805658
SP,350250,APARECIDA,2011–2015,106,171911,61.660724793840245,64.76302619958787,61.659812344759786,4.1377202907024495
SP,350250,APARECIDA,2016–2019,57,133853,42.52976017736354,43.32799133150103,42.58402874795485,3.774690770125647
SP,350250,APARECIDA,2020–2024,88,164415,53.48261082910589,48.83110541414881,53.52309704102423,3.998624410809677
SP,350260,APARECIDA DOESTE,2001–2005,1,23923,4.223864836325237,0.0,4.18007774944614,1.6448200657043364
SP,350260,APARECIDA DOESTE,2006–2010,0,22717,0.0,0.0,0.0,0.0
SP,350260,APARECIDA DOESTE,2011–2015,3,21781,13.77549017812051,0.0,13.773472292364906,2.6928331597983135
SP,350260,APARECIDA DOESTE,2016–2019,1,16876,5.904581955597544,0.0,5.925574780753733,1.9352210494598878
SP,350260,APARECIDA DOESTE,2020–2024,3,20575,14.627137105074116,24.301336573511545,14.580801944106927,2.746039511782046
SP,350270,APIAI,2001–2005,25,132783,18.846621850410184,19.114611208808014,18.827711378715648,2.9870805238044342
SP,350270,APIAI,2006–2010,26,127874,20.299297489929977,19.25891687851475,20.33251481927522,3.0602324261090237
SP,350270,APIAI,2011–2015,6,125191,4.789475154594896,4.002081082162725,4.792676789865086,1.7565944973360101
SP,350270,APIAI,2016–2019,10,99242,10.092782470814424,6.035575048764483,10.076378952459644,2.4048148185605287
SP,350270,APIAI,2020–2024,17,123526,13.757297568782969,16.073294221650727,13.762284863105744,2.692075608215309
SP,350275,ARACARIGUAMA,2001–2005,13,63491,20.563985595899688,16.466326362588507,20.475342961994613,3.0669054380335807
SP,350275,ARACARIGUAMA,2006–2010,33,78565,41.57097963692375,48.60098590571409,42.00343664481639,3.761280034472446
SP,350275,ARACARIGUAMA,2011–2015,32,90514,35.54987972202714,33.800912624640866,35.35364694964315,3.5932945276854005
SP,350275,ARACARIGUAMA,2016–2019,21,78958,26.50020131617002,23.271442253417426,26.596418348995666,3.317685994338329
SP,350275,ARACARIGUAMA,2020–2024,60,107353,55.638074021029276,53.11700226954464,55.89038033403818,4.0411262641688985
SP,350280,ARACATUBA,2001–2005,365,864347,42.275958742210285,38.180966209844904,42.22841058047289,3.7664979314173013
SP,350280,ARACATUBA,2006–2010,274,895265,30.7048542390462,38.51709195955706,30.605463186877625,3.453329991310547
SP,350280,ARACATUBA,2011–2015,179,930299,19.226213768370705,20.260075388806843,19.24112570259669,3.0077164605898847
SP,350280,ARACATUBA,2016–2019,152,771861,19.6627661726384,20.21187949416363,19.692664871006567,3.0297792834154347
SP,350280,ARACATUBA,2020–2024,306,1007229,30.318779294222246,32.7277102635062,30.38038023130788,3.446182864226629
SP,350290,ARACOIABA DA SERRA,2001–2005,13,109186,11.80751497472619,13.318534961154272,11.906288351986518,2.557714661739382
SP,350290,ARACOIABA DA SERRA,2006–2010,21,128155,16.316708081519483,18.315689219385327,16.3864070851703,2.855688698921483
SP,350290,ARACOIABA DA SERRA,2011–2015,23,142545,16.24314856118146,14.236902050113894,16.13525553334035,2.841138068161996
SP,350290,ARACOIABA DA SERRA,2016–2019,26,121653,21.330775838084094,24.633664862728736,21.372263733734474,3.1078219654529926
SP,350290,ARACOIABA DA SERRA,2020–2024,31,162646,18.923540950961165,20.798668885191347,19.059798580967254,2.99871774165423
SP,350300,ARAMINA,2001–2005,2,24385,8.3315975838367,0.0,8.201763379126513,2.2193951373325183
SP,350300,ARAMINA,2006–2010,0,25361,0.0,0.0,0.0,0.0
SP,350300,ARAMINA,2011–2015,0,26090,0.0,0.0,0.0,0.0
SP,350300,ARAMINA,2016–2019,0,21272,0.0,0.0,0.0,0.0
SP,350300,ARAMINA,2020–2024,2,27190,7.308605883427736,0.0,7.35564545788893,2.1229374131494616
SP,350310,ARANDU,2001–2005,10,30412,32.89100232958556,32.943501894251355,32.881757201104826,3.5228767338788183
SP,350310,ARANDU,2006–2010,3,30557,9.826953639011943,0.0,9.817717707890171,2.381185318441558
SP,350310,ARANDU,2011–2015,4,31529,12.657766606574421,15.552099533437012,12.68673284912303,2.6164269584533417
SP,350310,ARANDU,2016–2019,1,26357,3.8127192313558034,0.0,3.794058504382138,1.5673773396052582
SP,350310,ARANDU,2020–2024,6,34472,17.44132955013616,14.524328249818446,17.405430494314224,2.9126457566315636
SP,350315,ARAPEI,2001–2005,0,12900,0.0,0.0,0.0,0.0
SP,350315,ARAPEI,2006–2010,4,12588,31.81677151207875,39.92015968063872,31.776294884016526,3.489705537153589
SP,350315,ARAPEI,2011–2015,5,12256,40.338846308995564,0.0,40.79634464751958,3.7328088870829235
SP,350315,ARAPEI,2016–2019,0,9560,0.0,0.0,0.0,0.0
SP,350315,ARAPEI,2020–2024,1,11726,8.539709649871904,0.0,8.528057308545113,2.254240846785657
SP,350320,ARARAQUARA,2001–2005,270,949986,28.502201795563472,28.567273331671238,28.421471474316462,3.3817247300447724
SP,350320,ARARAQUARA,2006–2010,236,1015878,23.268211567783847,22.754624245304964,23.231136022238893,3.1876384186752587
SP,350320,ARARAQUARA,2011–2015,231,1083117,21.30627664836924,19.607932548712032,21.32733582798534,3.105811749642605
SP,350320,ARARAQUARA,2016–2019,167,916290,18.223197179147043,18.34939817171545,18.225670912047494,2.9562464126786288
SP,350320,ARARAQUARA,2020–2024,226,1217284,18.537329548238198,19.419938331787666,18.56592216771107,2.973789388091675
SP,350330,ARARAS,2001–2005,218,542043,40.25584137483196,38.24265877532438,40.21821147030771,3.7188801846691195
SP,350330,ARARAS,2006–2010,159,578887,27.487680163499228,28.009978554860172,27.466500370538636,3.3487279703249944
SP,350330,ARARAS,2011–2015,164,608744,26.95199860433118,29.21511506581748,26.94071728017032,3.3300850256600043
SP,350330,ARARAS,2016–2019,169,504905,33.4734636379907,31.949411980742227,33.47164318040028,3.5401370492620616
SP,350330,ARARAS,2020–2024,201,657877,30.52433273210871,28.81823085619703,30.55282370412706,3.4516630843208125
SP,350335,ARCO-IRIS,2001–2005,0,10445,0.0,0.0,0.0,0.0
SP,350335,ARCO-IRIS,2006–2010,0,9854,0.0,0.0,0.0,0.0
SP,350335,ARCO-IRIS,2011–2015,0,9771,0.0,0.0,0.0,0.0
SP,350335,ARCO-IRIS,2016–2019,0,7996,0.0,0.0,0.0,0.0
SP,350335,ARCO-IRIS,2020–2024,2,10251,19.762845849802368,0.0,19.5102916788606,3.0209267932830506
SP,350340,AREALVA,2001–2005,8,37094,21.59123688264299,26.535756932466498,21.56683021512913,3.116481138570791
SP,350340,AREALVA,2006–2010,4,38592,10.345697676981686,12.753475322025253,10.364842454394694,2.4305245948586385
SP,350340,AREALVA,2011–2015,5,39561,12.62364899098064,12.714558169103624,12.638709840499482,2.6129120614680885
SP,350340,AREALVA,2016–2019,3,32082,9.308675685739109,0.0,9.35103796521414,2.3370868011771435
SP,350340,AREALVA,2020–2024,8,40802,19.605346281690856,12.374706100730108,19.60688201558747,3.0256250984303397
SP,350350,AREIAS,2001–2005,14,18143,77.22586593466245,82.46289169873558,77.16474673427768,4.358818736881745
SP,350350,AREIAS,2006–2010,4,18383,21.83119364742295,27.19608376393799,21.75923407496056,3.1249709564493746
SP,350350,AREIAS,2011–2015,2,18330,10.925996889030548,0.0,10.911074740861975,2.4774686178234115
SP,350350,AREIAS,2016–2019,4,14484,27.674145822746134,27.616733131903803,27.616680475006905,3.3539897812031643
SP,350350,AREIAS,2020–2024,1,17987,5.554012774229381,0.0,5.559570801134153,1.8809251741592015
SP,350360,AREIOPOLIS,2001–2005,9,51901,17.35137694919239,19.162594615310912,17.340706344771778,2.9091229799782687
SP,350360,AREIOPOLIS,2006–2010,0,52609,0.0,0.0,0.0,0.0
SP,350360,AREIOPOLIS,2011–2015,3,52326,5.698924227114676,0.0,5.7332874670335965,1.9070635038891552
SP,350360,AREIOPOLIS,2016–2019,6,41185,14.621358271307647,14.594279042615295,14.568410829185382,2.7452439144316196
SP,350360,AREIOPOLIS,2020–2024,18,50950,35.371108481847045,39.34297236156192,35.328753680078506,3.5926095401142057
SP,350370,ARIRANHA,2001–2005,0,38923,0.0,0.0,0.0,0.0
SP,350370,ARIRANHA,2006–2010,2,41614,4.840161532304689,0.0,4.806074878646609,1.7589047622892737
SP,350370,ARIRANHA,2011–2015,2,41506,4.890092481333357,0.0,4.818580446200549,1.7610563224050308
SP,350370,ARIRANHA,2016–2019,3,31776,9.549882886874896,6.325110689437065,9.441087613293051,2.345748754546883
SP,350370,ARIRANHA,2020–2024,3,38311,7.790845329117398,0.0,7.830649160815431,2.178228529559721
SP,350380,ARTUR NOGUEIRA,2001–2005,19,180714,10.462428756310711,5.866478939340608,10.51385061478358,2.4435507119453406
SP,350380,ARTUR NOGUEIRA,2006–2010,19,208697,8.951845609586359,11.318106707110035,9.104107869303343,2.3129420608921674
SP,350380,ARTUR NOGUEIRA,2011–2015,19,229507,8.309370593248266,6.536802196365539,8.278614595633249,2.2277122463896992
SP,350380,ARTUR NOGUEIRA,2016–2019,29,194402,14.8194200089339,12.37392961822639,14.917542000596702,2.767421771548358
SP,350380,ARTUR NOGUEIRA,2020–2024,50,257883,19.163427786957676,23.32089552238806,19.388637482889525,3.0149777595429055
SP,350390,ARUJA,2001–2005,123,317771,38.87752510621628,37.78397015066358,38.70711927771886,3.6815304985106807
SP,350390,ARUJA,2006–2010,110,357488,30.784107638376877,30.80533959219598,30.7702636172403,3.4585307459253216
SP,350390,ARUJA,2011–2015,116,388503,29.94460866603714,26.37756851573422,29.858199293184352,3.4294024943959975
SP,350390,ARUJA,2016–2019,98,328273,29.873641061547428,30.112135800710206,29.85320145123114,3.429240519723446
SP,350390,ARUJA,2020–2024,158,435141,36.39386366960533,36.64519179620545,36.31006960962079,3.6192632529408084
SP,350395,ASPASIA,2001–2005,1,9226,10.840108401084011,0.0,10.838933448948623,2.471393545073098
SP,350395,ASPASIA,2006–2010,1,9096,10.995052226498077,0.0,10.993843447669306,2.484393472107298
SP,350395,ASPASIA,2011–2015,0,9086,0.0,0.0,0.0,0.0
SP,350395,ASPASIA,2016–2019,2,7318,27.330036898164053,27.262813522355508,27.329871549603716,3.343916779755327
SP,350395,ASPASIA,2020–2024,1,9247,10.678056593699946,0.0,10.814318157240185,2.469312199048933
SP,350400,ASSIS,2001–2005,130,447771,28.986719172575512,24.997159413702988,29.032697517257706,3.4022867053755075
SP,350400,ASSIS,2006–2010,207,467587,44.30574652490779,39.17088297698711,44.26983641546921,3.812640947910727
SP,350400,ASSIS,2011–2015,209,483379,43.20348785195178,45.03305835874972,43.23729413151999,3.7895681919511173
SP,350400,ASSIS,2016–2019,124,396058,31.32976384593997,31.802156473628564,31.3085457180514,3.475331768549548
SP,350400,ASSIS,2020–2024,198,510273,38.705193518657595,34.88244615645276,38.802758523378664,3.68393621952122
SP,350410,ATIBAIA,2001–2005,175,578525,30.275076599930134,29.013704708753608,30.249340996499722,3.4419982878480444
SP,350410,ATIBAIA,2006–2010,134,617015,21.618255121964218,21.883079516627088,21.71746229832338,3.123133892998594
SP,350410,ATIBAIA,2011–2015,144,669983,21.470604961304907,20.514022799871054,21.493082660306307,3.1132078246221138
SP,350410,ATIBAIA,2016–2019,174,583233,29.87859271463607,30.787514733551397,29.833702825457404,3.428608339306816
SP,350410,ATIBAIA,2020–2024,239,795477,29.95162373908687,31.317188920942165,30.04486616206377,3.4354334537128226
SP,350420,AURIFLAMA,2001–2005,17,68581,24.77494383795148,21.98124267291911,24.78820664615564,3.2499172806842855
SP,350420,AURIFLAMA,2006–2010,13,70309,18.53306960314894,21.44082332761578,18.48980927050591,2.969891727453418
SP,350420,AURIFLAMA,2011–2015,9,70365,12.777621402041905,14.125291334133767,12.790449797484545,2.6239763089298687
SP,350420,AURIFLAMA,2016–2019,9,55525,16.200911472215935,17.96084345785968,16.20891490319676,2.8454275578694355
SP,350420,AURIFLAMA,2020–2024,8,68857,11.634751598828561,7.259001161440186,11.618281365728974,2.535146664458046
SP,350430,AVAI,2001–2005,2,23511,8.57223080343378,0.0,8.506656458678917,2.2519922331059066
SP,350430,AVAI,2006–2010,0,24421,0.0,0.0,0.0,0.0
SP,350430,AVAI,2011–2015,1,24178,4.1017227235438884,0.0,4.135991397137894,1.6362728913741649
SP,350430,AVAI,2016–2019,0,18625,0.0,0.0,0.0,0.0
SP,350430,AVAI,2020–2024,2,22583,8.848225195453352,0.0,8.856219279989372,2.2881026549192174
SP,350440,AVANHANDAVA,2001–2005,20,47578,42.36181631772092,53.89673385792821,42.03623523477237,3.7620424407166397
SP,350440,AVANHANDAVA,2006–2010,77,53849,142.73849542466718,152.38095238095238,142.99244182807482,4.969760810893458
SP,350440,AVANHANDAVA,2011–2015,88,56490,155.7685280199112,141.66814237648308,155.77978403257214,5.054842171240633
SP,350440,AVANHANDAVA,2016–2019,65,45123,144.0451736080961,124.10800344048097,144.05070584845865,4.977083376797963
SP,350440,AVANHANDAVA,2020–2024,56,56589,98.83731949425207,96.91629955947137,98.95916167453039,4.604761719322244
SP,350450,AVARE,2001–2005,150,391805,38.32458847694941,40.83924651590178,38.284350633606,3.670826236864238
SP,350450,AVARE,2006–2010,175,408023,42.95493263987277,47.33079241710884,42.889739058827566,3.781680558337916
SP,350450,AVARE,2011–2015,153,426531,35.94036507411612,35.83587170757929,35.87078078732847,3.6074193887869077
SP,350450,AVARE,2016–2019,102,355911,28.606858841987307,25.96249760560493,28.658850105784875,3.389760566766902
SP,350450,AVARE,2020–2024,152,466361,32.52211285184832,30.454975581635647,32.592776840258935,3.514311068866429
SP,350460,BADY BASSITT,2001–2005,6,61994,9.803050263610789,8.261049153242462,9.678355969932575,2.3682188862832074
SP,350460,BADY BASSITT,2006–2010,4,69707,5.510876017954193,0.0,5.738304617900641,1.9078083529118057
SP,350460,BADY BASSITT,2011–2015,12,85578,13.681818311033163,11.717148046165564,14.022295449765126,2.7095354608753057
SP,350460,BADY BASSITT,2016–2019,17,86429,19.82172552988107,21.31634736321687,19.669323953765517,3.028650666519496
SP,350460,BADY BASSITT,2020–2024,41,134686,29.804682942282305,34.5913037462382,30.441174286859805,3.4481183169544694
SP,350470,BALBINOS,2001–2005,1,9056,9.0702947845805,0.0,11.042402826855124,2.488433990305969
SP,350470,BALBINOS,2006–2010,89,15207,554.6281962538326,564.9717514124294,585.2567896363516,6.373757901162681
SP,350470,BALBINOS,2011–2015,175,18737,933.4645295621837,952.8851244044469,933.9808934194374,6.840526094234371
SP,350470,BALBINOS,2016–2019,228,15266,1494.4762944277195,1561.8398569485519,1493.5150006550505,7.309557018913533
SP,350470,BALBINOS,2020–2024,164,19502,840.1195312164884,800.8266597778351,840.9393908317096,6.735708029266328
SP,350480,BALSAMO,2001–2005,7,37889,18.450961940024026,25.843132187621137,18.475019134841247,2.969132574289898
SP,350480,BALSAMO,2006–2010,5,39950,12.571153263815196,12.784454103809768,12.515644555694617,2.603847870466485
SP,350480,BALSAMO,2011–2015,6,42494,14.187255085792179,11.92890373374687,14.119640419823975,2.715994588710923
SP,350480,BALSAMO,2016–2019,2,36124,5.500346736002172,5.425935973955507,5.536485439043296,1.8773996263791561
SP,350480,BALSAMO,2020–2024,6,47981,12.398002136194458,20.296326364927946,12.50494987599258,2.6030562757228877
SP,350490,BANANAL,2001–2005,50,49318,101.11845513357922,110.95420617308856,101.38286224096679,4.628719337670946
SP,350490,BANANAL,2006–2010,15,50596,29.54625212225583,9.781864423359092,29.64661238042533,3.422522130349648
SP,350490,BANANAL,2011–2015,11,50795,21.705530579692585,9.84348853233586,21.65567477113889,3.120410362320831
SP,350490,BANANAL,2016–2019,43,40254,106.88709606583377,114.35323754476018,106.82168231728525,4.680478772918725
SP,350490,BANANAL,2020–2024,32,50118,63.88535981704712,59.35305173607676,63.84931561514826,4.172066357355159
SP,350500,BARAO DE ANTONINA,2001–2005,3,14438,20.936655640955667,0.0,20.778501177448398,3.0809232986744286
SP,350500,BARAO DE ANTONINA,2006–2010,3,15246,19.397070571682526,0.0,19.67729240456513,3.029036112855864
SP,350500,BARAO DE ANTONINA,2011–2015,1,16078,6.220839813374805,0.0,6.219679064560268,1.9768105010248351
SP,350500,BARAO DE ANTONINA,2016–2019,1,13478,7.3811632713315625,0.0,7.419498441905327,2.130550259010347
SP,350500,BARAO DE ANTONINA,2020–2024,7,17675,39.54732648061426,28.32058906825262,39.603960396039604,3.7038656085508
SP,350510,BARBOSA,2001–2005,13,30275,42.90906335686512,48.95561357702349,42.93971924029728,3.782818677320604
SP,350510,BARBOSA,2006–2010,8,32176,25.022047478761866,15.733165512901197,24.86325211337643,3.2528231238813454
SP,350510,BARBOSA,2011–2015,10,31710,31.50400133591459,30.731407498463426,31.5357931251971,3.4823408102492377
SP,350510,BARBOSA,2016–2019,4,23922,16.99795028558451,8.41609156707625,16.72100994900092,2.874750938417401
SP,350510,BARBOSA,2020–2024,2,28451,7.080292611154766,0.0,7.029629889986293,2.0831384359856537
SP,350520,BARIRI,2001–2005,26,145994,17.866990944196502,17.516816143497756,17.80895105278299,2.934332876355705
SP,350520,BARIRI,2006–2010,12,154462,7.756181221467843,6.548359635911204,7.768901088940969,2.1712114951054775
SP,350520,BARIRI,2011–2015,18,157967,11.394748922726729,9.495774380400722,11.394784986737736,2.517275818562815
SP,350520,BARIRI,2016–2019,19,126376,15.034500221561057,11.078052794834463,15.034500221561055,2.7747426646868925
SP,350520,BARIRI,2020–2024,44,159187,27.575317777558563,25.320462098433296,27.640448026534827,3.3548199853546845
SP,350530,BARRA BONITA,2001–2005,55,177073,31.05442486128134,28.198403970335278,31.060636008877694,3.467628985065661
SP,350530,BARRA BONITA,2006–2010,42,176470,23.796633056267634,22.635957218040858,23.80007933359778,3.210846852101214
SP,350530,BARRA BONITA,2011–2015,39,175094,22.261642117195308,25.589991470002843,22.273750099946312,3.1473261203225045
SP,350530,BARRA BONITA,2016–2019,22,138723,15.877668887751028,20.184276998505325,15.85894192022952,2.824881193797154
SP,350530,BARRA BONITA,2020–2024,48,173169,27.75204613330912,29.052876234747238,27.71858704502538,3.3575445453731727
SP,350535,BARRA DO CHAPEU,2001–2005,6,24811,24.248863441280683,20.475020475020475,24.182822135343194,3.226162100784777
SP,350535,BARRA DO CHAPEU,2006–2010,1,25811,3.9362330249950803,0.0,3.8743171516020305,1.5839800231726362
SP,350535,BARRA DO CHAPEU,2011–2015,0,26139,0.0,0.0,0.0,0.0
SP,350535,BARRA DO CHAPEU,2016–2019,0,20813,0.0,0.0,0.0,0.0
SP,350535,BARRA DO CHAPEU,2020–2024,3,26026,11.472416747846651,0.0,11.526934603857681,2.52788109443314
SP,350540,BARRA DO TURVO,2001–2005,13,39962,32.59274698437693,37.17932829346883,32.53090435914119,3.5124675317559597
SP,350540,BARRA DO TURVO,2006–2010,13,39017,33.28390100318377,38.446751249519416,33.318809749596326,3.5356935930625455
SP,350540,BARRA DO TURVO,2011–2015,2,37535,5.380683346785042,0.0,5.328360197149327,1.8450411500131239
SP,350540,BARRA DO TURVO,2016–2019,6,28738,20.846671902634732,14.0561320654068,20.878279629758506,3.0854943469377263
SP,350540,BARRA DO TURVO,2020–2024,6,34651,17.366778755414693,14.543339150668993,17.315517589679953,2.907748656256245
SP,350550,BARRETOS,2001–2005,165,531553,30.989004140889953,32.9241333897747,31.041119135815244,3.467020050922704
SP,350550,BARRETOS,2006–2010,208,552098,37.67338953990277,36.781270976818604,37.67447083669928,3.6551797140565223
SP,350550,BARRETOS,2011–2015,195,573088,34.072251708437975,31.64334434990507,34.026187950192636,3.556096008855394
SP,350550,BARRETOS,2016–2019,127,473947,26.81128978076153,26.373901368172895,26.796245149774133,3.3249009450193956
SP,350550,BARRETOS,2020–2024,215,615885,34.75346377973293,32.657060048169164,34.90911452625084,3.5809911497955964
SP,350560,BARRINHA,2001–2005,25,127139,19.68674110496256,15.99360255897641,19.66351788200316,3.0283697242207004
SP,350560,BARRINHA,2006–2010,24,137943,17.406454712133165,18.729397662571174,17.398490680933428,2.9122686330403025
SP,350560,BARRINHA,2011–2015,31,146792,21.08885670325151,20.642675290717676,21.118317074499974,3.0964060921368137
SP,350560,BARRINHA,2016–2019,34,122782,27.653854083556972,29.065385916322963,27.691355410402178,3.356595872181707
SP,350560,BARRINHA,2020–2024,45,161144,27.814520700302342,27.580289286589853,27.925333862880407,3.364717815377187
SP,350570,BARUERI,2001–2005,622,1087890,57.351628572439644,56.08370262765938,57.17489819742805,4.063453959250048
SP,350570,BARUERI,2006–2010,556,1169614,47.50042566124847,47.62185716814309,47.53705068509782,3.8823274379476778
SP,350570,BARUERI,2011–2015,581,1289594,45.15044722862875,44.476236717357224,45.05293914208658,3.8297915856827527
SP,350570,BARUERI,2016–2019,488,1142873,42.72904227689028,42.375939954908276,42.699407545720305,3.777334544703472
SP,350570,BARUERI,2020–2024,717,1581858,45.211835331367695,40.40835062810741,45.32644523086143,3.8357129693288545
SP,350580,BASTOS,2001–2005,10,102725,9.733268311793434,4.867364322219518,9.734728644439036,2.373484153362357
SP,350580,BASTOS,2006–2010,16,102368,15.628491146075064,19.52362358453729,15.629884338855891,2.8112013382110708
SP,350580,BASTOS,2011–2015,6,103525,5.799948015249631,4.829751267809708,5.795701521371649,1.9162902830941035
SP,350580,BASTOS,2016–2019,13,84400,15.420570252540703,16.592691366884136,15.402843601895736,2.7974547101592777
SP,350580,BASTOS,2020–2024,29,107840,26.77575323387315,27.648495461038664,26.891691394658753,3.3283288450016544
SP,350590,BATATAIS,2001–2005,55,263353,20.896230143477876,20.473877193962068,20.884516219674733,3.0857793648319167
SP,350590,BATATAIS,2006–2010,16,276827,5.813511497334327,5.365286595725655,5.779783041394083,1.9139451016459168
SP,350590,BATATAIS,2011–2015,18,284760,6.3280708238129515,5.238253217160517,6.321112515802781,1.990762299458136
SP,350590,BATATAIS,2016–2019,24,230690,10.393971853168921,12.12067667592611,10.403571893016602,2.433926630273577
SP,350590,BATATAIS,2020–2024,35,293723,11.853205587982714,10.273620766412108,11.91598887387096,2.558465991473465
SP,350600,BAURU,2001–2005,677,1621015,41.77362275169648,43.37197381909944,41.76395653340654,3.7556956107211827
SP,350600,BAURU,2006–2010,774,1690982,45.73614232630496,46.62168700134587,45.77221992901166,3.8452894354181257
SP,350600,BAURU,2011–2015,1136,1762217,64.4228397592153,64.17220667953863,64.46425156493213,4.181504216015756
SP,350600,BAURU,2016–2019,1023,1462216,69.98098743485805,70.60072106272648,69.96230379095839,4.262148803525023
SP,350600,BAURU,2020–2024,1198,1905394,62.80462160161535,63.55047742628543,62.87413521822783,4.156914509774339
SP,350610,BEBEDOURO,2001–2005,88,374405,23.505140439786544,25.381049706782086,23.503959615923932,3.1988347214685517
SP,350610,BEBEDOURO,2006–2010,104,374955,27.738074891553463,29.345462791287062,27.736661732741265,3.3581737198592863
SP,350610,BEBEDOURO,2011–2015,114,376837,30.25272271992906,29.27634205413462,30.251806483970523,3.4420771819986786
SP,350610,BEBEDOURO,2016–2019,106,303474,34.93186027281872,35.640290340802295,34.928857167335586,3.5815407934204466
SP,350610,BEBEDOURO,2020–2024,82,384278,21.350575172441715,19.669293610102148,21.33871832371356,3.106321420630598
SP,350620,BENTO DE ABREU,2001–2005,3,12376,24.335462349957815,39.96802557953637,24.240465416936004,3.2284484771597395
SP,350620,BENTO DE ABREU,2006–2010,5,13079,38.242590520142045,37.39715781600598,38.22922241761603,3.669421938908936
SP,350620,BENTO DE ABREU,2011–2015,2,13284,15.054572826496047,0.0,15.055706112616681,2.7760643074287037
SP,350620,BENTO DE ABREU,2016–2019,1,10525,9.469696969696969,0.0,9.501187648456057,2.3514883601438616
SP,350620,BENTO DE ABREU,2020–2024,5,13101,38.113231545425606,38.211692777990066,38.16502557056713,3.667784143712315
SP,350630,BERNARDINO DE CAMPOS,2001–2005,11,53681,20.49337633549424,18.64801864801865,20.491421545798328,3.067653857642942
SP,350630,BERNARDINO DE CAMPOS,2006–2010,13,53819,24.15131823356947,18.590816136828405,24.15503818354113,3.225058201872606
SP,350630,BERNARDINO DE CAMPOS,2011–2015,28,54887,50.63453287159611,18.33348611238427,51.01390128810101,3.9515110153179527
SP,350630,BERNARDINO DE CAMPOS,2016–2019,85,45152,188.32411899693597,194.83168860171085,188.25301204819277,5.243084807901302
SP,350630,BERNARDINO DE CAMPOS,2020–2024,52,58187,89.27008788658858,92.81133985825177,89.36704074793339,4.50387960742145
SP,350635,BERTIOGA,2001–2005,163,172853,94.45542323834574,96.88313126280241,94.29978073854663,4.557027509907737
SP,350635,BERTIOGA,2006–2010,144,217693,66.54286025315412,65.0790590050135,66.14819952869408,4.206902109932105
SP,350635,BERTIOGA,2011–2015,164,256811,63.81666068796917,65.90641289369096,63.860192904509546,4.172234075042334
SP,350635,BERTIOGA,2016–2019,186,229690,80.65165015191558,81.04835517281768,80.97871043580477,4.406459584723204
SP,350635,BERTIOGA,2020–2024,361,320268,111.4048835399728,78.58932167591729,112.71809859242883,4.73372256656237
SP,350640,BILAC,2001–2005,2,31813,6.334461206804134,0.0,6.286738125923365,1.9860560008835269
SP,350640,BILAC,2006–2010,3,34231,9.026628554234993,0.0,8.763985860769479,2.2787007044314964
SP,350640,BILAC,2011–2015,4,35574,11.261742578233328,0.0,11.244167088322934,2.5050496675371727
SP,350640,BILAC,2016–2019,1,28865,3.480924533556112,0.0,3.4644032565390614,1.4961355562452325
SP,350640,BILAC,2020–2024,3,36730,8.223738694089619,13.663068725235687,8.167710318540703,2.215687562455376
SP,350650,BIRIGUI,2001–2005,175,492174,35.454787421392766,36.07354881266491,35.556530820400916,3.5988598520508077
SP,350650,BIRIGUI,2006–2010,126,528486,23.91350890346462,23.99646771995162,23.841691170627037,3.2125233373011897
SP,350650,BIRIGUI,2011–2015,119,556055,21.443686714249424,23.20537650723383,21.40076071611621,3.1090949188252504
SP,350650,BIRIGUI,2016–2019,83,460121,18.03421413254435,18.126738936091918,18.038733289721616,2.946475498248898
SP,350650,BIRIGUI,2020–2024,128,598229,21.405322301169438,21.32996604269406,21.396488635622813,3.108904189235011
SP,350660,BIRITIBA MIRIM,2001–2005,19,128876,14.658388027400198,15.294612472756473,14.742853595704398,2.756386522345243
SP,350660,BIRITIBA MIRIM,2006–2010,21,138748,15.151566100932751,14.417531718569782,15.135353302389944,2.7810127219106144
SP,350660,BIRITIBA MIRIM,2011–2015,42,144243,29.09828057005418,31.00027555800496,29.11753083338533,3.405107421928093
SP,350660,BIRITIBA MIRIM,2016–2019,39,117051,33.347655638119264,30.71842688574359,33.318809749596326,3.5356935930625455
SP,350660,BIRITIBA MIRIM,2020–2024,51,149395,34.1017664748763,33.22038402763936,34.13768867766659,3.559274305913476
SP,350670,BOA ESPERANCA DO SUL,2001–2005,13,64430,20.19230569418037,23.09291047648372,20.176936209840136,3.052912674839109
SP,350670,BOA ESPERANCA DO SUL,2006–2010,16,67123,23.76608665936846,21.98607548552583,23.836836851749773,3.212327908044891
SP,350670,BOA ESPERANCA DO SUL,2011–2015,12,67376,17.829754665755644,14.904240256352933,17.810496319164095,2.9344150288853097
SP,350670,BOA ESPERANCA DO SUL,2016–2019,24,52898,45.449876163906914,49.143546948044815,45.37033536239556,3.8366599306911167
SP,350670,BOA ESPERANCA DO SUL,2020–2024,24,65288,36.77629193119534,38.06623524933384,36.76020095576523,3.6312556631848874
SP,350680,BOCAINA,2001–2005,11,49242,22.602656758490937,20.312817387771684,22.33865399455749,3.1501109557249176
SP,350680,BOCAINA,2006–2010,11,52808,20.944646844058674,18.939393939393938,20.830177245871837,3.083293289900024
SP,350680,BOCAINA,2011–2015,14,54790,25.52500603024972,27.213352685050797,25.552108048914036,3.2791091437417994
SP,350680,BOCAINA,2016–2019,7,44430,15.751894866152917,13.538341786713902,15.755120414134595,2.818703907921706
SP,350680,BOCAINA,2020–2024,12,56505,21.24641630186023,26.162030173541467,21.23705866737457,3.1017602064712158
SP,350690,BOFETE,2001–2005,13,39889,33.102194815015565,38.654812524159254,32.59043846674522,3.514241457029485
SP,350690,BOFETE,2006–2010,10,45613,22.490334818911574,10.969723562966214,21.923574419573367,3.132165831675658
SP,350690,BOFETE,2011–2015,6,49111,12.21826282158354,10.253255408592228,12.217222210909979,2.581520692141716
SP,350690,BOFETE,2016–2019,9,40545,22.138507197866637,24.54415712250331,22.197558268590456,3.1440470260898907
SP,350690,BOFETE,2020–2024,11,52423,20.8618016323463,19.389238972370336,20.983156248211664,3.0902765350364607
SP,350700,BOITUVA,2001–2005,51,190548,26.75171535137311,24.54047952096984,26.76490962906984,3.3237729798375564
SP,350700,BOITUVA,2006–2010,44,225923,19.42721343307938,16.603415559772294,19.47566206185293,3.019236964349596
SP,350700,BOITUVA,2011–2015,50,256252,19.63439557956419,17.91436931467585,19.51204283283643,3.0210121689203824
SP,350700,BOITUVA,2016–2019,43,223812,19.19176491171826,20.937734233022077,19.21255339302629,3.006303866484216
SP,350700,BOITUVA,2020–2024,57,305372,18.628553414636144,19.646043777934217,18.665758484733374,2.978878975428968
SP,350710,BOM JESUS DOS PERDOES,2001–2005,23,74995,30.855878631693496,32.102728731942214,30.668711247416496,3.455329166556045
SP,350710,BOM JESUS DOS PERDOES,2006–2010,24,91245,26.63721270737231,23.744509082274725,26.302811112937697,3.306989668059626
SP,350710,BOM JESUS DOS PERDOES,2011–2015,16,101304,15.706018853247565,10.055304172951232,15.794045644791915,2.8210243976802643
SP,350710,BOM JESUS DOS PERDOES,2016–2019,8,84463,9.472693581451557,11.808647225706427,9.47160295040432,2.348667112533973
SP,350710,BOM JESUS DOS PERDOES,2020–2024,16,110169,14.44479986162591,13.33274076707702,14.523141718632282,2.7423319245930644
SP,350715,BOM SUCESSO DE ITARARE,2001–2005,2,16648,12.19729000354073,0.0,12.01345506967804,2.56598382757263
SP,350715,BOM SUCESSO DE ITARARE,2006–2010,6,17502,34.23226864692775,29.146021568055964,34.28179636612958,3.5633671472496444
SP,350715,BOM SUCESSO DE ITARARE,2011–2015,0,17835,0.0,0.0,0.0,0.0
SP,350715,BOM SUCESSO DE ITARARE,2016–2019,2,14244,14.042973985178698,14.037057832678272,14.040999719180006,2.7107797870027754
SP,350715,BOM SUCESSO DE ITARARE,2020–2024,4,17861,22.456366476722273,27.917364600781685,22.39516264486871,3.1525292764149246
SP,350720,BORA,2001–2005,137,3990,3425.031289111389,0.0,3433.583959899749,8.141651079387966
SP,350720,BORA,2006–2010,4,4015,99.75108753809292,0.0,99.62640099626401,4.6114146585860425
SP,350720,BORA,2011–2015,0,4147,0.0,0.0,0.0,0.0
SP,350720,BORA,2016–2019,0,3469,0.0,0.0,0.0,0.0
SP,350720,BORA,2020–2024,1,4539,22.497187851518564,0.0,22.03128442388191,3.136853484048223
SP,350730,BORACEIA,2001–2005,1,19455,5.141388174807197,0.0,5.140066820868672,1.8148356249774669
SP,350730,BORACEIA,2006–2010,0,20787,0.0,0.0,0.0,0.0
SP,350730,BORACEIA,2011–2015,0,21880,0.0,0.0,0.0,0.0
SP,350730,BORACEIA,2016–2019,1,18169,5.435964340073928,0.0,5.503880235566075,1.8723989581101146
SP,350730,BORACEIA,2020–2024,6,23620,25.34305252070759,20.968756552736423,25.402201524132092,3.2734473977410383
SP,350740,BORBOREMA,2001–2005,13,67908,19.104275161283653,14.869888475836431,19.143547152029214,3.0028839965106395
SP,350740,BORBOREMA,2006–2010,6,71264,8.420393387602479,13.89854065323141,8.419398293668612,2.242771211141422
SP,350740,BORBOREMA,2011–2015,10,72264,13.855290974999997,13.837957517470421,13.838149009188532,2.6972015001207734
SP,350740,BORBOREMA,2016–2019,5,57355,8.713024266245029,6.986416757997464,8.71763577717723,2.273942356085756
SP,350740,BORBOREMA,2020–2024,19,71488,26.56717629497505,28.01905295601009,26.577887197851386,3.3170142631164343
SP,350745,BOREBI,2001–2005,1,10176,10.0,0.0,9.827044025157234,2.382047080558347
SP,350745,BOREBI,2006–2010,2,11083,17.747468752017205,0.0,18.045655508436344,2.94683901826376
SP,350745,BOREBI,2011–2015,2,11958,16.966851499575018,0.0,16.725204883759826,2.874987631378739
SP,350745,BOREBI,2016–2019,1,10189,9.611687812379854,0.0,9.814505839630975,2.38088836623267
SP,350745,BOREBI,2020–2024,4,13563,29.697097050890317,0.0,29.492000294920004,3.4174643637980724
SP,350750,BOTUCATU,2001–2005,117,568614,20.5699579444664,21.45385633067544,20.57634880604417,3.0715977520973814
SP,350750,BOTUCATU,2006–2010,201,616528,32.51947842778126,31.32857908405128,32.60192562219397,3.514583375511337
SP,350750,BOTUCATU,2011–2015,330,657919,50.12787386051615,48.409777238183786,50.15815016742183,3.9349218182661168
SP,350750,BOTUCATU,2016–2019,192,552820,34.814934209068866,36.97832640618117,34.73101552042256,3.576019093697542
SP,350750,BOTUCATU,2020–2024,193,728970,26.356279639725166,26.178912197306328,26.475712306404926,3.3133024255734553
SP,350760,BRAGANCA PAULISTA,2001–2005,306,656087,46.834358144260335,44.97499695084766,46.640155954926705,3.863676018094812
SP,350760,BRAGANCA PAULISTA,2006–2010,217,710777,30.667005342167442,30.959970165846933,30.52996931527047,3.450938500364947
SP,350760,BRAGANCA PAULISTA,2011–2015,238,768904,30.867330262710603,27.509208875410124,30.953148897651726,3.4642707330141196
SP,350760,BRAGANCA PAULISTA,2016–2019,205,659597,31.104292497906673,31.33627609572357,31.079583442617235,3.4682197979581866
SP,350760,BRAGANCA PAULISTA,2020–2024,197,887614,22.16271953238216,21.25386303321347,22.194332220987953,3.1439079480064733
SP,350770,BRAUNA,2001–2005,3,22831,13.202819351035663,0.0,13.140028908063597,2.6490097048838472
SP,350770,BRAUNA,2006–2010,3,24435,12.172639373097763,0.0,12.277470841006753,2.5860686771912564
SP,350770,BRAUNA,2011–2015,3,25514,11.780323722543013,19.387359441644048,11.758250372344596,2.546178150360278
SP,350770,BRAUNA,2016–2019,0,20912,0.0,0.0,0.0,0.0
SP,350770,BRAUNA,2020–2024,7,26859,26.010391585356295,18.772292096865026,26.062027625749284,3.2981315506726987
SP,350775,BREJO ALEGRE,2001–2005,5,11924,42.67987468967283,0.0,41.93223750419322,3.7596230007057465
SP,350775,BREJO ALEGRE,2006–2010,3,12590,24.176577989127633,0.0,23.828435266084195,3.2119895796561613
SP,350775,BREJO ALEGRE,2011–2015,2,12855,15.558150934033682,0.0,15.55814858031894,2.806878342001571
SP,350775,BREJO ALEGRE,2016–2019,5,10272,48.67601836599265,58.39605698909476,48.67601246105919,3.905522169932425
SP,350775,BREJO ALEGRE,2020–2024,3,12887,23.151431000493766,0.0,23.279273686660975,3.189623051685419
SP,350780,BRODOWSKI,2001–2005,15,91260,16.3124062768366,16.44376233282175,16.43655489809336,2.8585688587202487
SP,350780,BRODOWSKI,2006–2010,4,101274,3.8504476008470236,4.837461300309598,3.9496810632541424,1.5993231428389603
SP,350780,BRODOWSKI,2011–2015,8,110341,7.239931856432458,8.800880088008801,7.250251493098666,2.110243683893921
SP,350780,BRODOWSKI,2016–2019,17,94333,17.94041949245654,15.048376548372433,18.021265092809514,2.9455575687228333
SP,350780,BRODOWSKI,2020–2024,24,126345,19.032725530557606,24.16334420683823,18.99560726581978,2.9955126127213054
SP,350790,BROTAS,2001–2005,14,98302,14.260559266585009,15.261738820776312,14.241826209029318,2.724043373068261
SP,350790,BROTAS,2006–2010,11,105079,10.408124358446873,13.901760889712696,10.46831431589566,2.4395879557285127
SP,350790,BROTAS,2011–2015,9,110696,8.139052489444218,8.95776414207014,8.13037508130375,2.2116067760525904
SP,350790,BROTAS,2016–2019,10,92007,10.915962093768798,10.878552085708385,10.868738248176768,2.4739079054296185
SP,350790,BROTAS,2020–2024,10,119671,8.375714079132916,8.440243079000675,8.356243367231826,2.236043860272452
SP,350800,BURI,2001–2005,11,89523,12.270664200744665,11.170688114387847,12.287345151525306,2.5868120899049822
SP,350800,BURI,2006–2010,16,91864,17.406878672011587,21.77226213803614,17.41705129321606,2.9132769362111848
SP,350800,BURI,2011–2015,18,94860,18.992497341689138,21.084813662959252,18.975332068311197,2.9944981157099626
SP,350800,BURI,2016–2019,13,78402,16.522471374568376,12.820370019773488,16.5812096630188,2.8668306989352352
SP,350800,BURI,2020–2024,31,101448,30.571187884599482,29.62962962962963,30.55752700891097,3.451812134507968
SP,350810,BURITAMA,2001–2005,21,71538,29.55693474713838,21.1954217888936,29.355028096955465,3.4129621741940745
SP,350810,BURITAMA,2006–2010,8,75467,10.631253461730651,6.697475051905432,10.60065989107822,2.451061983656221
SP,350810,BURITAMA,2011–2015,12,79246,15.053082769928148,18.75703388770789,15.142720137293995,2.7814691825507283
SP,350810,BURITAMA,2016–2019,15,66062,22.770672310149592,24.220918624793438,22.70594290212225,3.165725772071022
SP,350810,BURITAMA,2020–2024,29,86159,33.59207446265829,35.50926199917145,33.65870077415012,3.545548798707508
SP,350820,BURITIZAL,2001–2005,0,18921,0.0,0.0,0.0,0.0
SP,350820,BURITIZAL,2006–2010,0,19872,0.0,0.0,0.0,0.0
SP,350820,BURITIZAL,2011–2015,0,20635,0.0,0.0,0.0,0.0
SP,350820,BURITIZAL,2016–2019,0,16960,0.0,0.0,0.0,0.0
SP,350820,BURITIZAL,2020–2024,2,21838,8.994827973915,0.0,9.158347834050737,2.3182958141683367
SP,350830,CABRALIA PAULISTA,2001–2005,3,22834,13.168146019591735,21.616947686986595,13.138302531312954,2.648887605971718
SP,350830,CABRALIA PAULISTA,2006–2010,1,22109,4.465282429113642,0.0,4.523044913835995,1.7089293230308327
SP,350830,CABRALIA PAULISTA,2011–2015,1,21741,4.611482591653217,0.0,4.599604434018675,1.722695958463829
SP,350830,CABRALIA PAULISTA,2016–2019,1,17294,5.779010633379565,0.0,5.782352260899734,1.914323982917799
SP,350830,CABRALIA PAULISTA,2020–2024,3,21605,13.810476685911123,0.0,13.885674612358251,2.700399315063739
SP,350840,CABREUVA,2001–2005,44,177344,24.665146975605502,16.16858444043224,24.810537712017325,3.250782846989577
SP,350840,CABREUVA,2006–2010,38,198825,19.154248384107156,19.673905024223497,19.11228467245065,3.0013308061058463
SP,350840,CABREUVA,2011–2015,46,214494,21.497542740480792,21.41327623126338,21.445821328335526,3.111104464495356
SP,350840,CABREUVA,2016–2019,57,179635,31.664288867737234,31.154032319879867,31.73101010382164,3.4883229497485058
SP,350840,CABREUVA,2020–2024,74,235818,31.25241212550042,35.07107049285169,31.38013213579964,3.4775450290255865
SP,350850,CACAPAVA,2001–2005,146,393145,37.161409128468094,37.348272642390285,37.136425491866866,3.6411698750635595
SP,350850,CACAPAVA,2006–2010,131,414813,31.528534565015654,29.559562518474728,31.58049530752411,3.483713805867549
SP,350850,CACAPAVA,2011–2015,167,437449,38.22583646955315,40.29234333553449,38.17587878815588,3.668061220362043
SP,350850,CACAPAVA,2016–2019,90,366975,24.496593133571334,24.486417055837894,24.52483139178418,3.2396517584181064
SP,350850,CACAPAVA,2020–2024,107,483188,22.102046674647205,19.40260403369926,22.144589683518628,3.141761046243075
SP,350860,CACHOEIRA PAULISTA,2001–2005,42,140217,29.967092890112486,34.95037047392702,29.953571963456643,3.4324884032453373
SP,350860,CACHOEIRA PAULISTA,2006–2010,24,147466,16.33973453174125,17.12680687812564,16.274937951799057,2.849256777855622
SP,350860,CACHOEIRA PAULISTA,2011–2015,44,152266,28.93940316527793,26.480421038694516,28.8967990227628,3.3977514185708384
SP,350860,CACHOEIRA PAULISTA,2016–2019,22,124015,17.717757352095337,16.1723684754974,17.73978954158771,2.930649046308992
SP,350860,CACHOEIRA PAULISTA,2020–2024,60,158819,37.4154316792282,22.177163857559243,37.77885517475868,3.6578751283565416
SP,350870,CACONDE,2001–2005,16,92130,17.370563889882554,16.295491580662684,17.366764354716164,2.9105427462451896
SP,350870,CACONDE,2006–2010,13,92530,14.04484896191122,10.826025765941322,14.04949746028315,2.711344599294069
SP,350870,CACONDE,2011–2015,8,90843,8.837073238448452,5.54139421478444,8.806402254438977,2.2830354636439623
SP,350870,CACONDE,2016–2019,8,70507,11.308811994888218,11.290093556076746,11.34639113846852,2.5133638048620934
SP,350870,CACONDE,2020–2024,9,86099,10.435209704683757,11.538683436219927,10.453083078781402,2.4382589582774568
SP,350880,CAFELANDIA,2001–2005,25,80168,31.186291576818963,25.073653858208484,31.184512523700228,3.471485359318732
SP,350880,CAFELANDIA,2006–2010,5,82206,6.070134427703759,0.0,6.082281098703257,1.9575960448962526
SP,350880,CAFELANDIA,2011–2015,9,83095,10.831847160048692,12.028628134961208,10.83097659305614,2.4707212268278598
SP,350880,CAFELANDIA,2016–2019,9,66544,13.522899547340751,12.02212122348937,13.52488578985333,2.6758634397021273
SP,350880,CAFELANDIA,2020–2024,12,83634,14.368075570468317,12.012012012012011,14.348231580457707,2.7310002609115895
SP,350890,CAIABU,2001–2005,3,20376,14.721518149033397,24.53385672227674,14.723203769140163,2.755137568344385
SP,350890,CAIABU,2006–2010,1,20364,4.910385465259023,0.0,4.9106265959536435,1.776751848801966
SP,350890,CAIABU,2011–2015,0,19896,0.0,0.0,0.0,0.0
SP,350890,CAIABU,2016–2019,1,15373,6.430041152263375,0.0,6.504911207962011,2.0155576339644066
SP,350890,CAIABU,2020–2024,0,18696,0.0,0.0,0.0,0.0
SP,350900,CAIEIRAS,2001–2005,138,377667,36.67153815045371,32.410971113722,36.540126619482244,3.625410404074418
SP,350900,CAIEIRAS,2006–2010,119,416280,28.757601489652433,32.442564644814,28.586528298260784,3.3873191326704126
SP,350900,CAIEIRAS,2011–2015,91,442930,20.547604582843235,21.617685542319464,20.54500711173323,3.0701441011551562
SP,350900,CAIEIRAS,2016–2019,111,367013,30.27945336182601,30.01960234199642,30.244160288600128,3.441832487955098
SP,350900,CAIEIRAS,2020–2024,189,477772,39.45964488222843,44.49917728265257,39.55861791817017,3.7027482837065575
SP,350910,CAIUA,2001–2005,6,22157,27.179267550208532,21.75805047867711,27.07947826871869,3.335038998811161
SP,350910,CAIUA,2006–2010,28,24292,113.97454866419943,64.0888698995941,115.26428453811955,4.755865914665879
SP,350910,CAIUA,2011–2015,31,25714,120.22944216879466,157.6976148235758,120.55689507661197,4.800382425410865
SP,350910,CAIUA,2016–2019,32,21208,150.99035038938425,142.52212154502317,150.88645794039985,5.023133254478086
SP,350910,CAIUA,2020–2024,80,27397,291.803762194516,268.5765443151298,292.0027740263533,5.680182076638984
SP,350920,CAJAMAR,2001–2005,118,272372,43.20828398911222,43.82274575795821,43.32310222783546,3.7915060361048356
SP,350920,CAJAMAR,2006–2010,63,306108,20.6479893686859,18.83690663744092,20.580971421851114,3.071811973731172
SP,350920,CAJAMAR,2011–2015,102,351846,29.302668426673193,31.763317905436065,28.989955832949644,3.400862520033913
SP,350920,CAJAMAR,2016–2019,71,323085,22.11114039354249,22.436114941618307,21.975641085163346,3.134434571450422
SP,350920,CAJAMAR,2020–2024,150,462100,32.50703634031679,33.44517688183063,32.46050638389959,3.5103658294519184
SP,350925,CAJATI,2001–2005,43,144840,29.666011019341916,31.068765534382766,29.687931510632424,3.4238694669021488
SP,350925,CAJATI,2006–2010,38,142706,26.64540311294179,34.82985615269409,26.628172606617802,3.318835998732106
SP,350925,CAJATI,2011–2015,40,142039,28.160423567435878,31.655587211142766,28.16127964854723,3.3728417898726315
SP,350925,CAJATI,2016–2019,73,113844,64.12192233043172,61.46062827294141,64.12283475633322,4.1762752520173
SP,350925,CAJATI,2020–2024,89,143650,62.11034288967594,56.1344419885626,61.95614340410721,4.142438347533307
SP,350930,CAJOBI,2001–2005,6,46743,12.957965407595916,0.0,12.836146588794044,2.6272844857567317
SP,350930,CAJOBI,2006–2010,2,48233,4.17291541087785,0.0,4.1465386768395085,1.6383243871295616
SP,350930,CAJOBI,2011–2015,4,48027,8.317396059359746,10.295480284155255,8.328648468569762,2.2330901456920267
SP,350930,CAJOBI,2016–2019,2,37465,5.353484997219398,5.323679727427598,5.338315761377285,1.8466130803775764
SP,350930,CAJOBI,2020–2024,5,45967,10.853606363982575,10.831889081455806,10.87736854700111,2.474634786621451
SP,350940,CAJURU,2001–2005,7,107632,6.570628323236986,4.756695048280455,6.503642039542144,2.0153885079464673
SP,350940,CAJURU,2006–2010,6,114155,5.298431510401353,0.0,5.25601156322544,1.8335428515829642
SP,350940,CAJURU,2011–2015,0,117425,0.0,0.0,0.0,0.0
SP,350940,CAJURU,2016–2019,11,94627,11.616862372610552,10.542295690309523,11.624589176450696,2.535646434152818
SP,350940,CAJURU,2020–2024,37,119614,30.79864527603994,21.016350720860828,30.932833949203275,3.4636347578524984
SP,350945,CAMPINA DO MONTE ALEGRE,2001–2005,1,26571,3.8138825324180017,0.0,3.763501561853148,1.560983020043965
SP,350945,CAMPINA DO MONTE ALEGRE,2006–2010,3,27468,10.849909584086799,0.0,10.9217999126256,2.478368649619287
SP,350945,CAMPINA DO MONTE ALEGRE,2011–2015,6,28307,21.31694774025018,0.0,21.196170558519096,3.099919776634848
SP,350945,CAMPINA DO MONTE ALEGRE,2016–2019,2,23224,8.612394342045558,8.539709649871904,8.61178091629349,2.262989524885947
SP,350945,CAMPINA DO MONTE ALEGRE,2020–2024,10,29855,33.37126827623465,16.889039013680122,33.49522693016245,3.540820964615727
SP,350950,CAMPINAS,2001–2005,2852,5007401,57.05184475213283,56.423095321077376,56.95569418147259,4.059678825208281
SP,350950,CAMPINAS,2006–2010,2166,5285626,40.946805092462384,42.27108581221692,40.97906283948202,3.737170990167172
SP,350950,CAMPINAS,2011–2015,2538,5472878,46.35766462811163,48.26932447722761,46.374138067758864,3.8580764694166874
SP,350950,CAMPINAS,2016–2019,1862,4466371,41.69636736471947,41.11326813869984,41.689326748718365,3.7539489299432014
SP,350950,CAMPINAS,2020–2024,2172,5750320,37.75334922131283,38.533630922016194,37.7718109600857,3.6576934609372027
SP,350960,CAMPO LIMPO PAULISTA,2001–2005,110,333410,32.92029675172068,29.110386585933863,32.99241174529858,3.526137315745108
SP,350960,CAMPO LIMPO PAULISTA,2006–2010,137,359470,38.18674218426869,37.27812347661515,38.11166439480346,3.6664207446198605
SP,350960,CAMPO LIMPO PAULISTA,2011–2015,70,374745,18.691442581261914,17.27758432790197,18.67936863734006,2.9795708096735143
SP,350960,CAMPO LIMPO PAULISTA,2016–2019,80,305115,26.198340355519907,24.33944245010715,26.219622109696346,3.3039381143090374
SP,350960,CAMPO LIMPO PAULISTA,2020–2024,114,390292,29.151654894787384,29.743045946540107,29.20890000307462,3.4081365830532566
SP,350970,CAMPOS DO JORDAO,2001–2005,2920,221822,1321.4381284224507,1217.3403367974931,1316.3707837815907,7.183393198779554
SP,350970,CAMPOS DO JORDAO,2006–2010,411,233941,177.95307552598405,141.07688690336232,175.68532236760552,5.17437031061015
SP,350970,CAMPOS DO JORDAO,2011–2015,44,237921,18.48819747957366,16.86056314280897,18.493533567864965,2.9700827986699543
SP,350970,CAMPOS DO JORDAO,2016–2019,36,189112,19.04018588283548,16.92126832132271,19.0363382545793,2.9975475376936167
SP,350970,CAMPOS DO JORDAO,2020–2024,47,236583,19.875967990083353,18.756642977721278,19.866178043223734,3.038129572704847
SP,350980,CAMPOS NOVOS PAULISTA,2001–2005,8,21427,36.99780239848771,23.337222870478413,37.336071311896205,3.6463912626721857
SP,350980,CAMPOS NOVOS PAULISTA,2006–2010,1,22326,4.5167118337850045,0.0,4.479082683866344,1.7009376934930294
SP,350980,CAMPOS NOVOS PAULISTA,2011–2015,2,23119,8.731799518378642,0.0,8.650893204723387,2.2670504711424373
SP,350980,CAMPOS NOVOS PAULISTA,2016–2019,7,19016,36.63575206203851,21.166460355840258,36.8111064366849,3.632602880544903
SP,350980,CAMPOS NOVOS PAULISTA,2020–2024,3,24504,12.199117767720919,20.036064916850332,12.242899118511264,2.5834614931940925
SP,350990,CANANEIA,2001–2005,34,61382,55.38404438591972,48.816206980717595,55.39083118829625,4.0323065777050715
SP,350990,CANANEIA,2006–2010,41,61202,66.9980619322307,57.189542483660134,66.99127479494133,4.21937938510434
SP,350990,CANANEIA,2011–2015,41,61208,66.97774145696843,65.40757092633473,66.9847078813227,4.219282795787691
SP,350990,CANANEIA,2016–2019,48,49061,97.82111925286497,114.14129535377786,97.83738611116772,4.593475935112761
SP,350990,CANANEIA,2020–2024,48,61729,77.79497832093304,81.37358613394092,77.759237959468,4.36639557824758
SP,350995,CANAS,2001–2005,4,19158,21.090656883478083,0.0,20.879006159306815,3.085527554187
SP,350995,CANAS,2006–2010,1,21102,4.927322000492732,0.0,4.738887309259786,1.7472653429794014
SP,350995,CANAS,2011–2015,2,22581,8.859817154089022,0.0,8.857003675656525,2.2881822355813277
SP,350995,CANAS,2016–2019,4,18876,21.038490443237226,21.191433685137778,21.190930281839375,3.0996836595375443
SP,350995,CANAS,2020–2024,1,24688,4.1365046535677354,0.0,4.050550874918989,1.6194973214804
SP,351000,CANDIDO MOTA,2001–2005,51,147300,34.62072292948303,30.67484662576687,34.623217922606926,3.5729976141125426
SP,351000,CANDIDO MOTA,2006–2010,23,148812,15.450367032973556,16.799946240172034,15.455742816439534,2.8006745236699198
SP,351000,CANDIDO MOTA,2011–2015,26,148874,17.466170931731448,16.833883240185845,17.464433010465225,2.9158463416573563
SP,351000,CANDIDO MOTA,2016–2019,11,118445,9.289640391333865,10.143706208835724,9.28701084891722,2.3308820167723496
SP,351000,CANDIDO MOTA,2020–2024,33,148435,22.16549987321781,16.774020397208805,22.231953380267456,3.1455286319370086
SP,351010,CANDIDO RODRIGUES,2001–2005,1,13146,7.639419404125286,0.0,7.606876616461281,2.1525614903097106
SP,351010,CANDIDO RODRIGUES,2006–2010,0,13284,0.0,0.0,0.0,0.0
SP,351010,CANDIDO RODRIGUES,2011–2015,3,13610,22.045186572927406,36.25815808556926,22.04261572373255,3.1373453590595766
SP,351010,CANDIDO RODRIGUES,2016–2019,1,11216,8.82768361581921,0.0,8.91583452211127,2.294132926065896
SP,351010,CANDIDO RODRIGUES,2020–2024,1,14481,6.968641114982579,0.0,6.905600441958429,2.0675714250138233
SP,351015,CANITAR,2001–2005,3,18643,16.098738932116984,0.0,16.09183071394089,2.838600613329552
SP,351015,CANITAR,2006–2010,14,20885,66.33335449613541,71.8562874251497,67.03375628441465,4.220003997949746
SP,351015,CANITAR,2011–2015,7,23943,29.922228805876824,20.27986209693774,29.236102409890158,3.4090366544426542
SP,351015,CANITAR,2016–2019,7,21942,31.867704256853436,26.97451898601893,31.902287849785797,3.493542194860734
SP,351015,CANITAR,2020–2024,7,31219,22.424456177937216,16.404199475065617,22.422242864922005,3.1536861206602866
SP,351020,CAPAO BONITO,2001–2005,62,232826,26.620200388900532,23.650827778972264,26.629328339618425,3.3188778295417154
SP,351020,CAPAO BONITO,2006–2010,57,231442,24.627764336527207,23.820867079561694,24.628200585891932,3.2436933305719586
SP,351020,CAPAO BONITO,2011–2015,67,231088,28.99256016331384,28.11965996841946,28.99328394377899,3.4009734880591527
SP,351020,CAPAO BONITO,2016–2019,52,185109,28.090824785288042,31.337779180289463,28.091556866494876,3.370447990033251
SP,351020,CAPAO BONITO,2020–2024,74,233241,31.686951825822188,28.055333750566504,31.726840478303558,3.4881955509571725
SP,351030,CAPELA DO ALTO,2001–2005,15,75843,19.46813153691531,19.786307874950534,19.77769866698311,3.0338802320397176
SP,351030,CAPELA DO ALTO,2006–2010,16,84133,19.208312157423773,17.111567419575632,19.017507993296327,2.9966072902799876
SP,351030,CAPELA DO ALTO,2011–2015,96,93725,100.07868422303122,74.72245943637915,102.42731395038678,4.6388690853182455
SP,351030,CAPELA DO ALTO,2016–2019,140,82817,169.57827218835303,167.33567651458517,169.0474178006931,5.136077326396384
SP,351030,CAPELA DO ALTO,2020–2024,127,113933,111.77999039213732,105.9456710598805,111.46902126688494,4.722677817207575
SP,351040,CAPIVARI,2001–2005,55,217473,25.37584361195563,24.899834755642075,25.290495831666462,3.2692074986501507
SP,351040,CAPIVARI,2006–2010,68,235374,28.824489246225163,28.51064763032656,28.890191779890728,3.3975303924643137
SP,351040,CAPIVARI,2011–2015,57,244726,23.292656518922747,22.361359570661897,23.29135441269011,3.1901205015538268
SP,351040,CAPIVARI,2016–2019,66,198014,33.354241253620515,27.234041291546717,33.33097659761431,3.536048054417569
SP,351040,CAPIVARI,2020–2024,80,251833,31.720081658743254,31.1781441209712,31.767083742003628,3.4894244670511125
SP,351050,CARAGUATATUBA,2001–2005,303,424967,72.18916649183669,87.30614589316485,71.29965385547584,4.280819341538816
SP,351050,CARAGUATATUBA,2006–2010,364,480370,75.8154116646031,75.47334915721426,75.77492349647147,4.340878069862326
SP,351050,CARAGUATATUBA,2011–2015,364,542539,66.96474249246975,72.90466589861751,67.0919509933848,4.220859012240275
SP,351050,CARAGUATATUBA,2016–2019,431,483933,89.08882173837321,85.87013986795637,89.06191559575396,4.500497384864339
SP,351050,CARAGUATATUBA,2020–2024,627,674037,92.731052935654,92.79127761990372,93.02159970446726,4.5435245399637605
SP,351060,CARAPICUIBA,2001–2005,840,1759635,47.67066294841943,49.16029666676138,47.73717276594294,3.8864420400711035
SP,351060,CARAPICUIBA,2006–2010,797,1822316,43.76907514593178,43.10547301348704,43.73555409709403,3.8007685791326202
SP,351060,CARAPICUIBA,2011–2015,780,1869324,41.732078966389125,41.88717849576698,41.7263138974303,3.754814980955498
SP,351060,CARAPICUIBA,2016–2019,935,1521475,61.42832521777535,60.47988680425439,61.45352371875975,4.134422659619644
SP,351060,CARAPICUIBA,2020–2024,1451,1947658,74.44946955549743,75.713724598433,74.49973249923754,4.324129113192246
SP,351070,CARDOSO,2001–2005,10,58325,17.16600999854544,17.11596063329054,17.145306472353194,2.8984119307044405
SP,351070,CARDOSO,2006–2010,6,58825,10.196909181962004,8.514261387824607,10.19974500637484,2.4158910107539096
SP,351070,CARDOSO,2011–2015,14,58442,23.938873922519235,25.497195308516066,23.95537455939222,3.217089212201528
SP,351070,CARDOSO,2016–2019,9,46061,19.579427347737198,17.340038148083927,19.53930657172011,3.0223404440337527
SP,351070,CARDOSO,2020–2024,10,57057,17.52681055297236,8.814455707360072,17.526333315807,2.9191931424548825
SP,351080,CASA BRANCA,2001–2005,51,136221,37.39315425096565,32.85510896944475,37.43916136278548,3.649076767079125
SP,351080,CASA BRANCA,2006–2010,125,139999,89.33502429864686,91.85007242024942,89.28635204537174,4.50298630886027
SP,351080,CASA BRANCA,2011–2015,131,141254,92.73612490939237,85.00991782374611,92.74073654551376,4.540532849787286
SP,351080,CASA BRANCA,2016–2019,83,112667,73.67213055865494,74.50640359651527,73.66842109934586,4.313057259777122
SP,351080,CASA BRANCA,2020–2024,86,141523,60.79577239896988,56.935449434203974,60.76750775492322,4.123377461717592
SP,351090,CASSIA DOS COQUEIROS,2001–2005,0,13990,0.0,0.0,0.0,0.0
SP,351090,CASSIA DOS COQUEIROS,2006–2010,0,13400,0.0,0.0,0.0,0.0
SP,351090,CASSIA DOS COQUEIROS,2011–2015,0,13372,0.0,0.0,0.0,0.0
SP,351090,CASSIA DOS COQUEIROS,2016–2019,0,10944,0.0,0.0,0.0,0.0
SP,351090,CASSIA DOS COQUEIROS,2020–2024,2,14037,14.079891365287319,0.0,14.24805870200185,2.7244521967209265
SP,351100,CASTILHO,2001–2005,18,79056,22.996888940756968,18.98013412628116,22.768670309653917,3.1683683399527163
SP,351100,CASTILHO,2006–2010,13,86758,15.254020723692776,11.109259567849803,14.984208949030638,2.7716012942075565
SP,351100,CASTILHO,2011–2015,21,92394,22.553967692151154,16.23640201331385,22.72874862004026,3.166687334967011
SP,351100,CASTILHO,2016–2019,23,76853,29.812011024522523,23.61546025464671,29.927263737264646,3.4316381164811354
SP,351100,CASTILHO,2020–2024,36,100030,35.79374863750991,30.559233981868186,35.98920323902829,3.610626065710464
SP,351110,CATANDUVA,2001–2005,154,539483,28.550488814313155,26.53782097036915,28.545848525347417,3.385943244146527
SP,351110,CATANDUVA,2006–2010,122,556971,21.886533762582626,20.516846114733774,21.9041924983527,3.1313199723340506
SP,351110,CATANDUVA,2011–2015,113,567782,19.907147605961217,21.180831347630395,19.902004642626924,3.039845070286292
SP,351110,CATANDUVA,2016–2019,83,458673,18.097436746044842,17.916942790137014,18.09568036487868,2.9494621505679266
SP,351110,CATANDUVA,2020–2024,111,583262,18.963862922179338,23.317874446200484,19.030898635604583,2.99727601315485
SP,351120,CATIGUA,2001–2005,2,33611,5.926415611568473,0.0,5.950432893993038,1.938803944542425
SP,351120,CATIGUA,2006–2010,3,35046,8.537401776672214,14.031149151115475,8.560178051703474,2.257606351545048
SP,351120,CATIGUA,2011–2015,0,35479,0.0,0.0,0.0,0.0
SP,351120,CATIGUA,2016–2019,2,28197,7.0982539423928115,7.088176920895945,7.092953151044438,2.0909937016724474
SP,351120,CATIGUA,2020–2024,7,35199,19.924816976855453,14.074595355383533,19.886928605926304,3.0391235377568533
SP,351130,CEDRAL,2001–2005,3,35303,8.599443848174133,0.0,8.497861371554826,2.251066654479756
SP,351130,CEDRAL,2006–2010,3,38511,7.614964062530545,0.0,7.789982083041209,2.1736126733606747
SP,351130,CEDRAL,2011–2015,1,44775,2.414584087890861,0.0,2.233389168062535,1.173530865165078
SP,351130,CEDRAL,2016–2019,6,42527,14.044261648263223,13.874430817296506,14.108683894937334,2.715269670898585
SP,351130,CEDRAL,2020–2024,11,62496,17.16919671389555,15.52072016141549,17.601126472094215,2.923222141901108
SP,351140,CERQUEIRA CESAR,2001–2005,16,79136,20.11488611187201,19.238168526356294,20.21835826930853,3.0548667630537567
SP,351140,CERQUEIRA CESAR,2006–2010,13,85149,15.463666852732402,11.919661481613922,15.267354872047822,2.7891603310039037
SP,351140,CERQUEIRA CESAR,2011–2015,66,92240,70.5309247153888,63.97611558351549,71.55247181266263,4.284310049220696
SP,351140,CERQUEIRA CESAR,2016–2019,157,79608,197.61328967554277,180.8478195056752,197.21636016480755,5.289359162206837
SP,351140,CERQUEIRA CESAR,2020–2024,112,107181,104.34426802917832,108.71534698314912,104.49613271008855,4.658674295467833
SP,351150,CERQUILHO,2001–2005,12,161313,7.360180480017611,8.774238834781084,7.438954083055922,2.132858377120136
SP,351150,CERQUILHO,2006–2010,29,186913,15.39757266214372,16.06425702811245,15.515239710453526,2.8042835734484983
SP,351150,CERQUILHO,2011–2015,27,204169,13.256579696423108,9.895846218549764,13.224338660619388,2.65495448758678
SP,351150,CERQUILHO,2016–2019,28,170886,16.351996246836926,15.351863396832357,16.38519246749295,2.8556188362925865
SP,351150,CERQUILHO,2020–2024,33,224416,14.59968486406479,13.424320393780066,14.704833879937258,2.7539685554075906
SP,351160,CESARIO LANGE,2001–2005,4,68165,5.843493041718211,7.33783387144115,5.868114134819922,1.9268895612459989
SP,351160,CESARIO LANGE,2006–2010,13,74866,17.428007903347904,20.808767427342723,17.364357652338846,2.91041170192913
SP,351160,CESARIO LANGE,2011–2015,15,81779,18.22680144529312,17.735737511084835,18.342117169444478,2.9622849550493773
SP,351160,CESARIO LANGE,2016–2019,13,70605,18.502805918298684,19.85713777579546,18.412293746901778,2.9659065636612096
SP,351160,CESARIO LANGE,2020–2024,15,95093,15.727445629650404,15.315499285276701,15.774031737351855,2.819831960616699
SP,351170,CHARQUEADA,2001–2005,7,68117,10.089536564790633,7.235366471311772,10.27643613194944,2.422715250399376
SP,351170,CHARQUEADA,2006–2010,4,73271,5.440935626687147,6.825472663981981,5.459185762443531,1.8655032668850307
SP,351170,CHARQUEADA,2011–2015,11,75982,14.493548536745203,13.225763787858748,14.477113000447474,2.739362352089436
SP,351170,CHARQUEADA,2016–2019,15,61459,24.384812721473786,22.783102122990172,24.40651491238061,3.235005633749294
SP,351170,CHARQUEADA,2020–2024,18,77955,23.110476500176066,25.319660716546398,23.090244371752934,3.1818069606912665
SP,351190,CLEMENTINA,2001–2005,1,29304,3.324468085106383,0.0,3.412503412503413,1.4844421956309943
SP,351190,CLEMENTINA,2006–2010,5,33505,15.181685288080923,14.934289127837514,14.923145799134458,2.7677737613439843
SP,351190,CLEMENTINA,2011–2015,3,35220,8.51225563671431,0.0,8.517887563884157,2.2531729296310523
SP,351190,CLEMENTINA,2016–2019,2,28052,7.12961773130745,7.126567844925884,7.129616426636247,2.0955137424511667
SP,351190,CLEMENTINA,2020–2024,0,35088,0.0,0.0,0.0,0.0
SP,351200,COLINA,2001–2005,21,84366,24.931912871833816,17.853954650955185,24.891543986914158,3.2539164284052795
SP,351200,COLINA,2006–2010,23,86138,26.70706557398695,23.412350014632718,26.70133971069679,3.321480777030848
SP,351200,COLINA,2011–2015,7,88218,7.935443945869648,11.218937566612443,7.934888571493346,2.189963677520012
SP,351200,COLINA,2016–2019,15,72241,20.746466414751865,19.34439763395978,20.763832172865822,3.080249517367418
SP,351200,COLINA,2020–2024,21,92676,22.554856050306036,21.432781439211276,22.659588242910786,3.1637684553096586
SP,351210,COLOMBIA,2001–2005,4,29830,13.404830250562807,0.0,13.40931947703654,2.6678751831527863
SP,351210,COLOMBIA,2006–2010,0,29930,0.0,0.0,0.0,0.0
SP,351210,COLOMBIA,2011–2015,2,30737,6.479946478770263,0.0,6.506815889644402,2.0158113931328523
SP,351210,COLOMBIA,2016–2019,2,25535,7.800312012480499,0.0,7.832386919913843,2.1784252974422156
SP,351210,COLOMBIA,2020–2024,10,33208,29.855260814773317,15.2114390021296,30.113225728740062,3.4376329933755434
SP,351220,CONCHAL,2001–2005,48,117081,40.8878827969379,45.990467430387156,40.997258308350624,3.7376043377800383
SP,351220,CONCHAL,2006–2010,57,123495,46.05436687929533,45.501551189245085,46.15571480626746,3.8534552065336443
SP,351220,CONCHAL,2011–2015,35,129601,26.97586368748972,26.76659528907923,27.00596446015077,3.332417503924381
SP,351220,CONCHAL,2016–2019,27,107956,24.900272304731327,24.110182336718147,25.01018933639631,3.258488358803397
SP,351220,CONCHAL,2020–2024,48,141150,33.78583479003409,28.725314183123878,34.00637619553666,3.5555302219125293
SP,351230,CONCHAS,2001–2005,34,76538,44.463802111705135,46.551838797632506,44.422378426402574,3.8160049004847965
SP,351230,CONCHAS,2006–2010,31,80013,38.95010041764616,25.220680958385877,38.74370414807594,3.6824514423439942
SP,351230,CONCHAS,2011–2015,26,80088,32.41752122965267,24.973465692701506,32.46428928179003,3.5104788786695313
SP,351230,CONCHAS,2016–2019,15,62479,23.986545062307208,16.086395026999128,24.0080667104147,3.2191984412385306
SP,351230,CONCHAS,2020–2024,27,76639,35.24984438381411,32.50763929523438,35.230104776941246,3.589890396896766
SP,351240,CORDEIROPOLIS,2001–2005,1,92891,1.0768899418479432,0.0,1.0765305573198696,0.7306984997616952
SP,351240,CORDEIROPOLIS,2006–2010,0,101687,0.0,0.0,0.0,0.0
SP,351240,CORDEIROPOLIS,2011–2015,14,109471,12.575202962557748,4.511006856730422,12.788775109389702,2.6238548633053047
SP,351240,CORDEIROPOLIS,2016–2019,19,92669,20.62235036921404,19.551571670110324,20.503080857676245,3.06819622057364
SP,351240,CORDEIROPOLIS,2020–2024,25,122577,20.23849749875222,16.317206494248182,20.395343335209706,3.0631732971908137
SP,351250,COROADOS,2001–2005,4,23251,17.143744726792708,21.88183807439825,17.20356113715539,2.901617241819153
SP,351250,COROADOS,2006–2010,5,25319,19.423486250625523,20.092425155716295,19.748015324459892,3.032450595088259
SP,351250,COROADOS,2011–2015,5,26390,18.898688598711352,18.9000189000189,18.946570670708603,2.993057232354944
SP,351250,COROADOS,2016–2019,4,21354,18.70825856798713,18.707443235132352,18.731853516905495,2.9822342597125506
SP,351250,COROADOS,2020–2024,3,27106,10.979076566562926,0.0,11.067660296613296,2.4905291717966516
SP,351260,CORONEL MACEDO,2001–2005,9,27032,33.18042660510473,36.99593044765076,33.293873927197396,3.5349667355149164
SP,351260,CORONEL MACEDO,2006–2010,0,25570,0.0,0.0,0.0,0.0
SP,351260,CORONEL MACEDO,2011–2015,4,24055,16.797586712019765,20.2552157180474,16.628559551028893,2.8695202886491527
SP,351260,CORONEL MACEDO,2016–2019,8,18151,44.51140916899614,44.07899811327317,44.07470662773401,3.8083212605320718
SP,351260,CORONEL MACEDO,2020–2024,4,21591,18.503407881516544,23.062730627306273,18.526237784261962,2.971759088556943
SP,351270,CORUMBATAI,2001–2005,0,19090,0.0,0.0,0.0,0.0
SP,351270,CORUMBATAI,2006–2010,0,19290,0.0,0.0,0.0,0.0
SP,351270,CORUMBATAI,2011–2015,2,19761,10.155857214680744,0.0,10.120945296290675,2.4088302938686383
SP,351270,CORUMBATAI,2016–2019,2,16286,12.362605284647726,12.32134056185313,12.280486307257766,2.5862957629002317
SP,351270,CORUMBATAI,2020–2024,3,21027,14.429416201712414,0.0,14.267370523612499,2.7257179055560226
SP,351280,COSMOPOLIS,2001–2005,52,241573,21.431692433195266,21.30742350634961,21.525584398918753,3.114651747615952
SP,351280,COSMOPOLIS,2006–2010,56,278206,20.260708892416535,20.351902902921424,20.128969181110403,3.050645045824157
SP,351280,COSMOPOLIS,2011–2015,57,295311,19.301739080550313,18.599617862396645,19.3016853418938,3.0107039043697927
SP,351280,COSMOPOLIS,2016–2019,81,237666,34.08513955194104,26.082098487977433,34.08144202368029,3.5576722733774906
SP,351280,COSMOPOLIS,2020–2024,83,300769,27.500401594552347,28.478574061044664,27.595929101735887,3.353264368594492
SP,351290,COSMORAMA,2001–2005,4,36621,10.923018965012192,13.623978201634879,10.922694628764917,2.478443695549758
SP,351290,COSMORAMA,2006–2010,7,36227,19.292927700098147,13.802622498274673,19.32260468711182,3.011733797916346
SP,351290,COSMORAMA,2011–2015,5,37829,13.351270296715265,12.80901754835404,13.217372914959421,2.654464661524046
SP,351290,COSMORAMA,2016–2019,5,32489,15.321953271836021,12.51015902690681,15.389824248207084,2.796660669587024
SP,351290,COSMORAMA,2020–2024,6,43560,13.850976174262907,11.469205184080744,13.77410468319559,2.6928759647180742
SP,351300,COTIA,2001–2005,266,815870,32.83459392181577,34.76480032362869,32.6032333582556,3.514622293239727
SP,351300,COTIA,2006–2010,242,947997,25.480884830892116,28.5067228354687,25.527506943587372,3.278182192516111
SP,351300,COTIA,2011–2015,324,1087683,29.707929246231537,30.035267216990274,29.788090831611783,3.427127953895463
SP,351300,COTIA,2016–2019,367,977383,37.4158770213649,35.224302709122654,37.54925141935147,3.651936681386336
SP,351300,COTIA,2020–2024,508,1370027,36.829256676905025,33.526108456960856,37.07956120572806,3.639677686897953
SP,351310,CRAVINHOS,2001–2005,22,146806,14.877207928108115,10.107816711590297,14.98576352465158,2.7716985464415673
SP,351310,CRAVINHOS,2006–2010,12,155049,7.783551345800653,6.450364445591176,7.739488806764313,2.167851699028332
SP,351310,CRAVINHOS,2011–2015,18,160409,11.221695682117533,9.389377484272794,11.221315512221883,2.5031816003406626
SP,351310,CRAVINHOS,2016–2019,16,130703,12.223046189040602,10.75207150757811,12.241494074351776,2.5833553896371355
SP,351310,CRAVINHOS,2020–2024,30,167453,17.95662160589371,20.73275479074727,17.915474789941058,2.9399803590092457
SP,351320,CRISTAIS PAULISTA,2001–2005,2,34341,5.826146540057356,0.0,5.823942226493114,1.920437343930373
SP,351320,CRISTAIS PAULISTA,2006–2010,0,36880,0.0,0.0,0.0,0.0
SP,351320,CRISTAIS PAULISTA,2011–2015,4,39901,10.029105648627601,0.0,10.024811408235383,2.400148315357613
SP,351320,CRISTAIS PAULISTA,2016–2019,2,34409,5.717297460553752,5.669577049552103,5.812432793745822,1.9187492948024738
SP,351320,CRISTAIS PAULISTA,2020–2024,1,46307,2.230400356864057,0.0,2.1595007234327426,1.1504140162019885
SP,351330,CRUZALIA,2001–2005,0,12523,0.0,0.0,0.0,0.0
SP,351330,CRUZALIA,2006–2010,1,11691,8.322929671244278,0.0,8.553588230262596,2.256916814841003
SP,351330,CRUZALIA,2011–2015,1,11156,8.849557522123893,0.0,8.96378630333453,2.2989571502946484
SP,351330,CRUZALIA,2016–2019,2,8675,23.277467411545622,0.0,23.054755043227665,3.1803326919038772
SP,351330,CRUZALIA,2020–2024,2,10611,18.83695236118337,0.0,18.84836490434455,2.9881216311632914
SP,351340,CRUZEIRO,2001–2005,203,372702,54.42902005258149,56.081505120775525,54.46710776974634,4.015790192266938
SP,351340,CRUZEIRO,2006–2010,251,381589,65.75595450298599,69.4480842811468,65.77757744589074,4.201367357216147
SP,351340,CRUZEIRO,2011–2015,194,382573,50.6853554237471,49.77731202515064,50.70927639953682,3.9456371928763945
SP,351340,CRUZEIRO,2016–2019,132,302935,43.58077814073837,43.56955403229269,43.573703929885944,3.7971440871601567
SP,351340,CRUZEIRO,2020–2024,182,377642,48.217440408371786,46.69094595856512,48.19379200406735,3.895767436757932
SP,351350,CUBATAO,2001–2005,666,556710,119.76684132779648,119.46143551327998,119.63140593845988,4.792739664474638
SP,351350,CUBATAO,2006–2010,628,582853,107.6493042965341,102.8605432056786,107.74586387991482,4.68901363595737
SP,351350,CUBATAO,2011–2015,554,585648,94.59906604463269,92.20760371220982,94.59607136027101,4.5601317246551165
SP,351350,CUBATAO,2016–2019,514,459119,112.0191976367714,110.86846111340421,111.95354581274137,4.726976635185691
SP,351350,CUBATAO,2020–2024,719,567807,126.47727182745635,123.05312379144253,126.62753365139915,4.849116128600403
SP,351360,CUNHA,2001–2005,18,113583,15.862726616054747,13.134851138353767,15.847441958743826,2.8241988327362226
SP,351360,CUNHA,2006–2010,18,110530,16.33543336545269,18.095453517303778,16.285171446666062,2.849848992136434
SP,351360,CUNHA,2011–2015,7,109633,6.389209823370534,4.56495937186159,6.384938841407241,1.9994426344876082
SP,351360,CUNHA,2016–2019,8,88073,9.083429473973473,6.8073533136321505,9.083374019279463,2.3108879307704644
SP,351360,CUNHA,2020–2024,19,111007,17.092479081773824,18.107741059302853,17.116037727350527,2.896797608234884
SP,351370,DESCALVADO,2001–2005,18,147736,12.194629563977665,10.010344022156227,12.18389559755239,2.578996054260791
SP,351370,DESCALVADO,2006–2010,30,153092,19.630804597337953,16.099948480164862,19.59605988555901,3.025099789810228
SP,351370,DESCALVADO,2011–2015,18,156150,11.515567676524451,15.980567629762211,11.527377521613833,2.527916451041933
SP,351370,DESCALVADO,2016–2019,20,125967,15.887603768779353,15.88028880536734,15.877174180539347,2.825962068787649
SP,351370,DESCALVADO,2020–2024,32,159899,19.938037578286146,25.192089683839278,20.012632974565193,3.045123827069984
SP,351380,DIADEMA,2001–2005,770,1827785,42.1367232308654,43.01205716192109,42.127493113249095,3.7641606850022318
SP,351380,DIADEMA,2006–2010,756,1900621,39.78137757700197,39.77281766549469,39.7764730580163,3.7081052743540113
SP,351380,DIADEMA,2011–2015,847,1939323,43.67113739448162,43.69607069510167,43.67503505089147,3.7994148456202588
SP,351380,DIADEMA,2016–2019,773,1562168,49.47742398286027,48.90628710561393,49.4825140445842,3.9216270197777887
SP,351380,DIADEMA,2020–2024,1081,1980668,54.494270305067666,57.21740324537111,54.57754656509824,4.01777928093448
SP,351385,DIRCE REIS,2001–2005,0,8213,0.0,0.0,0.0,0.0
SP,351385,DIRCE REIS,2006–2010,1,8378,11.933174224343677,0.0,11.936022917164001,2.5600158938536324
SP,351385,DIRCE REIS,2011–2015,1,8357,11.926058437686343,0.0,11.966016513102788,2.562331820321543
SP,351385,DIRCE REIS,2016–2019,1,6582,15.169902912621358,0.0,15.192950470981463,2.784575991418186
SP,351385,DIRCE REIS,2020–2024,1,8148,12.187690432663011,0.0,12.272950417280313,2.585728161029487
SP,351390,DIVINOLANDIA,2001–2005,3,58842,5.086998201009298,8.380122349786307,5.098399102681758,1.808026294551971
SP,351390,DIVINOLANDIA,2006–2010,4,56828,7.039190042570053,0.0,7.038783698176955,2.0842777904254275
SP,351390,DIVINOLANDIA,2011–2015,2,55977,3.570791044014893,0.0,3.5728960108616037,1.5201467046101493
SP,351390,DIVINOLANDIA,2016–2019,4,44707,8.945546019516165,8.948947712822907,8.947144742434071,2.2972855494300517
SP,351390,DIVINOLANDIA,2020–2024,4,56036,7.131943792929529,8.8999644001424,7.138268256121065,2.0965774124327603
SP,351400,DOBRADA,2001–2005,6,36377,16.327207082984323,13.919821826280623,16.49393847760948,2.861854448220557
SP,351400,DOBRADA,2006–2010,2,38721,5.102187142218359,0.0,5.165155858578032,1.8189134174935047
SP,351400,DOBRADA,2011–2015,0,40685,0.0,0.0,0.0,0.0
SP,351400,DOBRADA,2016–2019,3,33770,8.823658273190922,5.850690381465013,8.883624518803671,2.290879298615179
SP,351400,DOBRADA,2020–2024,7,43880,15.982263542032618,11.604966925844261,15.952597994530539,2.830421096094799
SP,351410,DOIS CORREGOS,2001–2005,31,115868,26.971908501953955,34.52442603141723,26.754582801118513,3.323400972543599
SP,351410,DOIS CORREGOS,2006–2010,13,121491,10.694569255872171,8.31013420866747,10.700381098188343,2.4596214137679686
SP,351410,DOIS CORREGOS,2011–2015,10,123490,8.09577188189614,8.104712890545853,8.097821685966476,2.2080350096994765
SP,351410,DOIS CORREGOS,2016–2019,10,98415,10.162814004478385,10.163599975399768,10.161052685058172,2.412430279122805
SP,351410,DOIS CORREGOS,2020–2024,0,123130,0.0,0.0,0.0,0.0
SP,351420,DOLCINOPOLIS,2001–2005,1,10675,9.319664492078285,0.0,9.36768149882904,2.3386934195035165
SP,351420,DOLCINOPOLIS,2006–2010,2,10536,19.034153693431925,0.0,18.98253606681853,2.9948586954366396
SP,351420,DOLCINOPOLIS,2011–2015,2,10616,18.92181883074527,0.0,18.839487565938207,2.9876742731934423
SP,351420,DOLCINOPOLIS,2016–2019,0,8659,0.0,0.0,0.0,0.0
SP,351420,DOLCINOPOLIS,2020–2024,1,11071,9.062075215224286,0.0,9.032607713846987,2.3058405595924016
SP,351430,DOURADO,2001–2005,4,43034,9.295030087141615,11.618450098756826,9.29497606543663,2.331656015604455
SP,351430,DOURADO,2006–2010,2,43042,4.646570266009332,0.0,4.646624227498722,1.7310578847363014
SP,351430,DOURADO,2011–2015,1,42389,2.359046945034206,0.0,2.3591025973719595,1.2116738541863104
SP,351430,DOURADO,2016–2019,3,33140,9.045235544692522,12.008485929428836,9.052504526252264,2.307821810050545
SP,351430,DOURADO,2020–2024,3,40740,7.3451830608679725,12.21597849987784,7.363770250368188,2.1239093123187365
SP,351440,DRACENA,2001–2005,50,206550,24.225039694358763,21.64450109424978,24.20721374969741,3.227130213461455
SP,351440,DRACENA,2006–2010,167,213468,78.37496874003186,73.97475611447594,78.2318661345026,4.372378568082364
SP,351440,DRACENA,2011–2015,171,219012,78.02755293985328,75.97034854275059,78.07791353898418,4.370433613773571
SP,351440,DRACENA,2016–2019,176,178522,98.58461515053958,93.34484940792618,98.58728896158456,4.601034535578692
SP,351440,DRACENA,2020–2024,119,228585,52.150897135550906,54.97647007080969,52.05940897259225,3.971412209797052
SP,351450,DUARTINA,2001–2005,6,62036,9.668758645450719,8.030838419531,9.67180346895351,2.3676050734258793
SP,351450,DUARTINA,2006–2010,7,61477,11.371841331964529,8.118201006656925,11.386372139174,2.516596847210171
SP,351450,DUARTINA,2011–2015,11,61351,17.924473055468276,24.424000651306685,17.92961809913449,2.9407277906455387
SP,351450,DUARTINA,2016–2019,22,49196,44.722567242755616,44.74389106464552,44.719082852264414,3.8225157786262
SP,351450,DUARTINA,2020–2024,14,61922,22.669345083317435,16.223231667748216,22.609088853719197,3.1616317588118426
SP,351460,DUMONT,2001–2005,3,34069,8.963200301463718,0.0,8.805659103583903,2.2829596785602972
SP,351460,DUMONT,2006–2010,1,38712,2.5195263290501386,0.0,2.5831783426327757,1.2762502117513543
SP,351460,DUMONT,2011–2015,0,42289,0.0,0.0,0.0,0.0
SP,351460,DUMONT,2016–2019,3,35801,8.363627710341861,5.482456140350878,8.379654199603364,2.238542896624649
SP,351460,DUMONT,2020–2024,11,47373,23.065856181177757,30.867373186541823,23.219977624385198,3.1871778142758487
SP,351470,ECHAPORA,2001–2005,4,33353,11.879000397572494,0.0,11.992924174736906,2.5644049150286414
SP,351470,ECHAPORA,2006–2010,6,32086,18.725710926141403,15.583606046439145,18.69974443682603,2.980605662909848
SP,351470,ECHAPORA,2011–2015,1,31449,3.189284005740711,0.0,3.1797513434449423,1.4302517575531017
SP,351470,ECHAPORA,2016–2019,5,24988,20.024386729565567,24.005134761874597,20.009604610212904,3.044979695556215
SP,351470,ECHAPORA,2020–2024,3,31188,9.577124702144559,0.0,9.619084263178147,2.3626527845233025
SP,351480,ELDORADO,2001–2005,29,71422,40.62934058536233,35.250987027636775,40.60373554367002,3.7281899599585704
SP,351480,ELDORADO,2006–2010,19,72691,26.14354331153021,27.320538214602824,26.138036345627384,3.3009362990119566
SP,351480,ELDORADO,2011–2015,13,71161,18.205023299959397,20.68537543956423,18.268433552086112,2.958468189661086
SP,351480,ELDORADO,2016–2019,22,54553,40.454259293008505,32.98064753577435,40.32775466060529,3.72153429993936
SP,351480,ELDORADO,2020–2024,39,65858,59.38313206843871,68.2179943909649,59.21831819976313,4.097976595060867
SP,351490,ELIAS FAUSTO,2001–2005,14,72156,19.408167282554498,20.528260572054194,19.40240589833139,3.01565283008896
SP,351490,ELIAS FAUSTO,2006–2010,4,76902,5.235643937049026,0.0,5.2014251905021975,1.8247791350709535
SP,351490,ELIAS FAUSTO,2011–2015,10,81184,12.378809128197897,12.201073694485116,12.317698068584944,2.589093832503745
SP,351490,ELIAS FAUSTO,2016–2019,13,67809,19.152448067377023,17.61473406538495,19.17149640903125,3.0042705390521305
SP,351490,ELIAS FAUSTO,2020–2024,20,88595,22.541497393407614,22.818026240730177,22.574637394886846,3.160171447484451
SP,351492,ELISIARIO,2001–2005,0,13651,0.0,0.0,0.0,0.0
SP,351492,ELISIARIO,2006–2010,1,15020,6.533812479581836,0.0,6.657789613848202,2.0357233799496193
SP,351492,ELISIARIO,2011–2015,1,15621,6.397952655150352,0.0,6.401638819537801,2.0017014377907163
SP,351492,ELISIARIO,2016–2019,0,12524,0.0,0.0,0.0,0.0
SP,351492,ELISIARIO,2020–2024,2,15761,12.594669452880382,0.0,12.689550155446987,2.6166327794067143
SP,351495,EMBAUBA,2001–2005,1,12306,8.126777732629012,0.0,8.126117341134407,2.211140340315865
SP,351495,EMBAUBA,2006–2010,1,12169,8.200082000820007,0.0,8.217602103706138,2.221114928223058
SP,351495,EMBAUBA,2011–2015,1,11989,8.371703641691084,0.0,8.340979230961715,2.234411089460525
SP,351495,EMBAUBA,2016–2019,0,9440,0.0,0.0,0.0,0.0
SP,351495,EMBAUBA,2020–2024,0,11684,0.0,0.0,0.0,0.0
SP,351500,EMBU DAS ARTES,2001–2005,436,1084929,40.17120896998869,39.75641013648141,40.18696154310558,3.7181217388687555
SP,351500,EMBU DAS ARTES,2006–2010,477,1166906,40.912349513607026,40.79423885443117,40.8773285937342,3.734744596807729
SP,351500,EMBU DAS ARTES,2011–2015,524,1214035,43.16258105962693,43.50181394356255,43.16185282961364,3.7878613582809995
SP,351500,EMBU DAS ARTES,2016–2019,475,986871,48.124197159619854,48.26572657502163,48.131924030597716,3.8945090074450435
SP,351500,EMBU DAS ARTES,2020–2024,719,1263702,56.76543335711928,55.03864757588906,56.896325241235665,4.058653915228641
SP,351510,EMBU-GUACU,2001–2005,108,293089,36.885653619317694,33.461042980709706,36.848875256321456,3.6336012636247994
SP,351510,EMBU-GUACU,2006–2010,100,307791,32.43888578582907,24.85130635033715,32.48957896754616,3.5112343148413343
SP,351510,EMBU-GUACU,2011–2015,153,318978,47.92626173165705,44.12923561859732,47.96569042379098,3.891119857426478
SP,351510,EMBU-GUACU,2016–2019,133,261454,50.81642522195951,55.07372294560197,50.86936899033864,3.9487284230750963
SP,351510,EMBU-GUACU,2020–2024,168,336516,49.96125523410081,49.41501344379042,49.9233320258175,3.930321208033358
SP,351512,EMILIANOPOLIS,2001–2005,1,14653,6.795786612300374,0.0,6.824541049614414,2.0572650828996677
SP,351512,EMILIANOPOLIS,2006–2010,1,14971,6.651147322913202,0.0,6.679580522343198,2.0385649261813197
SP,351512,EMILIANOPOLIS,2011–2015,4,15091,26.509818917609174,33.123550844650545,26.50586442250348,3.314399233665007
SP,351512,EMILIANOPOLIS,2016–2019,2,12064,16.578249336870027,0.0,16.578249336870027,2.866662304640216
SP,351512,EMILIANOPOLIS,2020–2024,3,15143,19.8502768143046,0.0,19.811133857227762,3.03548812509267
SP,351515,ENGENHEIRO COELHO,2001–2005,3,57516,5.230012724391418,8.328475056217206,5.215939912372209,1.8271169464118369
SP,351515,ENGENHEIRO COELHO,2006–2010,6,71997,8.178159360783994,6.958942240779402,8.333680570023752,2.2336294247461614
SP,351515,ENGENHEIRO COELHO,2011–2015,24,83052,28.478068116447332,29.568302779420463,28.897558156335787,3.397776810049528
SP,351515,ENGENHEIRO COELHO,2016–2019,14,72114,19.294285073067442,21.993802644971467,19.41370607649,3.016206541743529
SP,351515,ENGENHEIRO COELHO,2020–2024,35,97632,35.733981641134896,35.77634672390882,35.84890199934448,3.606825821701448
SP,351518,ESPIRITO SANTO DO PINHAL,2001–2005,59,204516,28.859462979301743,31.672554513339016,28.848598642648987,3.396137892091658
SP,351518,ESPIRITO SANTO DO PINHAL,2006–2010,35,208091,16.8066083394501,14.367128011110578,16.819564517446693,2.880296983890333
SP,351518,ESPIRITO SANTO DO PINHAL,2011–2015,39,206875,18.89186826786225,16.991116073595805,18.851963746223564,2.988302931520805
SP,351518,ESPIRITO SANTO DO PINHAL,2016–2019,35,162352,21.552025652299008,21.02925775684129,21.558095988962258,3.116094025415794
SP,351518,ESPIRITO SANTO DO PINHAL,2020–2024,79,200886,39.29758374866422,36.872249944691625,39.32578676463268,3.6969911344131985
SP,351519,ESPIRITO SANTO DO TURVO,2001–2005,4,19197,20.99604595845957,25.31645569620253,20.836589050372453,3.083586959667242
SP,351519,ESPIRITO SANTO DO TURVO,2006–2010,8,20624,38.25243564482274,24.248302618816684,38.78975950349108,3.6836095802760895
SP,351519,ESPIRITO SANTO DO TURVO,2011–2015,8,21111,37.815056026582454,23.685457129322597,37.894936289138364,3.6608640696355
SP,351519,ESPIRITO SANTO DO TURVO,2016–2019,4,16758,23.86928009711485,23.869213460561358,23.86919680152763,3.2136299614163324
SP,351519,ESPIRITO SANTO DO TURVO,2020–2024,7,20896,33.41357258826137,24.015369836695484,33.49923430321593,3.540937129681338
SP,351520,ESTRELA DOESTE,2001–2005,12,41170,29.15191316621887,36.40334910811794,29.14743745445713,3.406099926342397
SP,351520,ESTRELA DOESTE,2006–2010,4,40988,9.76324372274604,0.0,9.758953840148337,2.375738323254798
SP,351520,ESTRELA DOESTE,2011–2015,6,42382,14.022969947769706,11.661807580174928,14.156953423623237,2.718459398516332
SP,351520,ESTRELA DOESTE,2016–2019,4,35738,11.128562412544177,11.128702835326504,11.19256813475852,2.500826596838129
SP,351520,ESTRELA DOESTE,2020–2024,7,47113,14.887787271287161,20.714655618850337,14.8578948485556,2.7636674740144764
SP,351530,ESTRELA DO NORTE,2001–2005,0,13116,0.0,0.0,0.0,0.0
SP,351530,ESTRELA DO NORTE,2006–2010,1,13101,7.633587786259542,0.0,7.633005114113426,2.155592661644433
SP,351530,ESTRELA DO NORTE,2011–2015,1,13200,7.616146230007617,0.0,7.575757575757576,2.1489393361767575
SP,351530,ESTRELA DO NORTE,2016–2019,0,10686,0.0,0.0,0.0,0.0
SP,351530,ESTRELA DO NORTE,2020–2024,1,13563,7.336757153338224,0.0,7.373000073730001,2.1250122520279797
SP,351535,EUCLIDES DA CUNHA PAULISTA,2001–2005,6,50108,11.89901943115699,9.853187506158243,11.974135866528298,2.5629578269518696
SP,351535,EUCLIDES DA CUNHA PAULISTA,2006–2010,15,48541,30.85146416234976,30.51261187957689,30.9017119548423,3.4626596746468117
SP,351535,EUCLIDES DA CUNHA PAULISTA,2011–2015,10,45710,21.404492062556915,0.0,21.877050973528767,3.1301342671873367
SP,351535,EUCLIDES DA CUNHA PAULISTA,2016–2019,3,34046,8.744082403286246,11.56609919008546,8.811607824707748,2.2835661566520646
SP,351535,EUCLIDES DA CUNHA PAULISTA,2020–2024,1,40008,2.4452867098667315,0.0,2.499500099980004,1.2526201297172537
SP,351540,FARTURA,2001–2005,22,75511,29.14591282312066,26.541039081680047,29.134828038299055,3.405681580540729
SP,351540,FARTURA,2006–2010,17,76287,22.268414698139594,19.703139366872456,22.28426861719559,3.1477779659000467
SP,351540,FARTURA,2011–2015,15,78204,19.234918714490142,12.96512381693245,19.18060457265613,3.004721973478491
SP,351540,FARTURA,2016–2019,12,64532,18.575150446230086,18.53255288677839,18.59542552532077,2.975296147431155
SP,351540,FARTURA,2020–2024,31,83377,37.10161383770049,41.63692600523436,37.18051740887775,3.6423253700359948
SP,351550,FERNANDOPOLIS,2001–2005,78,312738,24.962056621947934,27.04895861509332,24.941004930644823,3.2558249187178863
SP,351550,FERNANDOPOLIS,2006–2010,73,320379,22.779119856342486,26.276740447632,22.78551340755792,3.169076715001628
SP,351550,FERNANDOPOLIS,2011–2015,96,331325,28.908470365398095,27.165300855706978,28.97457179506527,3.4003494154092144
SP,351550,FERNANDOPOLIS,2016–2019,54,274727,19.64878134429308,20.466741694446565,19.655876561095198,3.027999858151845
SP,351550,FERNANDOPOLIS,2020–2024,93,357382,25.86607581392409,25.285870817295535,26.022575283590108,3.2966726382638223
SP,351560,FERNANDO PRESTES,2001–2005,1,27320,3.6737692872887577,0.0,3.660322108345534,1.5390845677113028
SP,351560,FERNANDO PRESTES,2006–2010,1,27570,3.6271309394269133,0.0,3.6271309394269133,1.5319370085144932
SP,351560,FERNANDO PRESTES,2011–2015,1,28167,3.592599245554158,0.0,3.550253843149785,1.5151830211099209
SP,351560,FERNANDO PRESTES,2016–2019,4,23142,17.31089041657395,8.616232982939858,17.28459078731311,2.9060586716578944
SP,351560,FERNANDO PRESTES,2020–2024,5,29791,16.820613758523777,16.929067208396816,16.78359236010876,2.878276254677909
SP,351565,FERNAO,2001–2005,2,7351,27.446272626697738,0.0,27.207182696231804,3.3395766510522535
SP,351565,FERNAO,2006–2010,1,7679,12.795905310300704,0.0,13.02252897512697,2.6406652487292575
SP,351565,FERNAO,2011–2015,2,7929,25.109855618330194,0.0,25.22386177323748,3.2666697509853506
SP,351565,FERNAO,2016–2019,2,6482,30.921459492888065,0.0,30.8546744831842,3.461184136812244
SP,351565,FERNAO,2020–2024,0,8305,0.0,0.0,0.0,0.0
SP,351570,FERRAZ DE VASCONCELOS,2001–2005,405,748738,54.28546957933263,52.10212015550479,54.09101715152697,4.008986674765384
SP,351570,FERRAZ DE VASCONCELOS,2006–2010,370,814065,45.382967441051825,41.59091179161765,45.450916081639676,3.8383961869521266
SP,351570,FERRAZ DE VASCONCELOS,2011–2015,358,854849,41.86394665857676,41.37409272525238,41.87874115779512,3.7583761590040727
SP,351570,FERRAZ DE VASCONCELOS,2016–2019,319,700146,45.54292756304362,47.70459667625633,45.56192565550614,3.8407831611483982
SP,351570,FERRAZ DE VASCONCELOS,2020–2024,469,902801,51.880215884276424,56.09657586500921,51.94943293150982,3.969337362481283
SP,351580,FLORA RICA,2001–2005,1,10203,9.389671361502348,0.0,9.801038910124474,2.3796423248855905
SP,351580,FLORA RICA,2006–2010,3,9153,31.397174254317115,0.0,32.77613897082924,3.519754605582023
SP,351580,FLORA RICA,2011–2015,1,8410,12.055455093429776,0.0,11.890606420927467,2.5564988616883437
SP,351580,FLORA RICA,2016–2019,0,6326,0.0,0.0,0.0,0.0
SP,351580,FLORA RICA,2020–2024,2,7503,26.538904361358654,0.0,26.656004264960682,3.319842856833973
SP,351590,FLOREAL,2001–2005,9,15777,57.18727134820131,31.466331025802393,57.045065601825435,4.0612197019784455
SP,351590,FLOREAL,2006–2010,2,15229,13.134786936547613,0.0,13.132838663077024,2.648501072703295
SP,351590,FLOREAL,2011–2015,1,14666,6.765899864682003,0.0,6.818491749624983,2.0564916650632914
SP,351590,FLOREAL,2016–2019,1,11325,8.796622097114708,0.0,8.830022075055188,2.2854411798386685
SP,351590,FLOREAL,2020–2024,1,13764,7.204610951008645,0.0,7.265329845975008,2.1120696392455596
SP,351600,FLORIDA PAULISTA,2001–2005,6,58023,10.371252060308654,8.745845723281441,10.340726953104802,2.428400401457018
SP,351600,FLORIDA PAULISTA,2006–2010,110,62409,175.76909864894972,189.5435160322224,176.25662965277442,5.177598567549295
SP,351600,FLORIDA PAULISTA,2011–2015,168,64377,260.89893855927687,217.15526601520088,260.96276620532177,5.568202379941839
SP,351600,FLORIDA PAULISTA,2016–2019,133,51666,257.46262385096225,243.88088725624317,257.42267642163125,5.554596525107678
SP,351600,FLORIDA PAULISTA,2020–2024,93,65082,142.84886316508707,144.25632070457823,142.89665345256753,4.969095357560127
SP,351610,FLORINEA,2001–2005,3,15173,19.775032906558014,32.62642740619902,19.771963355961248,3.033604161873124
SP,351610,FLORINEA,2006–2010,5,14432,34.79045716459454,33.955857385398986,34.645232815964526,3.5736154160664135
SP,351610,FLORINEA,2011–2015,6,15289,40.66409599964707,0.0,39.24390084374387,3.694958460550014
SP,351610,FLORINEA,2016–2019,64,13728,461.10910764672224,560.989113146504,466.2004662004662,6.146758429374106
SP,351610,FLORINEA,2020–2024,169,19167,887.6150828724749,905.9419131361577,881.7237961078937,6.783012349981492
SP,351620,FRANCA,2001–2005,242,1483550,16.474484720886426,17.527361222061554,16.31222405716019,2.8514128448839355
SP,351620,FRANCA,2006–2010,279,1561186,17.888651869869356,16.502931697277987,17.871028820396802,2.9376278793778843
SP,351620,FRANCA,2011–2015,358,1634094,21.928867530579755,21.06226004068025,21.908164401803077,3.1314933711167843
SP,351620,FRANCA,2016–2019,268,1357748,19.72170512734861,19.750786468760893,19.738567097870884,3.031995111594527
SP,351620,FRANCA,2020–2024,474,1771477,26.716082481148447,26.889487068731246,26.75733300517026,3.3235000577224856
SP,351630,FRANCISCO MORATO,2001–2005,266,698384,38.062442896587726,36.32427405938292,38.08792870397947,3.665813690526295
SP,351630,FRANCISCO MORATO,2006–2010,274,750570,36.540109199371294,35.826545442255046,36.50558908562825,3.6244899641540873
SP,351630,FRANCISCO MORATO,2011–2015,252,785386,32.08183944242312,34.18825063786412,32.086133442663865,3.4991142653829974
SP,351630,FRANCISCO MORATO,2016–2019,258,644233,40.010245161550216,41.34763575519637,40.047622521665296,3.714732917574804
SP,351630,FRANCISCO MORATO,2020–2024,435,831877,52.16811714118226,49.049588528451785,52.29138442341837,3.9757746750183114
SP,351640,FRANCO DA ROCHA,2001–2005,336,573666,58.7597184699438,59.57832771637159,58.57066655510349,4.087163281020726
SP,351640,FRANCO DA ROCHA,2006–2010,405,632901,64.24936921213308,66.64445184938354,63.99105073305304,4.174249579386781
SP,351640,FRANCO DA ROCHA,2011–2015,523,674029,77.4132472183935,83.00679010499236,77.59310059359464,4.364283916874937
SP,351640,FRANCO DA ROCHA,2016–2019,647,558954,115.81898048947622,113.83096043265266,115.75192234065774,4.760051361858059
SP,351640,FRANCO DA ROCHA,2020–2024,759,728180,103.82221365954415,97.34275003624464,104.23246999368288,4.656171902811022
SP,351650,GABRIEL MONTEIRO,2001–2005,2,13603,14.697789363909488,0.0,14.702639123722708,2.753828795279938
SP,351650,GABRIEL MONTEIRO,2006–2010,0,13558,0.0,0.0,0.0,0.0
SP,351650,GABRIEL MONTEIRO,2011–2015,1,13609,7.371913011426466,0.0,7.34807847747814,2.1220313899228205
SP,351650,GABRIEL MONTEIRO,2016–2019,3,10969,27.372262773722632,0.0,27.349803993071387,3.344620116325218
SP,351650,GABRIEL MONTEIRO,2020–2024,3,13873,21.618168961726816,0.0,21.62473870107403,3.1190439403954984
SP,351660,GALIA,2001–2005,2,37956,5.210368633580826,0.0,5.2692591421646116,1.8356581885190877
SP,351660,GALIA,2006–2010,4,35864,11.21819816215979,0.0,11.153245594467991,2.497596261231169
SP,351660,GALIA,2011–2015,3,34241,8.76276347749926,0.0,8.761426360211443,2.2784385332113724
SP,351660,GALIA,2016–2019,6,26440,22.69417708639247,22.72394225931631,22.6928895612708,3.1651749846147474
SP,351660,GALIA,2020–2024,54,32133,168.25851964041274,94.04388714733543,168.05153580431332,5.130203614024271
SP,351670,GARCA,2001–2005,57,215739,26.41919889483297,30.1253678770885,26.42081403918624,3.311302361482927
SP,351670,GARCA,2006–2010,43,215622,19.942212304739066,20.874405659283312,19.942306443683854,3.0417713447294563
SP,351670,GARCA,2011–2015,52,214308,24.26064964099016,25.76534794931253,24.264143195774306,3.229386125474357
SP,351670,GARCA,2016–2019,32,169937,18.828271981411287,18.85373938771824,18.83050777641126,2.98722154867947
SP,351670,GARCA,2020–2024,84,212304,39.50776405991106,39.896737854963625,39.56590549400859,3.702927947649136
SP,351680,GASTAO VIDIGAL,2001–2005,0,18796,0.0,0.0,0.0,0.0
SP,351680,GASTAO VIDIGAL,2006–2010,7,20325,33.99936858279308,25.38715410002539,34.44034440344404,3.567850843619798
SP,351680,GASTAO VIDIGAL,2011–2015,3,19683,14.931061587514233,24.3605359317905,15.241579027587258,2.7875745607696896
SP,351680,GASTAO VIDIGAL,2016–2019,2,14313,14.13063653727554,13.831258644536652,13.973310976035771,2.706269348060041
SP,351680,GASTAO VIDIGAL,2020–2024,1,16445,6.150061500615006,0.0,6.0808756460930375,1.957397578884733
SP,351685,GAVIAO PEIXOTO,2001–2005,4,21060,18.960883143858858,0.0,18.99335232668566,2.9953998346365798
SP,351685,GAVIAO PEIXOTO,2006–2010,2,21795,9.08275750166628,0.0,9.176416609314062,2.3200729461404377
SP,351685,GAVIAO PEIXOTO,2011–2015,2,22441,8.867213478164485,0.0,8.9122588119959,2.293772254962136
SP,351685,GAVIAO PEIXOTO,2016–2019,3,18376,16.28399785059758,10.969723562966214,16.32564214192425,2.8521876088580287
SP,351685,GAVIAO PEIXOTO,2020–2024,6,23580,25.26847757422615,0.0,25.44529262086514,3.27507816971916
SP,351690,GENERAL SALGADO,2001–2005,7,53886,12.990315041934078,9.305788200260562,12.990387113535984,2.6383704590262265
SP,351690,GENERAL SALGADO,2006–2010,5,53499,9.354056015859124,9.345794392523365,9.345969083534273,2.3365969833238402
SP,351690,GENERAL SALGADO,2011–2015,3,52895,5.6449436746449875,0.0,5.671613574061821,1.8978617458224776
SP,351690,GENERAL SALGADO,2016–2019,0,41778,0.0,0.0,0.0,0.0
SP,351690,GENERAL SALGADO,2020–2024,18,51853,34.69946430627978,29.09231962761831,34.713517057836576,3.5755292461947477
SP,351700,GETULINA,2001–2005,12,52436,22.864066581964458,9.607070804111826,22.885040811656115,3.1732523555135286
SP,351700,GETULINA,2006–2010,116,53425,216.57902167340066,169.0934711131987,217.1268132896584,5.385076605997936
SP,351700,GETULINA,2011–2015,148,53147,278.5550032776232,302.34315948601665,278.47291474589343,5.632905381802472
SP,351700,GETULINA,2016–2019,149,41716,357.1489254119659,358.96469617945525,357.1771023108639,5.881027563269753
SP,351700,GETULINA,2020–2024,77,51474,149.58085991119594,127.05238467552776,149.59008431441117,5.014561471992397
SP,351710,GLICERIO,2001–2005,3,22344,13.400030018103735,22.241992882562275,13.42642320085929,2.669061469632008
SP,351710,GLICERIO,2006–2010,1,22686,4.408199250606128,0.0,4.408004936965529,1.687880251640677
SP,351710,GLICERIO,2011–2015,2,22273,8.870312277479972,0.0,8.9794818838953,2.3005311735343668
SP,351710,GLICERIO,2016–2019,1,17174,5.799118533982835,0.0,5.822755327821125,1.9202633972784073
SP,351710,GLICERIO,2020–2024,4,20844,19.212546779564697,23.969319271332694,19.190174630589137,3.005196081647872
SP,351720,GUAICARA,2001–2005,5,48142,10.604558640651359,0.0,10.385941589464501,2.432379400484509
SP,351720,GUAICARA,2006–2010,4,51816,7.864465545675785,0.0,7.71962328238382,2.1655760354261853
SP,351720,GUAICARA,2011–2015,4,54047,7.441263991438561,9.251549634563789,7.400965826040299,2.1283466785301677
SP,351720,GUAICARA,2016–2019,14,44089,31.72537309404656,31.66628959981807,31.753952232983284,3.4890236336698703
SP,351720,GUAICARA,2020–2024,10,56378,17.64763821114391,8.975049362771495,17.737415303841924,2.9305223432766416
SP,351730,GUAIMBE,2001–2005,5,26357,18.986315943749766,18.89287738522577,18.970292521910686,2.994245795388078
SP,351730,GUAIMBE,2006–2010,3,26905,11.150715063939126,0.0,11.150343802267237,2.4973574658691198
SP,351730,GUAIMBE,2011–2015,6,27233,22.0069248464375,18.311664530305805,22.032093416076084,3.136888609227148
SP,351730,GUAIMBE,2016–2019,4,21917,18.232377140537384,9.107468123861567,18.25067299356664,2.9575460208274427
SP,351730,GUAIMBE,2020–2024,20,27679,72.17572394657097,72.5689404934688,72.25694569890531,4.29397306522993
SP,351740,GUAIRA,2001–2005,19,177140,10.740582492567174,11.117287381878821,10.725979451281471,2.4618068461339955
SP,351740,GUAIRA,2006–2010,28,184150,15.126572957841447,16.291951775822742,15.204995927233233,2.7853195852656936
SP,351740,GUAIRA,2011–2015,29,189324,15.315986134054148,13.151319077303453,15.317656504193868,2.79224774266824
SP,351740,GUAIRA,2016–2019,17,154263,11.01638810154511,10.356350629880442,11.020140928155165,2.4865836535104737
SP,351740,GUAIRA,2020–2024,49,197629,24.748993529882135,22.5863929530454,24.79393206462614,3.2501392729722016
SP,351750,GUAPIACU,2001–2005,13,75682,17.072975042619092,19.364833462432223,17.177135910784596,2.900164535677586
SP,351750,GUAPIACU,2006–2010,10,85242,11.659083869910273,11.19256813475852,11.731306163628258,2.5440640124611673
SP,351750,GUAPIACU,2011–2015,7,93827,7.5002878487834845,5.417411560756271,7.460539077237896,2.135412892301753
SP,351750,GUAPIACU,2016–2019,8,80741,9.751078856116546,7.412598255779686,9.908225065332358,2.3895170978225884
SP,351750,GUAPIACU,2020–2024,31,108417,28.3123860181339,23.029800561927132,28.59330178846491,3.387548044792119
SP,351760,GUAPIARA,2001–2005,10,95963,10.450834335903906,10.614584439019213,10.420682971561956,2.4354260073049447
SP,351760,GUAPIARA,2006–2010,13,91663,14.184755295594703,11.1123458162018,14.182385477237272,2.720135905684396
SP,351760,GUAPIARA,2011–2015,14,88811,15.754546095581489,16.88998986600608,15.763813041177333,2.819222577601289
SP,351760,GUAPIARA,2016–2019,9,69652,12.912238831654896,11.53641082971292,12.921380577729282,2.6334258294228934
SP,351760,GUAPIARA,2020–2024,18,85858,20.970308995956643,23.18034306907742,20.964848936616274,3.0894433999452393
SP,351770,GUARA,2001–2005,0,95971,0.0,0.0,0.0,0.0
SP,351770,GUARA,2006–2010,17,98333,17.190297558396384,20.24086630907803,17.288194197268464,2.90625572583184
SP,351770,GUARA,2011–2015,16,97690,16.318010010960972,20.36245163917736,16.378339645818404,2.855224582812188
SP,351770,GUARA,2016–2019,23,76265,30.190937681863243,29.011989568070646,30.158001704582706,3.4390710887979417
SP,351770,GUARA,2020–2024,40,93610,42.710117857959844,32.24766204450177,42.73047751308621,3.7780452849418453
SP,351780,GUARACAI,2001–2005,5,43769,11.424129234364088,11.42334932602239,11.423610317804838,2.5195987200779912
SP,351780,GUARACAI,2006–2010,3,42626,7.025935140133418,0.0,7.03795805377,2.0841750775224748
SP,351780,GUARACAI,2011–2015,7,40879,16.873554513670406,12.10507202517855,17.123706548594633,2.897220835358132
SP,351780,GUARACAI,2016–2019,4,31199,12.72209527587859,6.311537490532694,12.82092374755601,2.6261836574629043
SP,351780,GUARACAI,2020–2024,5,37507,13.318886665128423,0.0,13.330844908950331,2.662414200949853
SP,351790,GUARACI,2001–2005,5,45861,10.826873464950486,11.036309458117206,10.902509757746232,2.4767492818926473
SP,351790,GUARACI,2006–2010,3,48703,6.0386380086886415,0.0,6.1597848181836845,1.968479927194643
SP,351790,GUARACI,2011–2015,16,50341,31.80185506379586,39.9720195862896,31.78323831469379,3.4899173577802607
SP,351790,GUARACI,2016–2019,19,40832,46.4685085836504,53.78306481426911,46.53213166144201,3.8614059383777013
SP,351790,GUARACI,2020–2024,17,51943,32.650877637161315,38.29216925138809,32.72818281577884,3.5183337732012556
SP,351800,GUARANI DOESTE,2001–2005,1,9976,10.025062656641605,0.0,10.024057738572575,2.400079951791384
SP,351800,GUARANI DOESTE,2006–2010,0,9886,0.0,0.0,0.0,0.0
SP,351800,GUARANI DOESTE,2011–2015,0,9847,0.0,0.0,0.0,0.0
SP,351800,GUARANI DOESTE,2016–2019,1,7875,12.696800406297612,0.0,12.698412698412698,2.617279964691895
SP,351800,GUARANI DOESTE,2020–2024,0,9886,0.0,0.0,0.0,0.0
SP,351810,GUARANTA,2001–2005,2,31735,6.286342920006286,0.0,6.3021900110288325,1.9881743046736893
SP,351810,GUARANTA,2006–2010,3,31939,9.384798679651718,15.61524047470331,9.392905225586274,2.3411233835024787
SP,351810,GUARANTA,2011–2015,6,32050,18.712964330016547,0.0,18.720748829953198,2.9816713215748876
SP,351810,GUARANTA,2016–2019,5,25672,19.471012767690162,15.581178315321146,19.47647242131505,3.019276540282448
SP,351810,GUARANTA,2020–2024,5,32285,15.511344976625079,15.559358954411078,15.487068297971195,2.802576334105258
SP,351820,GUARARAPES,2001–2005,27,146797,18.43014914516949,20.437359493153487,18.392746445772055,2.9648991016054556
SP,351820,GUARARAPES,2006–2010,29,151195,19.17400787341351,20.078305391024998,19.180528456628856,3.0047182017297045
SP,351820,GUARARAPES,2011–2015,20,153540,13.021252818820258,12.994607237996233,13.025921583952066,2.6409071593356557
SP,351820,GUARARAPES,2016–2019,18,123500,14.581822877545893,14.58375857690966,14.574898785425102,2.745660566124318
SP,351820,GUARARAPES,2020–2024,44,156344,28.09471042189525,25.43315848036878,28.143069129611625,3.372217118817748
SP,351830,GUARAREMA,2001–2005,0,115123,0.0,0.0,0.0,0.0
SP,351830,GUARAREMA,2006–2010,16,125049,12.708320777821369,12.198593095596308,12.794984366128476,2.6243050743687504
SP,351830,GUARAREMA,2011–2015,16,135522,11.731719592529766,11.247328759419638,11.806201207184072,2.54992952291946
SP,351830,GUARAREMA,2016–2019,20,116392,17.093654221876395,17.159334408317516,17.183311567805347,2.900504226605965
SP,351830,GUARAREMA,2020–2024,36,156514,22.81378203544848,19.20860545524395,23.001137278454323,3.1781012158274997
SP,351840,GUARATINGUETA,2001–2005,180,532604,33.814614606699934,35.67572642350842,33.79621632582557,3.549508654599919
SP,351840,GUARATINGUETA,2006–2010,166,552306,30.074774648643217,28.270226891369376,30.055802399394537,3.4357856636872772
SP,351840,GUARATINGUETA,2011–2015,186,567691,32.78304891871049,33.4695603156708,32.76430311560338,3.519404123560248
SP,351840,GUARATINGUETA,2016–2019,139,463078,30.0242423693472,29.436686038855456,30.01654148977062,3.4345206586173997
SP,351840,GUARATINGUETA,2020–2024,160,594178,26.896345291033207,25.02857428897992,26.927957615394714,3.3296282521631815
SP,351850,GUAREI,2001–2005,5,56813,8.571608536178568,8.812125484666902,8.800802633200147,2.2824642836697477
SP,351850,GUAREI,2006–2010,80,67900,116.75526259675875,122.24938875305624,117.82032400589101,4.777612469787124
SP,351850,GUAREI,2011–2015,165,73380,224.67440915308066,211.22921777050968,224.85690923957483,5.41990165379374
SP,351850,GUAREI,2016–2019,155,59374,261.22720126634215,276.6221538144164,261.0570283288982,5.5685621454528995
SP,351850,GUAREI,2020–2024,136,75333,180.6361424765699,186.50502897488843,180.53177226447903,5.20143069218356
SP,351860,GUARIBA,2001–2005,33,161752,20.475195923768805,21.076084665642973,20.40160245313814,3.063465800212128
SP,351860,GUARIBA,2006–2010,13,172823,7.58663759848466,5.711185356520746,7.522146936461003,2.1426682969451547
SP,351860,GUARIBA,2011–2015,32,179897,17.712089993144744,2.8051277735700864,17.787956441741663,2.933216049753591
SP,351860,GUARIBA,2016–2019,12,146924,8.14579299716505,6.809500299709628,8.16748795295527,2.215663306858883
SP,351860,GUARIBA,2020–2024,53,188637,28.006972444846355,26.668088964744786,28.096290759501052,3.3706107007438115
SP,351870,GUARUJA,2001–2005,1542,1361824,113.25534849343762,111.31401465270756,113.23049087106703,4.738218256953353
SP,351870,GUARUJA,2006–2010,1327,1426966,93.10325588787286,94.44173263439377,92.99450722722194,4.543236346809728
SP,351870,GUARUJA,2011–2015,1670,1449848,115.20450277701522,105.68313648271375,115.18448830498095,4.755179344155764
SP,351870,GUARUJA,2016–2019,1721,1155198,148.97770727539677,144.54391072138833,148.9787897832233,5.010493882652951
SP,351870,GUARUJA,2020–2024,2171,1449931,149.69322013085923,151.53929342685603,149.731263073898,5.015498536498719
SP,351880,GUARULHOS,2001–2005,2056,5578306,36.84297011911309,38.31522725000199,36.857067360592985,3.633817682680433
SP,351880,GUARULHOS,2006–2010,2156,5953766,36.22730258022506,36.250938184491744,36.2123738151617,3.6166413354100237
SP,351880,GUARULHOS,2011–2015,2578,6195459,41.58928584500008,44.745640714195055,41.611121952384806,3.7521152978946923
SP,351880,GUARULHOS,2016–2019,2446,5060642,48.321645436562584,48.71360397674374,48.333788479801576,3.8986092109953705
SP,351880,GUARULHOS,2020–2024,3201,6521104,48.96885213660051,46.91233972584924,49.08678039792035,3.913757108959539
SP,351885,GUATAPARA,2001–2005,0,32723,0.0,0.0,0.0,0.0
SP,351885,GUATAPARA,2006–2010,0,34217,0.0,0.0,0.0,0.0
SP,351885,GUATAPARA,2011–2015,0,35265,0.0,0.0,0.0,0.0
SP,351885,GUATAPARA,2016–2019,3,28741,10.431315358484232,6.915629322268326,10.438050172227827,2.4369455319346165
SP,351885,GUATAPARA,2020–2024,5,36723,13.478973961429606,13.529968881071573,13.615445361217764,2.682078870984159
SP,351890,GUZOLANDIA,2001–2005,6,22142,27.378306947408824,45.16711833785004,27.097823141540964,3.335692105066315
SP,351890,GUZOLANDIA,2006–2010,4,23294,17.39352275132351,0.0,17.171803897999485,2.8998711564015243
SP,351890,GUZOLANDIA,2011–2015,7,23109,30.37770053243036,21.8435998252512,30.291228525682637,3.4433378194757966
SP,351890,GUZOLANDIA,2016–2019,3,17721,16.851146344283425,22.361852679494497,16.929067208396816,2.886423262192176
SP,351890,GUZOLANDIA,2020–2024,5,21396,23.254259729487387,23.386342376052387,23.36885399140026,3.1933058411477293
SP,351900,HERCULANDIA,2001–2005,9,40988,22.12588190387345,24.195499637067506,21.957646140333758,3.1336510461755225
SP,351900,HERCULANDIA,2006–2010,3,42755,6.998256316297576,11.499540018399264,7.0167231902701435,2.0815297586201527
SP,351900,HERCULANDIA,2011–2015,1,44007,2.254283137962128,0.0,2.2723657599927285,1.1855131973318946
SP,351900,HERCULANDIA,2016–2019,2,35848,5.6129321957790745,0.0,5.57911180540058,1.8838997522443934
SP,351900,HERCULANDIA,2020–2024,3,45780,6.5689882000487785,0.0,6.55307994757536,2.021955420152209
SP,351905,HOLAMBRA,2001–2005,5,41338,13.02580060471097,0.0,12.09540858290193,2.572261678916367
SP,351905,HOLAMBRA,2006–2010,3,51746,5.99138635142088,0.0,5.797549569048815,1.916562189744876
SP,351905,HOLAMBRA,2011–2015,6,60772,10.08073111573901,8.639308855291578,9.872967814124927,2.3862796918461364
SP,351905,HOLAMBRA,2016–2019,5,54182,9.168533596911258,7.566256532460961,9.228156952493448,2.3251444026860004
SP,351905,HOLAMBRA,2020–2024,3,75150,3.9320818890360116,0.0,3.9920159680638725,1.6078398297927543
SP,351907,HORTOLANDIA,2001–2005,179,818468,21.888056313222492,21.776585047171924,21.8701280929737,3.1298316089360885
SP,351907,HORTOLANDIA,2006–2010,338,919953,36.66277404285843,33.213625890021376,36.74100742103129,3.630747233305153
SP,351907,HORTOLANDIA,2011–2015,457,1014536,44.84867585356901,41.6240396381216,45.045222643651876,3.8296240145107956
SP,351907,HORTOLANDIA,2016–2019,542,876535,61.825780459183896,61.81331346708774,61.83438196991563,4.1405024072570695
SP,351907,HORTOLANDIA,2020–2024,557,1187198,46.88857979333265,46.483914452694165,46.91719494136614,3.86947441581187
SP,351910,IACANGA,2001–2005,8,43851,18.689607373360847,11.406410402646287,18.243597637454105,2.9571784151512612
SP,351910,IACANGA,2006–2010,1,48218,2.074688796680498,0.0,2.0739143058608818,1.1229517676493932
SP,351910,IACANGA,2011–2015,10,50587,19.733882833182303,19.837333862328904,19.76792456559986,3.0334097082731653
SP,351910,IACANGA,2016–2019,5,41104,12.16033575465667,9.697938033002163,12.164266251459713,2.5775060566027577
SP,351910,IACANGA,2020–2024,4,52371,7.583199234693692,9.492168960607499,7.63781482117966,2.1561496366124535
SP,351920,IACRI,2001–2005,1,33360,2.997601918465228,0.0,2.997601918465228,1.3856946609519925
SP,351920,IACRI,2006–2010,3,32452,9.194179782717619,15.239256324291373,9.244422531739184,2.3267334142397966
SP,351920,IACRI,2011–2015,2,31729,6.30327326219223,0.0,6.303381764316556,1.9883374962705263
SP,351920,IACRI,2016–2019,1,24950,3.9853339709867686,0.0,4.008016032064128,1.6110398350834336
SP,351920,IACRI,2020–2024,3,30839,9.724505997094328,0.0,9.727941891760432,2.3728517294621385
SP,351925,IARAS,2001–2005,4,19147,22.641120073710074,26.253609871357312,20.89100120123257,3.086075648324944
SP,351925,IARAS,2006–2010,54,27666,202.39677562085438,210.52631578947367,195.1854261548471,5.279060263815991
SP,351925,IARAS,2011–2015,46,33763,135.20423664211756,99.82886480319453,136.2438171963392,4.921759031625154
SP,351925,IARAS,2016–2019,35,29419,118.47490638298164,108.45505535058626,118.9707331996329,4.787247823032984
SP,351925,IARAS,2020–2024,43,39970,108.12419469574164,112.35955056179776,107.58068551413561,4.6874935419049315
SP,351930,IBATE,2001–2005,23,138416,16.591638463294455,14.237915569160675,16.61657611836782,2.8688402837125713
SP,351930,IBATE,2006–2010,12,149172,8.027974754524699,10.05766393992222,8.044405116241654,2.2021463473357312
SP,351930,IBATE,2011–2015,22,155447,14.135931750588345,16.206404771165566,14.152733729181005,2.7181809598476505
SP,351930,IBATE,2016–2019,18,126516,14.22469883959921,12.677103115410883,14.227449492554303,2.7230996868656256
SP,351930,IBATE,2020–2024,24,161917,14.841917796807437,15.318158144664686,14.822409012024679,2.7614272271072386
SP,351940,IBIRA,2001–2005,5,49311,10.143860113982042,10.141987829614605,10.139725416235729,2.4105175857425527
SP,351940,IBIRA,2006–2010,8,52957,14.92288142869966,18.355359765051393,15.106595917442455,2.7792288724059087
SP,351940,IBIRA,2011–2015,4,55447,7.203970087041361,9.017945711966815,7.214096344256677,2.1058517447395846
SP,351940,IBIRA,2016–2019,9,45543,19.691834297279147,17.618040873854827,19.761544035307292,3.0331024310284653
SP,351940,IBIRA,2020–2024,9,58611,15.225412511937154,8.655011251514626,15.355479346880278,2.794562969449892
SP,351950,IBIRAREMA,2001–2005,5,29961,16.75569269921812,16.972165648336727,16.68836153666433,2.872906883003898
SP,351950,IBIRAREMA,2006–2010,3,32541,9.173063154743062,14.869888475836431,9.21913893242371,2.3242623280385555
SP,351950,IBIRAREMA,2011–2015,11,33192,33.10273713227993,29.86857825567503,33.14051578693661,3.5304848252467984
SP,351950,IBIRAREMA,2016–2019,9,26042,34.584786518972834,30.88813895464142,34.55955763766224,3.571208970682564
SP,351950,IBIRAREMA,2020–2024,14,32122,43.55361572141895,46.77997816934352,43.58383662287529,3.7973713857816787
SP,351960,IBITINGA,2001–2005,82,242503,33.89012845294569,31.75544076551783,33.814014671983436,3.5500200261696038
SP,351960,IBITINGA,2006–2010,105,258949,40.61468639567467,41.091065628301955,40.548524999131104,3.7268620212521104
SP,351960,IBITINGA,2011–2015,75,274024,27.416439790683036,26.82355465746321,27.369865413248473,3.345327504828135
SP,351960,IBITINGA,2016–2019,77,229440,33.55348215879172,33.482065383038346,33.55997210599721,3.542696136817393
SP,351960,IBITINGA,2020–2024,90,301160,29.885655922786743,30.597674576732167,29.884446805684686,3.4302527175639344
SP,351970,IBIUNA,2001–2005,69,331844,20.818451915732634,19.392854479003507,20.792902689215413,3.081584352072457
SP,351970,IBIUNA,2006–2010,51,349009,14.575315040593006,12.89490651192779,14.612803681280425,2.7480913264254023
SP,351970,IBIUNA,2011–2015,57,361458,15.784092958841835,16.6828861393021,15.76946699201567,2.8195597919081696
SP,351970,IBIUNA,2016–2019,73,295719,24.651797863739294,26.37850537456324,24.685596799664545,3.245930398987607
SP,351970,IBIUNA,2020–2024,112,379961,29.429181241803256,26.45327689967595,29.476709451759522,3.4169627673711642
SP,351980,ICEM,2001–2005,9,34864,25.708311003604187,28.686173264486516,25.81459385039009,3.2889462859614302
SP,351980,ICEM,2006–2010,3,36597,8.17210179020035,0.0,8.197393228953194,2.218920099226306
SP,351980,ICEM,2011–2015,1,37749,2.659574468085107,0.0,2.6490767967363373,1.2944742032006022
SP,351980,ICEM,2016–2019,25,30732,81.25394274715794,71.52415296934586,81.34843160223872,4.410959410932126
SP,351980,ICEM,2020–2024,29,39229,73.92715698293932,75.29175555276697,73.92490249560275,4.31648631184189
SP,351990,IEPE,2001–2005,7,36832,19.06053735462915,13.575889220743958,19.005212858384017,2.995992882511727
SP,351990,IEPE,2006–2010,7,37762,18.40598631645252,13.175230566534914,18.53715375244955,2.972317973387077
SP,351990,IEPE,2011–2015,7,38128,18.361687943942577,13.113034356150013,18.359211078472516,2.963168330939225
SP,351990,IEPE,2016–2019,10,30489,32.797638936978686,32.79892998493516,32.798714290399815,3.520422763019914
SP,351990,IEPE,2020–2024,19,38277,49.66776771975434,26.2501640635254,49.638163910442294,3.924705519485907
SP,352000,IGARACU DO TIETE,2001–2005,44,114181,38.59877762536107,30.653354352776315,38.535307975932945,3.6771941454491177
SP,352000,IGARACU DO TIETE,2006–2010,35,116053,30.192926451118968,34.57964123622217,30.158634417033596,3.4390913951716575
SP,352000,IGARACU DO TIETE,2011–2015,35,116489,30.043393085052696,30.073895858394913,30.045755393213092,3.4354620967228975
SP,352000,IGARACU DO TIETE,2016–2019,40,92807,43.10330030422024,45.270364896165276,43.100197183402116,3.7864642537217637
SP,352000,IGARACU DO TIETE,2020–2024,53,116078,45.59564222308855,51.57519233248807,45.658953462327055,3.842864837330328
SP,352010,IGARAPAVA,2001–2005,0,132593,0.0,0.0,0.0,0.0
SP,352010,IGARAPAVA,2006–2010,18,137679,13.108204163351306,14.310246136233541,13.07388926415793,2.644321255399003
SP,352010,IGARAPAVA,2011–2015,42,137536,30.57407479055835,25.448992946993386,30.53745928338762,3.4511760229124424
SP,352010,IGARAPAVA,2016–2019,19,107408,17.717464875653544,14.936945695881935,17.68955757485476,2.927964949429921
SP,352010,IGARAPAVA,2020–2024,30,132296,22.64771237800984,18.880749188127787,22.676422567575738,3.164479724598575
SP,352020,IGARATA,2001–2005,0,42252,0.0,0.0,0.0,0.0
SP,352020,IGARATA,2006–2010,5,43604,11.3805194616173,0.0,11.466837904779378,2.5230721513355334
SP,352020,IGARATA,2011–2015,6,46235,12.852848880084228,10.982976386600768,12.977181788688224,2.63742612769194
SP,352020,IGARATA,2016–2019,4,39611,10.063062540796864,10.255431171811868,10.09820504405342,2.406783387499247
SP,352020,IGARATA,2020–2024,12,52992,22.67948546976421,19.443904335990666,22.644927536231883,3.163148611436116
SP,352030,IGUAPE,2001–2005,69,139222,49.58550669100742,49.77777777777778,49.56113257962104,3.92318315029224
SP,352030,IGUAPE,2006–2010,85,142765,59.55207336405624,62.41115079227489,59.53840226946381,4.10327791192493
SP,352030,IGUAPE,2011–2015,85,144546,58.78356700407583,58.75846813217199,58.80480954159921,4.091086084839542
SP,352030,IGUAPE,2016–2019,84,116048,72.36842241190513,70.65977309482903,72.38384116917138,4.295703763825466
SP,352030,IGUAPE,2020–2024,125,146653,85.00677954587388,68.80181636795211,85.23521509958883,4.457078622082328
SP,352040,ILHABELA,2001–2005,53,114180,46.770644423364004,41.25752949913359,46.417936591346994,3.8590005662225115
SP,352040,ILHABELA,2006–2010,58,132826,43.51804936506727,47.52156748062582,43.666149699607004,3.7992159373264283
SP,352040,ILHABELA,2011–2015,51,148786,34.38344297144135,34.221963656274596,34.27741857432823,3.563243058799662
SP,352040,ILHABELA,2016–2019,37,128973,28.526863025909414,26.354647592868282,28.688175044389133,3.390748819873666
SP,352040,ILHABELA,2020–2024,87,174912,49.312607911403106,42.93811186809412,49.73929747530187,3.9267007084958974
SP,352042,ILHA COMPRIDA,2001–2005,24,36679,65.06173916946352,66.21639517944644,65.43253632868944,4.196186941419308
SP,352042,ILHA COMPRIDA,2006–2010,20,42558,47.420591985663414,48.45548152634767,46.99468960007519,3.871090371455806
SP,352042,ILHA COMPRIDA,2011–2015,25,49884,50.680615437015646,53.60205831903945,50.11626974581028,3.9341028368631825
SP,352042,ILHA COMPRIDA,2016–2019,16,46289,34.543538503535096,35.755975056293096,34.56544751452829,3.571374591110061
SP,352042,ILHA COMPRIDA,2020–2024,52,66602,76.97624286636967,73.0780473545747,78.07573346145762,4.370406044665073
SP,352044,ILHA SOLTEIRA,2001–2005,27,121561,22.233319173013076,20.65603569362968,22.211070984937603,3.144629362476307
SP,352044,ILHA SOLTEIRA,2006–2010,17,124236,13.677111367802098,12.07389222038878,13.683634373289546,2.686733565657571
SP,352044,ILHA SOLTEIRA,2011–2015,7,125922,5.5603138667669745,3.983428935627788,5.558996839313226,1.880837670426016
SP,352044,ILHA SOLTEIRA,2016–2019,15,101464,14.773350750021358,17.722859720264168,14.783568556335252,2.7589694341054227
SP,352044,ILHA SOLTEIRA,2020–2024,23,128657,17.81583718101699,22.865853658536587,17.876990758373037,2.9379437602157314
SP,352050,INDAIATUBA,2001–2005,238,809072,29.766530899753356,25.98157782410472,29.41641782189966,3.414982522563206
SP,352050,INDAIATUBA,2006–2010,187,947372,19.78167854186777,18.538207791499687,19.73881432003479,3.032007032412836
SP,352050,INDAIATUBA,2011–2015,211,1070266,19.83063807088959,18.114992062773215,19.714725124408325,3.0308448060427415
SP,352050,INDAIATUBA,2016–2019,207,935940,22.03956651334189,23.068263123253367,22.116802359125582,3.1405597279727884
SP,352050,INDAIATUBA,2020–2024,326,1281787,25.283738452950352,22.67857422149929,25.43324280867258,3.274622415326447
SP,352060,INDIANA,2001–2005,1,24498,4.073319755600815,0.0,4.081965874765287,1.625698169953209
SP,352060,INDIANA,2006–2010,3,24232,12.334695039002911,0.0,12.380323539121823,2.593785235209064
SP,352060,INDIANA,2011–2015,0,24451,0.0,0.0,0.0,0.0
SP,352060,INDIANA,2016–2019,6,19956,30.088778696963804,20.088781275221955,30.066145520144318,3.4361186577800815
SP,352060,INDIANA,2020–2024,3,25533,11.78526806934932,0.0,11.749500646222534,2.5454921058353124
SP,352070,INDIAPORA,2001–2005,7,20055,34.96452003459465,25.12562814070352,34.904013961605585,3.580849098759491
SP,352070,INDIAPORA,2006–2010,4,19668,20.298511302401103,25.322866548493288,20.337604230221682,3.0604709729461996
SP,352070,INDIAPORA,2011–2015,3,19679,15.175807782662867,0.0,15.244677066924133,2.7877652900022154
SP,352070,INDIAPORA,2016–2019,2,15940,12.583388900599111,12.565971349585322,12.547051442910915,2.6061689179569254
SP,352070,INDIAPORA,2020–2024,5,20253,24.706620621530735,24.850894632206757,24.68770058756727,3.246012300987708
SP,352080,INUBIA PAULISTA,2001–2005,6,17044,35.15540251758379,29.86857825567503,35.20300398967378,3.5891420985289746
SP,352080,INUBIA PAULISTA,2006–2010,2,17828,11.321120449704958,0.0,11.21830827911151,2.5029355054620157
SP,352080,INUBIA PAULISTA,2011–2015,0,18131,0.0,0.0,0.0,0.0
SP,352080,INUBIA PAULISTA,2016–2019,2,14482,13.80452788514633,0.0,13.810247203424941,2.695319319796375
SP,352080,INUBIA PAULISTA,2020–2024,0,18162,0.0,0.0,0.0,0.0
SP,352090,IPAUSSU,2001–2005,17,64386,26.551713653270706,23.29916123019571,26.403255366073374,3.3106618153175766
SP,352090,IPAUSSU,2006–2010,18,67172,26.851182052087374,30.03003003003003,26.796879652236047,3.324923771671583
SP,352090,IPAUSSU,2011–2015,9,68375,13.16142516112536,14.620951823963741,13.162705667276052,2.6506121482099214
SP,352090,IPAUSSU,2016–2019,15,54775,27.384124519987033,21.901007913227367,27.384755819260608,3.345852234128778
SP,352090,IPAUSSU,2020–2024,13,68879,18.838385661633176,21.704529011720446,18.873677027831416,2.989396093687459
SP,352100,IPERO,2001–2005,45,104814,43.95772692494354,41.197473221642404,42.9331959471063,3.782670206243047
SP,352100,IPERO,2006–2010,92,130046,69.70313312729724,74.20494699646643,70.74419820678837,4.273106990140855
SP,352100,IPERO,2011–2015,175,150818,115.74015348866692,120.15327661232706,116.03389515840286,4.762463595050746
SP,352100,IPERO,2016–2019,152,132657,115.37594751129137,110.40210957621356,114.58121320397717,4.749973427494667
SP,352100,IPERO,2020–2024,156,182328,84.94081655081784,90.51263062618283,85.56008950901672,4.4608388491666835
SP,352110,IPEUNA,2001–2005,2,23960,7.827788649706458,0.0,8.347245409015025,2.235081691233444
SP,352110,IPEUNA,2006–2010,2,28209,6.873084124850882,0.0,7.0899358360806835,2.090620799775744
SP,352110,IPEUNA,2011–2015,1,31054,3.1867431485022304,0.0,3.2201970760610545,1.4398818274458882
SP,352110,IPEUNA,2016–2019,5,26055,19.090646401083745,15.273534708092965,19.190174630589137,3.005196081647872
SP,352110,IPEUNA,2020–2024,16,34191,46.64603184400653,29.278290147855365,46.79594045216577,3.8669407081118834
SP,352115,IPIGUA,2001–2005,1,18745,5.077430820005079,0.0,5.334755934915977,1.8460512865772658
SP,352115,IPIGUA,2006–2010,0,21240,0.0,0.0,0.0,0.0
SP,352115,IPIGUA,2011–2015,4,24786,15.612261158354912,18.846588767433094,16.138142499798274,2.841306535056464
SP,352115,IPIGUA,2016–2019,4,23161,16.84742760496366,17.285272013340514,17.270411467553217,2.9052828916225293
SP,352115,IPIGUA,2020–2024,10,33536,29.701165568607895,29.581422866439876,29.818702290076338,3.428121722908025
SP,352120,IPORANGA,2001–2005,2,22408,9.031384059607134,0.0,8.925383791503036,2.2950954949946927
SP,352120,IPORANGA,2006–2010,2,21752,9.140767824497257,0.0,9.194556822361163,2.321853932984574
SP,352120,IPORANGA,2011–2015,3,21172,14.076015342359728,0.0,14.169658038919327,2.719297251176198
SP,352120,IPORANGA,2016–2019,2,16558,12.140421268048947,12.10946960523129,12.078753472641623,2.5709890412309377
SP,352120,IPORANGA,2020–2024,15,20359,73.61349670966811,49.43153732081067,73.67748907117246,4.313178695601208
SP,352130,IPUA,2001–2005,0,62579,0.0,0.0,0.0,0.0
SP,352130,IPUA,2006–2010,6,68321,8.557280236667186,7.193209610128039,8.782072861931177,2.280551410661412
SP,352130,IPUA,2011–2015,7,71120,9.822515387084348,14.03607270685662,9.84251968503937,2.3834754122700637
SP,352130,IPUA,2016–2019,13,57354,22.661529658822417,20.90411501276077,22.666248212853507,3.1640499070698573
SP,352130,IPUA,2020–2024,23,72548,31.710272459534856,20.792902689215413,31.70314826046204,3.4874713503472172
SP,352140,IRACEMAPOLIS,2001–2005,12,83957,14.6174051343316,11.330802787377486,14.29303095632288,2.7273972315791264
SP,352140,IRACEMAPOLIS,2006–2010,21,95269,22.128162688923233,20.482359567822215,22.04284709611731,3.1373554000734063
SP,352140,IRACEMAPOLIS,2011–2015,16,102491,15.613161440350869,14.863258026159333,15.611126830648544,2.8100727618207424
SP,352140,IRACEMAPOLIS,2016–2019,15,84881,17.66844293204111,14.084412701532937,17.671799342609063,2.9270143290537805
SP,352140,IRACEMAPOLIS,2020–2024,17,110032,15.365473216655198,13.868984328047711,15.4500508942853,2.8003285710841204
SP,352150,IRAPUA,2001–2005,3,34189,8.749910361445128,0.0,8.7747521132528,2.2798027462918524
SP,352150,IRAPUA,2006–2010,5,35739,14.017308913331524,13.745704467353951,13.990318699459975,2.7074045726930334
SP,352150,IRAPUA,2011–2015,2,35854,5.632216277105041,0.0,5.5781781670106545,1.883757832685966
SP,352150,IRAPUA,2016–2019,2,28069,7.091233959590566,7.074136955291455,7.125298371869322,2.0949824502331484
SP,352150,IRAPUA,2020–2024,9,34552,25.98294289333318,28.960324355632782,26.047696225978235,3.297601834418909
SP,352160,IRAPURU,2001–2005,2,37776,5.282994117640902,0.0,5.294366793731469,1.8396550736730564
SP,352160,IRAPURU,2006–2010,56,38607,144.7507741955735,154.73887814313346,145.05141554640352,4.983958720990844
SP,352160,IRAPURU,2011–2015,160,38037,422.04006345572816,503.5113290049026,420.6430580750322,6.044159122171218
SP,352160,IRAPURU,2016–2019,124,29366,422.15605363377784,419.22328299032745,422.2570319417013,6.047979635031643
SP,352160,IRAPURU,2020–2024,93,35684,260.3722340075957,251.92442267319802,260.62100661360836,5.566896916869865
SP,352170,ITABERA,2001–2005,23,92948,24.801805963209617,16.324753768297327,24.7450187201446,3.248241160634939
SP,352170,ITABERA,2006–2010,6,90323,6.636815437564271,5.472854640980736,6.642826301163601,2.0337674694767336
SP,352170,ITABERA,2011–2015,11,89446,12.295940340195722,11.1731843575419,12.29792276904501,2.587607840251337
SP,352170,ITABERA,2016–2019,4,71744,5.570409982174688,0.0,5.575379125780553,1.883332238117129
SP,352170,ITABERA,2020–2024,16,90296,17.689439445438886,16.556291390728475,17.719500310091256,2.92956577785618
SP,352180,ITAI,2001–2005,20,109465,18.38569642936996,17.797552836484986,18.270680126067692,2.9585847763580655
SP,352180,ITAI,2006–2010,46,116932,39.31834708405318,35.12931980854521,39.33910306845004,3.697321297981657
SP,352180,ITAI,2011–2015,30,121481,24.660081396161036,20.74344507135745,24.695219828615176,3.246304975714667
SP,352180,ITAI,2016–2019,30,98937,30.2907386503582,34.30557229108632,30.322326328875953,3.444331144509731
SP,352180,ITAI,2020–2024,96,126723,75.7313602998217,75.75757575757575,75.75578229682063,4.340628723001695
SP,352190,ITAJOBI,2001–2005,3,71636,4.178384242146766,6.948304613674263,4.187838516946787,1.646317139706617
SP,352190,ITAJOBI,2006–2010,5,72451,6.895038625816492,0.0,6.901215994258188,2.067016670951818
SP,352190,ITAJOBI,2011–2015,3,75660,3.9496916909701865,6.441638752898737,3.965107057890563,1.6024348597803908
SP,352190,ITAJOBI,2016–2019,7,64136,10.865771484799767,9.336897456461212,10.914307097417987,2.4777399550550903
SP,352190,ITAJOBI,2020–2024,5,84941,5.902820097894759,5.962318149296446,5.88643882224132,1.929554089612754
SP,352200,ITAJU,2001–2005,4,14042,28.802800581921918,35.62522265764161,28.48597065945022,3.38391457935999
SP,352200,ITAJU,2006–2010,5,15577,32.12139870734732,30.807147258163894,32.09860692045965,3.4994911945021583
SP,352200,ITAJU,2011–2015,1,16677,6.05143721633888,0.0,5.996282304970919,1.9453789086822617
SP,352200,ITAJU,2016–2019,3,13895,21.560642721041106,28.53126501605362,21.590500179920834,3.1175294718868845
SP,352200,ITAJU,2020–2024,1,18118,5.578800557880056,0.0,5.519372999227288,1.8747782055516522
SP,352210,ITANHAEM,2001–2005,297,381224,77.84513590744561,79.81565159180731,77.90695234297947,4.368269339850454
SP,352210,ITANHAEM,2006–2010,291,419208,69.10460073787364,69.07128390639085,69.41661418675216,4.254429232292003
SP,352210,ITANHAEM,2011–2015,537,464286,115.54161248413172,119.75553353154937,115.6614672852509,4.75927629869583
SP,352210,ITANHAEM,2016–2019,428,408811,104.6226754007405,104.84662025885748,104.69385608508578,4.660546765217898
SP,352210,ITANHAEM,2020–2024,544,562715,96.27124230327031,100.48111721377784,96.67416009880667,4.581637041966939
SP,352215,ITAOCA,2001–2005,5,16133,30.996218937740714,0.0,30.99237587553462,3.4654976205232164
SP,352215,ITAOCA,2006–2010,3,16138,18.58928057832976,30.97893432465923,18.589664146734414,2.9750020876917955
SP,352215,ITAOCA,2011–2015,2,16377,12.27209834244783,0.0,12.212248885632288,2.581144345197941
SP,352215,ITAOCA,2016–2019,1,13392,7.485029940119761,0.0,7.467144563918757,2.136193328320781
SP,352215,ITAOCA,2020–2024,1,17162,5.730659025787966,0.0,5.8268267101736395,1.9208599551014858
SP,352220,ITAPECERICA DA SERRA,2001–2005,316,681061,46.34859588847765,45.51661356395084,46.39819340705164,3.8585841141994006
SP,352220,ITAPECERICA DA SERRA,2006–2010,331,738820,44.811590500991024,44.000676933491285,44.80116943233806,3.824309624251329
SP,352220,ITAPECERICA DA SERRA,2011–2015,394,770357,51.11863694484472,46.584453732579355,51.14511843210355,3.9540305707778756
SP,352220,ITAPECERICA DA SERRA,2016–2019,373,625125,59.692320737773926,63.549685088236245,59.66806638672265,4.1054174704511395
SP,352220,ITAPECERICA DA SERRA,2020–2024,483,799195,60.43378433970925,62.832463032550876,60.43581353737198,4.117992947477677
SP,352230,ITAPETININGA,2001–2005,203,654783,31.055403799513755,31.633175669568885,31.00263751502406,3.465818321747694
SP,352230,ITAPETININGA,2006–2010,313,702138,44.599420603671476,43.33600572035275,44.5781313644896,3.819428026147167
SP,352230,ITAPETININGA,2011–2015,271,738137,36.647807783124996,37.93549610822455,36.71405172752483,3.6300327498773393
SP,352230,ITAPETININGA,2016–2019,328,610501,53.749374385557,55.2393291422551,53.72636572257866,4.002345599197641
SP,352230,ITAPETININGA,2020–2024,350,794415,43.9353573171386,40.22320687497606,44.05757695914604,3.807941159904139
SP,352240,ITAPEVA,2001–2005,153,421527,36.322054450423884,39.369609047851974,36.296607334761475,3.6189023663403916
SP,352240,ITAPEVA,2006–2010,111,433780,25.596198553215025,21.901259898793125,25.589008253031494,3.2804979068170224
SP,352240,ITAPEVA,2011–2015,109,441215,24.68828286765977,26.112921354692947,24.704509139535144,3.2466664294113143
SP,352240,ITAPEVA,2016–2019,131,355930,36.80852170549124,34.3072857757614,36.80498974517461,3.6324410977543997
SP,352240,ITAPEVA,2020–2024,118,452027,26.060092378007973,25.6330242510699,26.104635342579094,3.2997047591106083
SP,352250,ITAPEVI,2001–2005,557,865858,64.32577620609234,61.81612303141645,64.32925491246833,4.17943994380474
SP,352250,ITAPEVI,2006–2010,513,962626,53.311659403137675,53.92755392755392,53.29172492743807,3.9943718198833946
SP,352250,ITAPEVI,2011–2015,565,1041280,54.241176766667365,52.496144814365195,54.26014136447449,4.012051877662004
SP,352250,ITAPEVI,2016–2019,483,879809,54.82354643408886,53.463922428051625,54.8982790582956,4.023533593610151
SP,352250,ITAPEVI,2020–2024,784,1167491,67.09488170125115,65.30976670359286,67.15255192545382,4.221748603156125
SP,352260,ITAPIRA,2001–2005,139,324435,42.86365263051243,46.96673189823875,42.843712916300646,3.7806313314874234
SP,352260,ITAPIRA,2006–2010,112,337382,33.27324608837388,29.410467185271237,33.19679176719564,3.53213183169158
SP,352260,ITAPIRA,2011–2015,106,346967,30.59681506201565,31.70394281761586,30.550455807036403,3.4515880360155546
SP,352260,ITAPIRA,2016–2019,71,282782,25.117734620594884,25.36249926792501,25.107680121082673,3.262229528556143
SP,352260,ITAPIRA,2020–2024,98,362059,27.033324657875102,26.599840400957593,27.06741166494964,3.334609176109705
SP,352265,ITAPIRAPUA PAULISTA,2001–2005,4,18327,21.783729413530274,26.845637583892614,21.825721612920827,3.1278880410052015
SP,352265,ITAPIRAPUA PAULISTA,2006–2010,3,19088,15.590511075951142,25.77319587628866,15.716680637049455,2.8164070614553056
SP,352265,ITAPIRAPUA PAULISTA,2011–2015,1,19913,4.978839930296241,0.0,5.021845025862502,1.7953936950659128
SP,352265,ITAPIRAPUA PAULISTA,2016–2019,2,16564,12.023021527828568,11.918951132300357,12.07437816952427,2.5706544500838406
SP,352265,ITAPIRAPUA PAULISTA,2020–2024,3,21567,13.974301603160518,0.0,13.910140492418973,2.702041551429703
SP,352270,ITAPOLIS,2001–2005,40,192136,20.866113770749187,23.560826199638733,20.818586834325686,3.0827622136112534
SP,352270,ITAPOLIS,2006–2010,23,197906,11.631546103375795,10.106114199090449,11.621678978909179,2.535415889381884
SP,352270,ITAPOLIS,2011–2015,13,199554,6.512214686965488,5.0228539856346375,6.514527396093288,2.0168381331493275
SP,352270,ITAPOLIS,2016–2019,22,158806,13.851947013548454,13.868898874942072,13.85338085462766,2.6982275063148085
SP,352270,ITAPOLIS,2020–2024,52,199057,26.140361797038235,20.256754361532423,26.12317075008666,3.3003883718017706
SP,352280,ITAPORANGA,2001–2005,18,72061,24.97503389705168,20.87246921310791,24.978837373891565,3.257282259428618
SP,352280,ITAPORANGA,2006–2010,16,72549,22.039226230605976,20.67539627842867,22.054060014610815,3.137841893394432
SP,352280,ITAPORANGA,2011–2015,15,72160,20.77234176862988,20.787139689578716,20.787139689578716,3.0813198732259153
SP,352280,ITAPORANGA,2016–2019,23,57030,40.37025707575675,38.65643253652333,40.32965106084517,3.7215801857308066
SP,352280,ITAPORANGA,2020–2024,21,70801,29.676233432420624,28.32259434964243,29.66059801415234,3.4229783779550957
SP,352290,ITAPUI,2001–2005,5,54422,9.310081031536075,9.189487226612755,9.187460953290948,2.321157645753839
SP,352290,ITAPUI,2006–2010,11,58961,18.259222912204315,16.964967342437866,18.656399993215857,2.9784029846870324
SP,352290,ITAPUI,2011–2015,14,62648,22.411904722421138,15.660480776759846,22.347082109564553,3.150472013118543
SP,352290,ITAPUI,2016–2019,11,52330,20.86778809627622,11.558553384603485,21.020447162239634,3.0919714381836987
SP,352290,ITAPUI,2020–2024,17,68392,24.700757802822952,22.174587922241113,24.85670838694584,3.2525700793545433
SP,352300,ITAPURA,2001–2005,8,19938,39.56496128647818,50.163029847002754,40.12438559534557,3.716601269043127
SP,352300,ITAPURA,2006–2010,6,21242,28.375217814456096,23.24500232450023,28.245927878730818,3.3757403461649966
SP,352300,ITAPURA,2011–2015,4,21297,18.784247652969526,23.29916123019571,18.781988073437574,2.984771830417739
SP,352300,ITAPURA,2016–2019,5,16467,30.342339317376684,36.30038212170777,30.363757818667636,3.445653016704749
SP,352300,ITAPURA,2020–2024,2,20038,9.993780260679737,0.0,9.981036031540073,2.3961697878723798
SP,352310,ITAQUAQUECETUBA,2001–2005,625,1434170,43.64123142451927,42.17957024079473,43.579213064002175,3.7972676755812427
SP,352310,ITAQUAQUECETUBA,2006–2010,615,1557178,39.476615488173316,39.46918606458029,39.494521499790004,3.7011666933523406
SP,352310,ITAQUAQUECETUBA,2011–2015,530,1665420,31.861028996280414,33.18135453662853,31.823804205545745,3.4911539901435953
SP,352310,ITAQUAQUECETUBA,2016–2019,561,1402876,39.9424954591384,37.92510268064164,39.989279166512226,3.713310548767869
SP,352310,ITAQUAQUECETUBA,2020–2024,732,1853594,39.48232001132193,40.3493331527994,39.49084858928115,3.701075987821025
SP,352320,ITARARE,2001–2005,61,234821,25.981365749766816,25.402739262050424,25.977233722707933,3.2949933148598216
SP,352320,ITARARE,2006–2010,50,238276,20.98807597207918,18.996559511999493,20.984068894894996,3.0903180499003393
SP,352320,ITARARE,2011–2015,48,235184,20.38686364307491,16.795431642593215,20.409551670181646,3.0638371621759735
SP,352320,ITARARE,2016–2019,43,182877,23.54362248354287,21.85937540040289,23.513071627377965,3.199206511082401
SP,352320,ITARARE,2020–2024,60,224366,26.77041291413417,31.109728456513043,26.74201973561057,3.322948221739107
SP,352330,ITARIRI,2001–2005,38,70740,53.91712580109718,55.12679162072767,53.71783997738196,4.0021897984376205
SP,352330,ITARIRI,2006–2010,27,75412,35.64417572856196,26.867275658248257,35.803320426457326,3.6055880700843144
SP,352330,ITARIRI,2011–2015,34,77426,43.91463820484306,38.769707934866894,43.912897476299946,3.804725002415504
SP,352330,ITARIRI,2016–2019,37,62026,59.65371105387639,58.04019027771781,59.652403830651664,4.105159269075395
SP,352330,ITARIRI,2020–2024,44,77976,56.39369804923565,51.53642981382465,56.42761875448856,4.050525350573922
SP,352340,ITATIBA,2001–2005,131,434277,30.18535481026233,31.31511436038879,30.1650789703346,3.439298204200636
SP,352340,ITATIBA,2006–2010,124,485476,25.59944646415374,25.287646984448095,25.541942341124997,3.2787262116490856
SP,352340,ITATIBA,2011–2015,105,530945,19.78525506825782,21.037130535394972,19.776059667197167,3.033801346285336
SP,352340,ITATIBA,2016–2019,116,454529,25.590639114813182,27.030853850169564,25.52092385744364,3.2779340009644247
SP,352340,ITATIBA,2020–2024,122,609716,19.961890306375455,18.368386337260272,20.009315812607838,3.0449659494817243
SP,352350,ITATINGA,2001–2005,7,80948,8.53645502253888,6.37389253617184,8.647526807333103,2.2667015931076215
SP,352350,ITATINGA,2006–2010,12,87511,13.96923724452246,11.429877700308607,13.712561849367507,2.68870167644281
SP,352350,ITATINGA,2011–2015,8,91508,8.742788347072358,10.878433505575197,8.7424050356253,2.276488010749328
SP,352350,ITATINGA,2016–2019,17,74727,22.685925668700083,21.31405801130572,22.749474754774045,3.1675604146476357
SP,352350,ITATINGA,2020–2024,66,95624,68.7452533263355,47.194546407970634,69.02032962436208,4.248785623089876
SP,352360,ITIRAPINA,2001–2005,12,67971,17.500353663691545,14.717786444918683,17.654587986052878,2.9260921204497463
SP,352360,ITIRAPINA,2006–2010,136,74751,181.30927148981846,164.1281512605042,181.93736538641622,5.209143828607167
SP,352360,ITIRAPINA,2011–2015,209,78389,266.64540727261385,259.8060959381535,266.61904093686616,5.589564480195308
SP,352360,ITIRAPINA,2016–2019,112,63645,176.02003185516395,173.45010056471344,175.97611752690707,5.176014794243549
SP,352360,ITIRAPINA,2020–2024,138,81008,170.20491265341133,164.30353556867277,170.35354532885643,5.143728938674744
SP,352370,ITIRAPUA,2001–2005,0,27791,0.0,0.0,0.0,0.0
SP,352370,ITIRAPUA,2006–2010,2,29053,6.793610729105119,0.0,6.883970674284927,2.064831669634257
SP,352370,ITIRAPUA,2011–2015,0,29400,0.0,0.0,0.0,0.0
SP,352370,ITIRAPUA,2016–2019,0,23317,0.0,0.0,0.0,0.0
SP,352370,ITIRAPUA,2020–2024,6,29051,20.594517548874233,0.0,20.653333792296305,3.0751594283812627
SP,352380,ITOBI,2001–2005,3,37450,8.010699204918655,0.0,8.01068090787717,2.1984106412261872
SP,352380,ITOBI,2006–2010,1,37650,2.6616981634282673,0.0,2.6560424966799467,1.2963812773427137
SP,352380,ITOBI,2011–2015,2,38340,5.217080700441391,0.0,5.216484089723527,1.8272044880451617
SP,352380,ITOBI,2016–2019,4,31420,12.799456775085696,6.348400203148806,12.73074474856779,2.6196374607390958
SP,352380,ITOBI,2020–2024,2,40347,4.8721071863581,0.0,4.9569980419857735,1.7845666699551708
SP,352390,ITU,2001–2005,238,703851,33.85007641131965,33.82998632404808,33.813974832741586,3.5500188818239997
SP,352390,ITU,2006–2010,229,751092,30.509994837650858,29.004276444480418,30.488941434604552,3.449636418625535
SP,352390,ITU,2011–2015,244,787820,30.971272135879666,30.244222093404236,30.97154172272854,3.4648461859543174
SP,352390,ITU,2016–2019,209,651262,32.05167654559672,32.09176595639784,32.091539196206746,3.499277636300691
SP,352390,ITU,2020–2024,277,846995,32.64758941027568,31.507610520104723,32.70385303337092,3.517612164157207
SP,352400,ITUPEVA,2001–2005,27,154242,17.660445808459862,18.10610175629187,17.5049597385926,2.918038790131489
SP,352400,ITUPEVA,2006–2010,45,201957,22.413201066409325,18.821315139395363,22.28197091460063,3.147679280559769
SP,352400,ITUPEVA,2011–2015,35,251597,14.19198108024139,12.401049955562904,13.911135665369619,2.702108293908848
SP,352400,ITUPEVA,2016–2019,37,238482,15.51779335274324,14.14966864183038,15.514797762514572,2.804256813082916
SP,352400,ITUPEVA,2020–2024,68,350550,19.10436184082758,16.586957122715837,19.398088717729284,3.0154412061535716
SP,352410,ITUVERAVA,2001–2005,2,184907,1.067748651967327,0.0,1.0816248167997966,0.7331487506880298
SP,352410,ITUVERAVA,2006–2010,35,190992,18.33710714068912,15.913008884763295,18.32537488481193,2.9614189932406676
SP,352410,ITUVERAVA,2011–2015,54,192056,28.08520824560544,31.164783794312424,28.11679926688049,3.37131530200166
SP,352410,ITUVERAVA,2016–2019,37,151955,24.343848321971393,26.356175424972577,24.349313941627457,3.232751666224322
SP,352410,ITUVERAVA,2020–2024,47,189449,24.85856088763734,23.679225426226058,24.808787589272047,3.2507150381704677
SP,352420,JABORANDI,2001–2005,1,32370,3.1051079024996118,0.0,3.089280197713933,1.4083689637875265
SP,352420,JABORANDI,2006–2010,0,32790,0.0,0.0,0.0,0.0
SP,352420,JABORANDI,2011–2015,2,32487,6.201105489691942,0.0,6.156308677317081,1.9679943001713196
SP,352420,JABORANDI,2016–2019,4,25431,15.691197238349288,0.0,15.728834886555779,2.8171338704071838
SP,352420,JABORANDI,2020–2024,5,31303,15.973166079035058,15.9821000479463,15.97290994473373,2.831618540369863
SP,352430,JABOTICABAL,2001–2005,121,343297,35.305964440684704,34.95637735409353,35.24644841055995,3.590341401619727
SP,352430,JABOTICABAL,2006–2010,65,353964,18.37689714619795,21.189433535810142,18.36344939033348,2.963387236966165
SP,352430,JABOTICABAL,2011–2015,40,358508,11.158333153127028,13.951866062085802,11.157352137190802,2.4979341009508826
SP,352430,JABOTICABAL,2016–2019,44,287045,15.327811397141733,15.325272686772806,15.328607012837708,2.7929186010069786
SP,352430,JABOTICABAL,2020–2024,105,361529,28.98866854680229,29.239358961863523,29.043313261176834,3.4026401157931456
SP,352440,JACAREI,2001–2005,384,985407,38.991457070729055,40.69860921295924,38.96866979836758,3.6880958921686293
SP,352440,JACAREI,2006–2010,357,1035452,34.483221992933466,31.24792864109387,34.4776966967083,3.568904236977504
SP,352440,JACAREI,2011–2015,353,1090785,32.36077395777066,32.30597346423235,32.36201451248413,3.5074179627321924
SP,352440,JACAREI,2016–2019,241,915809,26.34343570273968,25.330297015509597,26.315530858508705,3.3074554363470487
SP,352440,JACAREI,2020–2024,324,1208193,26.751750398775748,28.154761418999975,26.81690756360946,3.325644021567944
SP,352450,JACI,2001–2005,1,22667,4.705882352941177,0.0,4.411699827943707,1.688563244606214
SP,352450,JACI,2006–2010,7,26571,25.44333463978456,0.0,26.344510932972035,3.308515811576519
SP,352450,JACI,2011–2015,11,30484,36.29501955599102,48.03073967339097,36.084503346017584,3.6131991827843657
SP,352450,JACI,2016–2019,8,27254,29.287696380022293,30.10240184776651,29.353489396051955,3.4129114827600757
SP,352450,JACI,2020–2024,10,37907,26.31284055260199,25.38715410002539,26.380351913894533,3.309825672732216
SP,352460,JACUPIRANGA,2001–2005,23,85455,26.921643868887138,29.25516353636417,26.91475045345503,3.3291552392079486
SP,352460,JACUPIRANGA,2006–2010,12,85872,13.973216404766783,11.64551065564225,13.97428731134712,2.7063345509722962
SP,352460,JACUPIRANGA,2011–2015,22,84619,26.00062554380323,29.545588843585655,25.99888913837318,3.295795722134716
SP,352460,JACUPIRANGA,2016–2019,19,66021,28.8177613302325,27.121891734078233,28.778721921812757,3.393794109001535
SP,352460,JACUPIRANGA,2020–2024,20,80990,24.67345908004649,18.533390992771977,24.69440671687863,3.2462733307391622
SP,352470,JAGUARIUNA,2001–2005,60,167303,36.09846421732065,38.940809968847354,35.8630747804881,3.607210366572917
SP,352470,JAGUARIUNA,2006–2010,64,204708,31.290912163367306,33.11426970299048,31.264044394943042,3.4739534335601725
SP,352470,JAGUARIUNA,2011–2015,36,238485,15.133882990560153,15.417483426205317,15.095289011887541,2.7785266212150606
SP,352470,JAGUARIUNA,2016–2019,55,212833,25.71806790440795,25.3718351085753,25.84185723078658,3.2899625060875617
SP,352470,JAGUARIUNA,2020–2024,64,296156,21.357981190586752,25.275077088985125,21.610232445062735,3.1184025668678483
SP,352480,JALES,2001–2005,57,232162,24.56191136743042,21.613209993948303,24.551821572867226,3.240708608545459
SP,352480,JALES,2006–2010,44,234230,18.788090617186064,17.107542287706092,18.78495495880118,2.9849217983021292
SP,352480,JALES,2011–2015,59,237238,24.850591991276104,23.041957309537274,24.86954029287045,3.253066226147143
SP,352480,JALES,2016–2019,33,192429,17.143816868843437,17.718535730925893,17.149182295807805,2.8986255071233895
SP,352480,JALES,2020–2024,42,245290,17.174075710537398,14.395294795072695,17.122589587834806,2.897159203639626
SP,352490,JAMBEIRO,2001–2005,0,21811,0.0,0.0,0.0,0.0
SP,352490,JAMBEIRO,2006–2010,0,25246,0.0,0.0,0.0,0.0
SP,352490,JAMBEIRO,2011–2015,0,27975,0.0,0.0,0.0,0.0
SP,352490,JAMBEIRO,2016–2019,0,23931,0.0,0.0,0.0,0.0
SP,352490,JAMBEIRO,2020–2024,3,31968,9.125475285171103,0.0,9.384384384384385,2.340303176262792
SP,352500,JANDIRA,2001–2005,21,482551,4.211244021537505,0.0,4.351871615642699,1.6774463344295942
SP,352500,JANDIRA,2006–2010,160,524213,30.560791810479788,30.070228533736856,30.521944324158312,3.450683948498326
SP,352500,JANDIRA,2011–2015,168,553488,30.361392443937376,31.619267878437466,30.35296158182291,3.445308730936789
SP,352500,JANDIRA,2016–2019,161,457252,35.19305356947534,35.42886126517172,35.2103435304821,3.5893448109041044
SP,352500,JANDIRA,2020–2024,223,593607,37.48472023634339,37.5,37.566942438347255,3.6523954960248997
SP,352510,JARDINOPOLIS,2001–2005,20,163381,12.20108792497341,14.697668949704576,12.241325490724135,2.5833426580903884
SP,352510,JARDINOPOLIS,2006–2010,19,180873,10.592666183555735,8.29646017699115,10.50460820575763,2.4427476686491154
SP,352510,JARDINOPOLIS,2011–2015,39,197231,19.627436604418236,17.74982884093618,19.77376781540427,3.0336910280513467
SP,352510,JARDINOPOLIS,2016–2019,119,169058,70.41554751565123,72.05805316169045,70.39004365365732,4.268158414995584
SP,352510,JARDINOPOLIS,2020–2024,162,226722,71.19638068828748,70.66825670244248,71.4531452615979,4.282940080682875
SP,352520,JARINU,2001–2005,23,94349,24.75302063124554,20.520186733699276,24.377576868859236,3.2338659836880863
SP,352520,JARINU,2006–2010,25,111611,22.48353407429807,23.19109461966605,22.399225882753495,3.152702939882825
SP,352520,JARINU,2011–2015,19,133745,13.99456403480836,12.113381248485828,14.206138547235412,2.721699198117848
SP,352520,JARINU,2016–2019,50,126768,39.603317971078475,41.12266724315678,39.442130506121416,3.6998720759030745
SP,352520,JARINU,2020–2024,47,186531,25.407190293171737,23.364485981308412,25.196884164026354,3.265640478657746
SP,352530,JAU,2001–2005,117,587533,19.99468091250899,20.429356985988868,19.913775056039405,3.0404080354543774
SP,352530,JAU,2006–2010,157,635219,24.739077434443875,21.703575664090657,24.71588538755925,3.2471089094161583
SP,352530,JAU,2011–2015,191,658251,29.01031297261924,30.47781595970833,29.016287100209496,3.401740137683771
SP,352530,JAU,2016–2019,131,530282,24.705507757996227,25.307262209356807,24.70383682644329,3.24664027361582
SP,352530,JAU,2020–2024,184,672591,27.3192477863086,25.54777433801208,27.356892970616613,3.3448701389137914
SP,352540,JERIQUARA,2001–2005,0,16218,0.0,0.0,0.0,0.0
SP,352540,JERIQUARA,2006–2010,0,15919,0.0,0.0,0.0,0.0
SP,352540,JERIQUARA,2011–2015,2,16619,11.937568759692486,0.0,12.034418436729045,2.567593430872637
SP,352540,JERIQUARA,2016–2019,0,14334,0.0,0.0,0.0,0.0
SP,352540,JERIQUARA,2020–2024,2,19293,10.383500144334961,0.0,10.366454154356502,2.430666399348919
SP,352550,JOANOPOLIS,2001–2005,4,54006,7.568445669476359,0.0,7.4065844535792325,2.129015262310047
SP,352550,JOANOPOLIS,2006–2010,8,57422,14.001638543255805,8.70852564660803,13.931942461077636,2.7035027076480227
SP,352550,JOANOPOLIS,2011–2015,10,60109,16.578626669192875,8.201427048306405,16.636443793774642,2.8699674312624697
SP,352550,JOANOPOLIS,2016–2019,6,49649,12.013952625244478,12.070950288352648,12.084835545529618,2.571453967735733
SP,352550,JOANOPOLIS,2020–2024,1,64222,1.5606710885680843,0.0,1.557098813490704,0.9388733398684801
SP,352560,JOAO RAMALHO,2001–2005,2,19661,10.095235329170912,0.0,10.172422562433244,2.4134484707146955
SP,352560,JOAO RAMALHO,2006–2010,0,20433,0.0,0.0,0.0,0.0
SP,352560,JOAO RAMALHO,2011–2015,3,21021,14.31338678201467,23.685457129322597,14.271442842871414,2.7259846034944255
SP,352560,JOAO RAMALHO,2016–2019,0,17148,0.0,0.0,0.0,0.0
SP,352560,JOAO RAMALHO,2020–2024,1,21925,4.575611988103409,0.0,4.561003420752566,1.7157785633378695
SP,352570,JOSE BONIFACIO,2001–2005,23,149392,15.391473946355678,16.737522177216885,15.395737388882937,2.797021385734298
SP,352570,JOSE BONIFACIO,2006–2010,16,159578,10.062903513737352,9.526228883525974,10.02644474802291,2.4002964556521107
SP,352570,JOSE BONIFACIO,2011–2015,17,168465,10.048371826380517,8.7404947120007,10.091116849197164,2.406144504064101
SP,352570,JOSE BONIFACIO,2016–2019,20,140532,14.153877768129338,11.4129103243958,14.231634076224633,2.7233744544033427
SP,352570,JOSE BONIFACIO,2020–2024,53,183985,28.740418939148164,24.79748718796495,28.806696198059623,3.394733072901927
SP,352580,JULIO MESQUITA,2001–2005,4,21220,18.88060488168853,23.5626767200754,18.85014137606032,2.9882111293275
SP,352580,JULIO MESQUITA,2006–2010,4,21880,18.226172417262312,22.711787417669772,18.281535648994517,2.959147935854633
SP,352580,JULIO MESQUITA,2011–2015,1,21927,4.591368227731865,0.0,4.560587403657591,1.7157037508219737
SP,352580,JULIO MESQUITA,2016–2019,3,17276,17.415035767193856,11.55802126675913,17.36513081731882,2.9104538024326927
SP,352580,JULIO MESQUITA,2020–2024,7,21394,32.71324977579233,46.425255338904364,32.7194540525381,3.5180749423898363
SP,352585,JUMIRIM,2001–2005,0,11815,0.0,0.0,0.0,0.0
SP,352585,JUMIRIM,2006–2010,4,13337,28.94576396064706,0.0,29.991752268126266,3.4337211132191103
SP,352585,JUMIRIM,2011–2015,2,14302,13.986768077255864,0.0,13.984058173682003,2.7069868475209304
SP,352585,JUMIRIM,2016–2019,1,11826,8.549931600547195,0.0,8.45594452900389,2.246643594424443
SP,352585,JUMIRIM,2020–2024,0,15313,0.0,0.0,0.0,0.0
SP,352590,JUNDIAI,2001–2005,799,1684104,47.54258970123394,47.21463356693194,47.44362580933244,3.880400767438824
SP,352590,JUNDIAI,2006–2010,749,1801672,41.62120401598776,42.19069639630387,41.57249488253134,3.7512083847126454
SP,352590,JUNDIAI,2011–2015,627,1936356,32.36677249771058,32.248592073663126,32.38040938752998,3.5079691826141426
SP,352590,JUNDIAI,2016–2019,529,1657258,31.946536887614656,33.06787923689926,31.92019588983731,3.49408632627225
SP,352590,JUNDIAI,2020–2024,666,2221940,29.862838530953628,29.110626899522714,29.973806673447527,3.433141901299232
SP,352600,JUNQUEIROPOLIS,2001–2005,27,87529,30.786653238928004,29.120559114735006,30.846919306744052,3.4609406522770207
SP,352600,JUNQUEIROPOLIS,2006–2010,85,91850,92.38021632574672,96.12303748798462,92.54218835057158,4.538412546834558
SP,352600,JUNQUEIROPOLIS,2011–2015,151,95717,157.8198082314556,164.33418150975402,157.7567203318115,5.067372969675606
SP,352600,JUNQUEIROPOLIS,2016–2019,192,79140,243.20648578466938,256.40092812423217,242.60803639120547,5.495560525403261
SP,352600,JUNQUEIROPOLIS,2020–2024,128,102437,125.10453111664779,137.9378294497266,124.95485029823207,4.835923511769185
SP,352610,JUQUIA,2001–2005,43,100635,42.62431430609321,39.49642063687978,42.7286729269141,3.778004017992343
SP,352610,JUQUIA,2006–2010,24,97472,24.610997839416942,25.814445763849452,24.622455679579776,3.2434691419759547
SP,352610,JUQUIA,2011–2015,43,93509,45.962642467316165,42.780748663101605,45.984878460896816,3.8498258150677542
SP,352610,JUQUIA,2016–2019,35,71647,49.07811602032834,35.93196554589955,48.8506148198808,3.909030829729601
SP,352610,JUQUIA,2020–2024,58,86418,67.13362079775553,62.90746883220863,67.11564720312899,4.221206954797034
SP,352620,JUQUITIBA,2001–2005,53,135623,39.16377881605512,40.222319730876116,39.07891729278957,3.690850442758779
SP,352620,JUQUITIBA,2006–2010,41,141341,29.011777824319275,28.53677677106371,29.00786042266575,3.401459361431317
SP,352620,JUQUITIBA,2011–2015,45,141991,31.743211662891902,31.692372702302976,31.692149502433253,3.487134972702073
SP,352620,JUQUITIBA,2016–2019,43,111587,38.56942188810767,43.187385795530325,38.534954788640256,3.6771852119441477
SP,352620,JUQUITIBA,2020–2024,73,138250,52.715222487860174,50.53421888535952,52.80289330922242,3.9853272447035306
SP,352630,LAGOINHA,2001–2005,11,24610,44.61202277952499,40.53506282934738,44.69727752945957,3.8220387234661097
SP,352630,LAGOINHA,2006–2010,3,24320,12.325406934070205,0.0,12.335526315789474,2.590431625605724
SP,352630,LAGOINHA,2011–2015,2,24502,8.162561650201628,0.0,8.162598971512528,2.2151298689566166
SP,352630,LAGOINHA,2016–2019,6,19964,29.97440864410112,30.074290301546196,30.054097375275493,3.435730760229836
SP,352630,LAGOINHA,2020–2024,7,25501,27.564256976147316,39.34684241589612,27.44990392533626,3.3481447836013043
SP,352640,LARANJAL PAULISTA,2001–2005,40,115192,34.57796206507434,31.197076388269895,34.724633655114935,3.575840469182945
SP,352640,LARANJAL PAULISTA,2006–2010,31,123005,25.168652623336783,29.216578321298886,25.202227551725542,3.2658444282111927
SP,352640,LARANJAL PAULISTA,2011–2015,52,127501,40.85142802035954,35.294117647058826,40.78399385102862,3.732513343973079
SP,352640,LARANJAL PAULISTA,2016–2019,52,103511,50.208499028860956,48.12442585827512,50.23620677995575,3.9364464457940613
SP,352640,LARANJAL PAULISTA,2020–2024,64,132167,48.33779979852466,49.66571155682904,48.42358531252128,3.9004277457339627
SP,352650,LAVINIA,2001–2005,12,30228,40.09309347045614,49.76775049767751,39.69829297340214,3.706186149883521
SP,352650,LAVINIA,2006–2010,224,39539,567.4166106825734,550.6918949449308,566.5292496016591,6.341292289175656
SP,352650,LAVINIA,2011–2015,354,44993,785.7466526178929,744.6099133140698,786.7890560753896,6.669230358685287
SP,352650,LAVINIA,2016–2019,375,37351,1005.5516930792552,957.1054695580385,1003.989183689861,6.9127320579376095
SP,352650,LAVINIA,2020–2024,275,48537,566.8563685319307,585.326470885054,566.5780744586604,6.341378316031437
SP,352660,LAVRINHAS,2001–2005,5,30887,16.07070101469143,15.89319771137953,16.188040275844205,2.8442138091636804
SP,352660,LAVRINHAS,2006–2010,1,32349,3.0349013657056143,0.0,3.091285665708368,1.40885926435306
SP,352660,LAVRINHAS,2011–2015,5,33655,14.858093303935132,14.85663348685188,14.85663348685188,2.7635879292903014
SP,352660,LAVRINHAS,2016–2019,3,27790,10.732643899876278,7.2223024700274445,10.795250089960417,2.467696915683642
SP,352660,LAVRINHAS,2020–2024,6,35940,16.91142259305936,13.945056477478735,16.69449081803005,2.8732533379118057
SP,352670,LEME,2001–2005,194,419622,46.1496540887464,49.48941409361949,46.23208506703652,3.85507343002306
SP,352670,LEME,2006–2010,152,447285,34.00575845542336,33.78525654998038,33.982807382317766,3.554856723154437
SP,352670,LEME,2011–2015,128,466599,27.434229101773052,27.09351597975573,27.432549148197914,3.347534585667175
SP,352670,LEME,2016–2019,112,382841,29.250190137144635,27.316217159031098,29.25496485486142,3.4096602984428523
SP,352670,LEME,2020–2024,158,493877,31.929150828059523,32.08792090327498,31.99177123048856,3.4962581737200793
SP,352680,LENCOIS PAULISTA,2001–2005,74,284459,26.105358148560203,26.08105993427573,26.01429379980946,3.2963661259145334
SP,352680,LENCOIS PAULISTA,2006–2010,85,300506,28.240976371969452,27.674676043498078,28.285624912647336,3.3770967783151766
SP,352680,LENCOIS PAULISTA,2011–2015,86,313313,27.438182643177413,24.257713953037065,27.448589748909235,3.348098589885359
SP,352680,LENCOIS PAULISTA,2016–2019,85,258222,32.938369934174126,27.885085708321412,32.91741214923593,3.5239285152430937
SP,352680,LENCOIS PAULISTA,2020–2024,87,334040,25.91661727315479,26.689204216894268,26.044785055681956,3.29749419763723
SP,352690,LIMEIRA,2001–2005,459,1284384,35.702145341640765,34.681412689543556,35.73697585768742,3.6037837644146067
SP,352690,LIMEIRA,2006–2010,414,1352157,30.619759469469887,32.24380665309287,30.61774631200371,3.4537185551110245
SP,352690,LIMEIRA,2011–2015,372,1399536,26.592008923040083,26.32442509979842,26.58023802174435,3.31709950255795
SP,352690,LIMEIRA,2016–2019,350,1143305,30.6016480102235,28.99998199889763,30.613003529241983,3.453568540038215
SP,352690,LIMEIRA,2020–2024,513,1468542,34.87096390625923,38.14152869896883,34.93260662616391,3.581645145840612
SP,352700,LINDOIA,2001–2005,2,28577,7.004087842587722,0.0,6.998635266123106,2.0792709353927994
SP,352700,LINDOIA,2006–2010,4,32066,12.704250038358975,15.246226558926667,12.474271814382835,2.600782075585906
SP,352700,LINDOIA,2011–2015,3,33931,8.863249077305401,14.682131845543973,8.841472399870325,2.286605334003255
SP,352700,LINDOIA,2016–2019,2,27597,7.247647046501362,7.20772668300418,7.247164546871037,2.1098694499828436
SP,352700,LINDOIA,2020–2024,7,35192,19.8379817986223,14.310246136233541,19.890884291884518,3.0393129055430377
SP,352710,LINS,2001–2005,123,337773,36.45259749476986,36.71503260294895,36.41498876464371,3.622071393242118
SP,352710,LINS,2006–2010,112,351526,31.763055962770693,27.026642579764157,31.861085666494084,3.4922891512141048
SP,352710,LINS,2011–2015,117,361277,32.39251615817039,33.216154122955125,32.38512277283082,3.5081103747878934
SP,352710,LINS,2016–2019,106,294026,36.014271039991854,35.4132650310469,36.051233564378656,3.612301645772962
SP,352710,LINS,2020–2024,144,375960,38.27154230532519,41.705222275801844,38.30194701563996,3.6712740600307283
SP,352720,LORENA,2001–2005,120,396648,30.30698007766468,27.420822375391058,30.253524535608395,3.4421321549621133
SP,352720,LORENA,2006–2010,122,408048,29.89602372981856,28.343972592610847,29.898443320393678,3.4307058046538996
SP,352720,LORENA,2011–2015,170,415555,40.89680229494844,44.314030780286245,40.90914560046203,3.735504075197605
SP,352720,LORENA,2016–2019,136,335913,40.49999497607222,41.04735930269341,40.4866736327561,3.725372258384472
SP,352720,LORENA,2020–2024,158,427451,36.98383052149019,35.4362796631191,36.96330105672931,3.636619931413099
SP,352725,LOURDES,2001–2005,0,10215,0.0,0.0,0.0,0.0
SP,352725,LOURDES,2006–2010,1,10517,9.564801530368246,0.0,9.508414947228296,2.3521763597406564
SP,352725,LOURDES,2011–2015,0,10411,0.0,0.0,0.0,0.0
SP,352725,LOURDES,2016–2019,0,8060,0.0,0.0,0.0,0.0
SP,352725,LOURDES,2020–2024,1,9820,10.256410256410257,0.0,10.183299389002038,2.4144215394843522
SP,352730,LOUVEIRA,2001–2005,33,136655,23.96058212705712,24.556233775345543,24.148402912443746,3.2247943920420536
SP,352730,LOUVEIRA,2006–2010,28,170308,16.577264516370523,14.707612660312979,16.44080137163257,2.8588123676334445
SP,352730,LOUVEIRA,2011–2015,20,201946,9.78178136978437,7.85895790218217,9.903637606092719,2.3890964588907937
SP,352730,LOUVEIRA,2016–2019,23,183062,12.675338286916908,12.040052267990767,12.56404933847549,2.6074228617144213
SP,352730,LOUVEIRA,2020–2024,33,258389,12.628379563141241,11.899095668729176,12.771441508732957,2.622596991991562
SP,352740,LUCELIA,2001–2005,19,93868,20.147492378642784,20.96106482209296,20.24118975582733,3.055942209674424
SP,352740,LUCELIA,2006–2010,88,97799,90.008900688455,65.92292089249493,89.98047014795652,4.5106448697253025
SP,352740,LUCELIA,2011–2015,109,99633,109.41252511361374,105.46404178384894,109.40150351791073,4.704123752571915
SP,352740,LUCELIA,2016–2019,150,79974,187.646457348811,187.58818888836404,187.56095731112612,5.239421335572594
SP,352740,LUCELIA,2020–2024,55,100726,54.55867171112404,54.87379028235059,54.603578023549034,4.018247552127504
SP,352750,LUCIANOPOLIS,2001–2005,3,10911,27.414731951740528,45.433893684688776,27.495188342040144,3.349735242917344
SP,352750,LUCIANOPOLIS,2006–2010,2,11149,17.78568252556692,0.0,17.93882859449278,2.9412142376136137
SP,352750,LUCIANOPOLIS,2011–2015,1,11395,8.73743993010048,0.0,8.775778850372971,2.2799077804848396
SP,352750,LUCIANOPOLIS,2016–2019,1,9301,10.822510822510823,0.0,10.751532093323299,2.4639836230111425
SP,352750,LUCIANOPOLIS,2020–2024,1,11898,8.431703204047217,0.0,8.40477391158178,2.241217423291457
SP,352760,LUIS ANTONIO,2001–2005,3,41120,7.666875547149786,0.0,7.2957198443579765,2.1157397003905154
SP,352760,LUIS ANTONIO,2006–2010,7,51628,13.532501734969909,17.7210703526493,13.558534128767336,2.6781773597308964
SP,352760,LUIS ANTONIO,2011–2015,4,57619,6.930684098789184,8.678295582747548,6.942154497648345,2.072184585761896
SP,352760,LUIS ANTONIO,2016–2019,1,47555,2.124946876328092,0.0,2.102828304068973,1.1323140516984822
SP,352760,LUIS ANTONIO,2020–2024,2,61469,3.2439498779358957,0.0,3.25367258292798,1.4477827469442888
SP,352770,LUIZIANIA,2001–2005,6,22447,27.181510275922754,22.281639928698752,26.729629794627343,3.322501509182542
SP,352770,LUIZIANIA,2006–2010,3,24351,12.124983224150403,19.880715705765407,12.319822594554639,2.589253346296419
SP,352770,LUIZIANIA,2011–2015,3,24730,12.154559929335889,20.10454362685967,12.13101496158512,2.5749769862856406
SP,352770,LUIZIANIA,2016–2019,0,19287,0.0,0.0,0.0,0.0
SP,352770,LUIZIANIA,2020–2024,2,23660,8.4371020360804,0.0,8.4530853761623,2.2463411830498017
SP,352780,LUPERCIO,2001–2005,2,21333,9.416214641814776,0.0,9.375146486663855,2.339413185213603
SP,352780,LUPERCIO,2006–2010,2,21641,9.228305445094083,0.0,9.24171711103923,2.326469292178456
SP,352780,LUPERCIO,2011–2015,1,21286,4.768717215069146,0.0,4.69792351780513,1.7401018133470099
SP,352780,LUPERCIO,2016–2019,2,16467,12.100677637947726,0.0,12.145503127467055,2.576079732646557
SP,352780,LUPERCIO,2020–2024,4,20049,19.937770103466868,0.0,19.951119756596338,3.0421920939420115
SP,352790,LUTECIA,2001–2005,1,14204,6.949270326615705,0.0,7.040270346381301,2.0844627077973654
SP,352790,LUTECIA,2006–2010,2,13750,14.49939511403493,0.0,14.545454545454545,2.743768283704289
SP,352790,LUTECIA,2011–2015,3,13504,22.189403678561035,0.0,22.215639810426538,3.1448261813086305
SP,352790,LUTECIA,2016–2019,2,10723,18.65334602266543,18.608113137327877,18.651496782616803,2.9781535075576686
SP,352790,LUTECIA,2020–2024,4,13375,29.896115747873516,37.05075954057058,29.90654205607477,3.430967878519887
SP,352800,MACATUBA,2001–2005,16,79512,20.12715002045074,18.805240393656366,20.12274876748164,3.050350600344744
SP,352800,MACATUBA,2006–2010,18,80782,22.26694693024707,24.679170779861796,22.282191577331584,3.1476887583520945
SP,352800,MACATUBA,2011–2015,11,82000,13.428915041079586,12.160272390101538,13.414634146341465,2.6682439507017905
SP,352800,MACATUBA,2016–2019,11,66453,16.538152235877575,17.9975135483444,16.55305253336945,2.865227868312518
SP,352800,MACATUBA,2020–2024,14,84437,16.57101563037077,17.82637114504724,16.580409062377868,2.8667851606084973
SP,352810,MACAUBAL,2001–2005,2,37337,5.376778892064823,0.0,5.356616760853845,1.849496279972735
SP,352810,MACAUBAL,2006–2010,4,38035,10.545841080712124,13.194352816994325,10.516629420270803,2.4437920274104528
SP,352810,MACAUBAL,2011–2015,0,38086,0.0,0.0,0.0,0.0
SP,352810,MACAUBAL,2016–2019,2,30194,6.610702606467142,6.60414740457007,6.623832549513148,2.031279202510638
SP,352810,MACAUBAL,2020–2024,3,37609,7.966938976603819,13.180440226703572,7.9768140604642515,2.1946450376787014
SP,352820,MACEDONIA,2001–2005,2,18658,10.746910263299302,0.0,10.719262514738986,2.461233856805415
SP,352820,MACEDONIA,2006–2010,1,18416,5.430355688297583,0.0,5.430060816681147,1.8609839964755837
SP,352820,MACEDONIA,2011–2015,0,18684,0.0,0.0,0.0,0.0
SP,352820,MACEDONIA,2016–2019,2,15394,13.077163438583607,13.034410844629823,12.992074834351046,2.638491086068997
SP,352820,MACEDONIA,2020–2024,3,19865,15.046943702824972,24.70355731225296,15.101938082053863,2.778939642512916
SP,352830,MAGDA,2001–2005,9,16767,53.83941420374018,60.04202942059442,53.676865271068166,4.001440681592579
SP,352830,MAGDA,2006–2010,6,16216,37.20983267530159,30.627871362940276,37.000493339911195,3.637599142271354
SP,352830,MAGDA,2011–2015,2,15955,12.535266485387831,0.0,12.535255405828893,2.6052977929162213
SP,352830,MAGDA,2016–2019,5,12713,39.29829346678842,31.426775612822127,39.329819869425,3.697091142458863
SP,352830,MAGDA,2020–2024,3,15904,18.887842971534297,0.0,18.86317907444668,2.9888677200485403
SP,352840,MAIRINQUE,2001–2005,47,204627,23.021272801239338,19.702492365284208,22.968620954224026,3.1767455146353947
SP,352840,MAIRINQUE,2006–2010,64,212778,30.096640390519866,30.78963573492492,30.078297568357627,3.436509748206329
SP,352840,MAIRINQUE,2011–2015,55,224193,24.47437382446826,26.12216465671122,24.532434108112206,3.2399495697603227
SP,352840,MAIRINQUE,2016–2019,74,189452,39.079349535745116,35.50042602460616,39.06002575850347,3.690378973235555
SP,352840,MAIRINQUE,2020–2024,124,250768,49.17874784947047,41.97733224059008,49.44809545077522,3.920944994863538
SP,352850,MAIRIPORA,2001–2005,85,328925,26.336510375419927,21.94391761626358,25.841757239492285,3.2899587808803346
SP,352850,MAIRIPORA,2006–2010,75,381719,19.690942223324466,20.871888349311924,19.647960934614208,3.0276165704450446
SP,352850,MAIRIPORA,2011–2015,92,420082,21.88071733937029,20.237131565163562,21.900486095571818,3.131158137215772
SP,352850,MAIRIPORA,2016–2019,80,355202,22.44657121996215,25.572818238595694,22.52239570723138,3.1579529761438754
SP,352850,MAIRIPORA,2020–2024,129,471135,27.332858575244252,26.63740104205513,27.380687064217263,3.345708880889778
SP,352860,MANDURI,2001–2005,12,42407,28.47859589168766,35.373187124159884,28.297215082415637,3.377492463123919
SP,352860,MANDURI,2006–2010,8,44217,18.227445814155775,11.30837950921633,18.092588823303256,2.94930024003111
SP,352860,MANDURI,2011–2015,2,46023,4.329070042666641,0.0,4.345653260326359,1.6762837559661037
SP,352860,MANDURI,2016–2019,4,38129,10.532542296554675,10.450500154090138,10.490702614807626,2.4415382401048777
SP,352860,MANDURI,2020–2024,11,49458,22.008320106491233,20.038072337441136,22.241093453030853,3.145921981351521
SP,352870,MARABA PAULISTA,2001–2005,2,20028,10.259040779687098,0.0,9.986019572598362,2.3966235165134493
SP,352870,MARABA PAULISTA,2006–2010,56,22842,243.85452200490937,262.8696604600219,245.16242010331842,5.505991562389403
SP,352870,MARABA PAULISTA,2011–2015,116,23756,488.8144259600157,479.96661101836395,488.2976932143459,6.192971083823196
SP,352870,MARABA PAULISTA,2016–2019,108,18645,578.4888946393659,641.9975285363937,579.243765084473,6.363448299874021
SP,352870,MARABA PAULISTA,2020–2024,60,23004,260.9020691906976,260.19080659150046,260.8242044861763,5.567673303312863
SP,352880,MARACAI,2001–2005,9,65508,13.742773976052277,15.342129487572876,13.738779996336326,2.6904821151088685
SP,352880,MARACAI,2006–2010,12,66330,18.057785325239998,15.03872471614407,18.091361374943464,2.9492359487069364
SP,352880,MARACAI,2011–2015,13,65822,19.731774711857344,22.597167821633022,19.75023548357692,3.032557595218429
SP,352880,MARACAI,2016–2019,3,51666,5.794408064137114,7.709539225488907,5.8065265358262685,1.91788193656358
SP,352880,MARACAI,2020–2024,7,63756,10.980017309516207,7.857311228097745,10.979358805445763,2.483185069171954
SP,352885,MARAPOAMA,2001–2005,1,11752,8.791208791208792,0.0,8.509189925119129,2.2522586915536738
SP,352885,MARAPOAMA,2006–2010,0,12748,0.0,0.0,0.0,0.0
SP,352885,MARAPOAMA,2011–2015,1,13926,7.317965605561653,0.0,7.180812868016659,2.1017915182956974
SP,352885,MARAPOAMA,2016–2019,0,12112,0.0,0.0,0.0,0.0
SP,352885,MARAPOAMA,2020–2024,1,16429,6.075334143377885,0.0,6.086797735711242,1.9582335792361698
SP,352890,MARIAPOLIS,2001–2005,1,19362,5.181347150259067,0.0,5.164755707055057,1.8188485100493619
SP,352890,MARIAPOLIS,2006–2010,3,19518,15.353153937607797,0.0,15.37042729787888,2.795476493539562
SP,352890,MARIAPOLIS,2011–2015,1,19058,5.295207836907599,0.0,5.24714030853185,1.8321238084051736
SP,352890,MARIAPOLIS,2016–2019,2,14638,13.663346492759526,13.601741022850925,13.663068725235687,2.6853320009672283
SP,352890,MARIAPOLIS,2020–2024,3,17700,16.926166315686526,27.95638803466592,16.949152542372882,2.8875429016956873
SP,352900,MARILIA,2001–2005,222,1014954,21.852154834228003,21.38473627149663,21.87291246696895,3.129953348722714
SP,352900,MARILIA,2006–2010,379,1063681,35.597558567621604,36.198329235557104,35.63098334933124,3.6008944218939782
SP,352900,MARILIA,2011–2015,445,1108999,40.1525535290525,39.51814504491304,40.126276038120864,3.716647236886743
SP,352900,MARILIA,2016–2019,430,918315,46.846858159946684,46.68386535536223,46.82489124102296,3.8675462412207087
SP,352900,MARILIA,2020–2024,463,1196164,38.62747705484095,36.89364029972902,38.7070669239335,3.6815291800111063
SP,352910,MARINOPOLIS,2001–2005,0,10851,0.0,0.0,0.0,0.0
SP,352910,MARINOPOLIS,2006–2010,0,10645,0.0,0.0,0.0,0.0
SP,352910,MARINOPOLIS,2011–2015,0,10236,0.0,0.0,0.0,0.0
SP,352910,MARINOPOLIS,2016–2019,0,7805,0.0,0.0,0.0,0.0
SP,352910,MARINOPOLIS,2020–2024,0,9375,0.0,0.0,0.0,0.0
SP,352920,MARTINOPOLIS,2001–2005,15,114469,13.070662772511952,13.317352510320948,13.10398448488237,2.6464573450440825
SP,352920,MARTINOPOLIS,2006–2010,110,119169,92.06050596922407,99.09575126966432,92.30588491973585,4.535883181102466
SP,352920,MARTINOPOLIS,2011–2015,223,121915,182.80868129655252,200.50740649807676,182.91432555468975,5.2144700271880255
SP,352920,MARTINOPOLIS,2016–2019,240,98523,243.6658942690189,260.3949711147419,243.5979415973935,5.49961580783497
SP,352920,MARTINOPOLIS,2020–2024,79,124863,63.52892322362818,88.62034239677745,63.26934320014736,4.163082739946308
SP,352930,MATAO,2001–2005,99,366152,27.003423064688388,27.312330151446872,27.037951451856056,3.333559001432471
SP,352930,MATAO,2006–2010,76,378777,20.066321506960495,20.0717229566986,20.064576254630033,3.0475927791417763
SP,352930,MATAO,2011–2015,77,386711,19.910497132551075,20.787049668056802,19.911510145819488,3.0402997320579415
SP,352930,MATAO,2016–2019,48,312732,15.334110423365642,14.709870148679606,15.34860519550286,2.7941425845606744
SP,352930,MATAO,2020–2024,49,397537,12.349865651501144,13.748453299003863,12.32589670898558,2.589709263021125
SP,352940,MAUA,2001–2005,661,1893983,34.94225534422186,34.80188358502234,34.89999646248145,3.580737196956107
SP,352940,MAUA,2006–2010,603,2029035,29.702115142971866,30.402529490453606,29.718560793677785,3.4248670580178806
SP,352940,MAUA,2011–2015,896,2086815,42.93596344798135,41.92992670648812,42.93624494744383,3.782739604666611
SP,352940,MAUA,2016–2019,718,1671247,42.96206253186108,43.09183436904972,42.96193201842696,3.783324078033433
SP,352940,MAUA,2020–2024,933,2107647,44.21114093329641,42.078988956656254,44.26737494466578,3.812586573123453
SP,352950,MENDONCA,2001–2005,3,20029,15.095866454007416,24.455857177794083,14.978281491836837,2.7712303933684796
SP,352950,MENDONCA,2006–2010,3,22253,13.115099395052638,0.0,13.481328360221093,2.6728601203342652
SP,352950,MENDONCA,2011–2015,4,24915,16.26400806335404,19.15341888527102,16.05458559100943,2.836419117188382
SP,352950,MENDONCA,2016–2019,2,22161,9.028977891988873,8.922198429693076,9.02486349893958,2.305068357034056
SP,352950,MENDONCA,2020–2024,8,30681,26.047948242019846,31.402103940964043,26.07476940125811,3.2986022758150724
SP,352960,MERIDIANO,2001–2005,4,19866,20.092142378104477,25.06265664160401,20.134903855834086,3.050925884958682
SP,352960,MERIDIANO,2006–2010,0,19442,0.0,0.0,0.0,0.0
SP,352960,MERIDIANO,2011–2015,2,20119,9.803499412084308,0.0,9.940851931010489,2.392503666997581
SP,352960,MERIDIANO,2016–2019,3,17156,17.532977562604252,23.155521585427657,17.48659361156447,2.9170457997391464
SP,352960,MERIDIANO,2020–2024,2,22854,8.874903238355332,0.0,8.751203290452437,2.277390691800203
SP,352965,MESOPOLIS,2001–2005,0,9584,0.0,0.0,0.0,0.0
SP,352965,MESOPOLIS,2006–2010,1,9473,10.509721492380452,0.0,10.556317956296844,2.4472322966159945
SP,352965,MESOPOLIS,2011–2015,6,9511,63.053700952258524,52.576235541535226,63.08484912206919,4.160207972838206
SP,352965,MESOPOLIS,2016–2019,5,7708,64.92880417344468,51.895030384311376,64.86766995329528,4.187647728614094
SP,352965,MESOPOLIS,2020–2024,4,9797,41.10485325041134,51.22950819672131,40.82882515055629,3.7335856987712814
SP,352970,MIGUELOPOLIS,2001–2005,0,97194,0.0,0.0,0.0,0.0
SP,352970,MIGUELOPOLIS,2006–2010,0,100786,0.0,0.0,0.0,0.0
SP,352970,MIGUELOPOLIS,2011–2015,5,100971,4.96039525904713,0.0,4.951916887026968,1.7837133335601376
SP,352970,MIGUELOPOLIS,2016–2019,16,79257,20.182566346561305,17.733781750690156,20.18749132568732,3.053410975733497
SP,352970,MIGUELOPOLIS,2020–2024,22,97773,22.517597483962753,20.401917780271344,22.501099485543044,3.1570472066745063
SP,352980,MINEIROS DO TIETE,2001–2005,13,57976,22.42430233048175,17.43527155435446,22.423071615841035,3.15372150310689
SP,352980,MINEIROS DO TIETE,2006–2010,2,59551,3.3587661533549094,0.0,3.358465852798442,1.4721201268164426
SP,352980,MINEIROS DO TIETE,2011–2015,10,59155,16.935260351489404,16.808135137406502,16.90474178006931,2.885065581680349
SP,352980,MINEIROS DO TIETE,2016–2019,6,46107,13.000949611540445,4.375601645226219,13.01320840653263,2.6400003424483316
SP,352980,MINEIROS DO TIETE,2020–2024,13,56524,23.06463993326677,17.706949977866312,22.999080036798528,3.178015497813202
SP,352990,MIRACATU,2001–2005,64,109158,58.58554456738722,59.551076500229044,58.630608842228696,4.088169013417096
SP,352990,MIRACATU,2006–2010,58,104699,55.38892394102878,57.79233288383741,55.39689968385562,4.032414186848696
SP,352990,MIRACATU,2011–2015,44,100319,43.789022718406514,45.6458893340772,43.86008632462445,3.803548453401946
SP,352990,MIRACATU,2016–2019,36,77175,46.64035202722833,46.65334377455355,46.64723032069971,3.8638245029271183
SP,352990,MIRACATU,2020–2024,47,93441,50.32651934034142,43.11971109793564,50.29911923031646,3.937673583029656
SP,353000,MIRA ESTRELA,2001–2005,1,13307,7.578628268283441,0.0,7.514841812579845,2.141810736441189
SP,353000,MIRA ESTRELA,2006–2010,2,13870,14.301036825169826,0.0,14.419610670511897,2.7356401194709066
SP,353000,MIRA ESTRELA,2011–2015,1,14470,6.793478260869565,0.0,6.910850034554251,2.0682352392869925
SP,353000,MIRA ESTRELA,2016–2019,2,12031,16.482937293657642,16.409583196586805,16.623722051367302,2.8692458383456794
SP,353000,MIRA ESTRELA,2020–2024,2,15659,12.795905310300704,0.0,12.772207676096814,2.6226526249513715
SP,353010,MIRANDOPOLIS,2001–2005,38,131958,28.90005482864338,22.8675966155957,28.797041482896077,3.394409109485416
SP,353010,MIRANDOPOLIS,2006–2010,339,135835,249.45292470479149,240.66052056721833,249.56748996944825,5.523728305273312
SP,353010,MIRANDOPOLIS,2011–2015,385,138036,278.92769044602016,271.67022856521896,278.9127473992292,5.634477938175436
SP,353010,MIRANDOPOLIS,2016–2019,347,111178,312.11759585990654,306.0370544405157,312.11210851067653,5.7465613005666185
SP,353010,MIRANDOPOLIS,2020–2024,303,140917,214.98998703167777,212.26989595295262,215.02018918938097,5.3753718717856165
SP,353020,MIRANTE DO PARANAPANEMA,2001–2005,11,82314,13.357959836190366,12.272950417280313,13.363461865539277,2.6646876115531053
SP,353020,MIRANTE DO PARANAPANEMA,2006–2010,4,84433,4.731633244421069,5.86200832405182,4.737484159037343,1.747020814430755
SP,353020,MIRANTE DO PARANAPANEMA,2011–2015,18,83834,21.41759231045102,23.720571665777143,21.47100221867023,3.1122256877246146
SP,353020,MIRANTE DO PARANAPANEMA,2016–2019,7,65345,10.699646004273458,9.244301433938556,10.712372790573111,2.4606457865086
SP,353020,MIRANTE DO PARANAPANEMA,2020–2024,11,80090,13.754557501902429,12.492972702854644,13.734548632788114,2.690194983402061
SP,353030,MIRASSOL,2001–2005,43,249556,17.243135590713905,17.841920583629047,17.23060154834987,2.903101585861456
SP,353030,MIRASSOL,2006–2010,47,263290,17.82667457390279,16.911253499689963,17.851038778533177,2.936568019990143
SP,353030,MIRASSOL,2011–2015,46,280223,16.333506158061564,16.281636123523345,16.415497657222996,2.857360479764707
SP,353030,MIRASSOL,2016–2019,35,238324,14.623789990203477,13.578273072170276,14.685889797082963,2.752761569206887
SP,353030,MIRASSOL,2020–2024,58,317341,18.247674547796784,18.3248072077575,18.276869361349465,2.958905898474374
SP,353040,MIRASSOLANDIA,2001–2005,6,19499,30.992392143485752,26.36435539151068,30.77080875942356,3.4585479046594405
SP,353040,MIRASSOLANDIA,2006–2010,1,20894,4.786979415988511,0.0,4.786062984588877,1.755452092182368
SP,353040,MIRASSOLANDIA,2011–2015,2,21929,8.994827973915,0.0,9.120342924893977,2.3145475491442955
SP,353040,MIRASSOLANDIA,2016–2019,1,18101,5.466870763175159,0.0,5.52455665432849,1.8755730052035604
SP,353040,MIRASSOLANDIA,2020–2024,6,23401,25.623058059053683,21.720243266724587,25.63992991752489,3.2824112149451876
SP,353050,MOCOCA,2001–2005,89,328940,27.05699578303909,27.420214791682536,27.05660606797592,3.3342241146852483
SP,353050,MOCOCA,2006–2010,80,330731,24.193500256192443,25.756405011893396,24.188842291771863,3.2264011302679516
SP,353050,MOCOCA,2011–2015,78,333176,23.411198049962913,24.011405417573346,23.411050015607366,3.195035899276822
SP,353050,MOCOCA,2016–2019,48,268625,17.866258933303357,17.89848422754879,17.868776174965102,2.9375085016845097
SP,353050,MOCOCA,2020–2024,95,340514,27.862345918207325,26.278139507722855,27.898999747440634,3.3638069837042153
SP,353060,MOGI DAS CRUZES,2001–2005,778,1733161,45.01172992869193,42.99610726518787,44.889078394909646,3.826227145287441
SP,353060,MOGI DAS CRUZES,2006–2010,723,1878086,38.515688088772905,37.392432287462704,38.49663966399835,3.6762155964907555
SP,353060,MOGI DAS CRUZES,2011–2015,825,2014390,40.921646148606,39.47241027474287,40.955326426362326,3.7366053956841463
SP,353060,MOGI DAS CRUZES,2016–2019,765,1706031,44.837738055114826,45.72410027645401,44.8409202411914,3.825177147274603
SP,353060,MOGI DAS CRUZES,2020–2024,919,2265377,40.46170851442731,43.15132871913185,40.567199190245155,3.727311375248852
SP,353070,MOGI GUACU,2001–2005,172,640053,26.8949314605507,23.909716908951797,26.872774598353576,3.3276503915566535
SP,353070,MOGI GUACU,2006–2010,148,672751,21.96782946906078,23.315967794819482,21.999224081420913,3.1354604797696966
SP,353070,MOGI GUACU,2011–2015,139,705942,19.71501817838115,22.244002808305353,19.690002861424876,3.0296506300573394
SP,353070,MOGI GUACU,2016–2019,148,589172,25.111536145281644,25.345661039728725,25.119998913729773,3.2627012628205483
SP,353070,MOGI GUACU,2020–2024,183,773070,23.59743105186362,26.031836936573427,23.671853777795025,3.2056630707175646
SP,353080,MOGI MIRIM,2001–2005,116,414749,27.944843679620043,31.723952804519442,27.96872325189452,3.3662167394222555
SP,353080,MOGI MIRIM,2006–2010,96,427380,22.46685743781053,22.497720625673452,22.462445598764564,3.1554010832637833
SP,353080,MOGI MIRIM,2011–2015,86,439914,19.567216231762092,20.574720526712845,19.549275540219227,3.022825686803511
SP,353080,MOGI MIRIM,2016–2019,66,360967,18.288018786956112,18.383317085007043,18.284219887136498,2.9592871390471545
SP,353080,MOGI MIRIM,2020–2024,103,465685,22.120522917013997,19.888207339795255,22.11795527019337,3.1406096000226116
SP,353090,MOMBUCA,2001–2005,5,15771,31.706744678680245,31.387319522912744,31.70376006594382,3.4874900580188517
SP,353090,MOMBUCA,2006–2010,2,16168,12.465019819633998,0.0,12.370113805047009,2.5930219030482315
SP,353090,MOMBUCA,2011–2015,1,16874,5.798782255726297,0.0,5.926277112717791,1.9353224556790796
SP,353090,MOMBUCA,2016–2019,10,14177,70.77663910481478,56.43503064395093,70.53678493334274,4.2702117919954885
SP,353090,MOMBUCA,2020–2024,9,18629,48.09168189052735,27.159152634437802,48.31177196843631,3.8981628348659068
SP,353100,MONCOES,2001–2005,0,10389,0.0,0.0,0.0,0.0
SP,353100,MONCOES,2006–2010,3,10582,28.248854737483278,46.90431519699813,28.35002835002835,3.3792935122030547
SP,353100,MONCOES,2011–2015,4,10407,38.51411256937354,47.66444232602478,38.43566830018257,3.674670693585591
SP,353100,MONCOES,2016–2019,1,8032,12.600806451612902,0.0,12.450199203187251,2.598993916584064
SP,353100,MONCOES,2020–2024,3,9757,30.84832904884319,0.0,30.747155888080353,3.4578031429981446
SP,353110,MONGAGUA,2001–2005,148,190834,78.4722612132779,88.68442202699332,77.55431422073634,4.363790286436387
SP,353110,MONGAGUA,2006–2010,272,219165,123.32306227098493,108.81876124275466,124.10740766089476,4.829172629635816
SP,353110,MONGAGUA,2011–2015,365,249100,146.73244571295754,153.05731996632738,146.52749899638698,4.99401459227705
SP,353110,MONGAGUA,2016–2019,486,222238,217.642893541456,220.09715256399812,218.68447340238845,5.39219230507885
SP,353110,MONGAGUA,2020–2024,574,309172,185.81376649494146,182.40222111023226,185.657174647122,5.229273643663471
SP,353120,MONTE ALEGRE DO SUL,2001–2005,1,32804,3.086896125945362,0.0,3.048408730642605,1.3983238978964838
SP,353120,MONTE ALEGRE DO SUL,2006–2010,2,34892,5.592841163310962,0.0,5.7319729450876995,1.9068682574683895
SP,353120,MONTE ALEGRE DO SUL,2011–2015,0,37485,0.0,0.0,0.0,0.0
SP,353120,MONTE ALEGRE DO SUL,2016–2019,2,32170,6.219615244479169,6.073858114674441,6.216972334473112,1.9764355206995425
SP,353120,MONTE ALEGRE DO SUL,2020–2024,3,43104,6.926831569938585,0.0,6.959910913140312,2.074417807977119
SP,353130,MONTE ALTO,2001–2005,48,222512,21.613215501203353,20.36060900843834,21.571870281153377,3.1167044531983623
SP,353130,MONTE ALTO,2006–2010,46,230110,20.00979092559006,22.023521120556754,19.990439355091045,3.044067065251927
SP,353130,MONTE ALTO,2011–2015,49,234367,20.913824503281987,19.264110961279137,20.907380305247752,3.086823580290252
SP,353130,MONTE ALTO,2016–2019,50,188889,26.456721597197955,22.236288393823063,26.470572664369023,3.3131153467908363
SP,353130,MONTE ALTO,2020–2024,71,239358,29.73152916158906,31.529827216546852,29.662681005021767,3.4230463127069077
SP,353140,MONTE APRAZIVEL,2001–2005,10,96803,10.216630085253419,10.682619378271552,10.330258359761578,2.4274768779362885
SP,353140,MONTE APRAZIVEL,2006–2010,13,105200,12.252359623982716,13.795640577577485,12.357414448669203,2.5920716200880625
SP,353140,MONTE APRAZIVEL,2011–2015,17,109392,15.52391240360924,18.20913187963764,15.540441714202135,2.8058083950552835
SP,353140,MONTE APRAZIVEL,2016–2019,14,88313,15.850504525380067,15.846158490573469,15.852705717165085,2.8245112205936698
SP,353140,MONTE APRAZIVEL,2020–2024,16,111819,14.276370768530494,13.492241960872498,14.308838390613403,2.7284303341989204
SP,353150,MONTE AZUL PAULISTA,2001–2005,10,96822,10.311742348216876,10.294950326864674,10.328231187126892,2.4272979452112367
SP,353150,MONTE AZUL PAULISTA,2006–2010,12,95269,12.623301544453412,10.49648367796788,12.59591262635275,2.6097692053902097
SP,353150,MONTE AZUL PAULISTA,2011–2015,9,93666,9.631320570943023,10.67634655420915,9.608609313945296,2.3616658708913523
SP,353150,MONTE AZUL PAULISTA,2016–2019,9,73759,12.199693766604573,13.50552322017793,12.20190078498895,2.5803608180882835
SP,353150,MONTE AZUL PAULISTA,2020–2024,25,91265,27.432670947297982,27.353793971223812,27.392757354955346,3.3461340899304988
SP,353160,MONTE CASTELO,2001–2005,3,20406,14.686684855431917,0.0,14.701558365186708,2.7537599663575105
SP,353160,MONTE CASTELO,2006–2010,3,20341,14.745645464843074,24.551927326295115,14.748537436704193,2.756747499798139
SP,353160,MONTE CASTELO,2011–2015,3,20511,14.59522659235364,24.21893921046258,14.62629808395495,2.7489552695448483
SP,353160,MONTE CASTELO,2016–2019,2,16647,12.014927786285284,11.99616122840691,12.014176728539677,2.566039280859154
SP,353160,MONTE CASTELO,2020–2024,3,21188,14.037549107003764,0.0,14.158957900698509,2.7185916377920543
SP,353170,MONTEIRO LOBATO,2001–2005,0,18802,0.0,0.0,0.0,0.0
SP,353170,MONTEIRO LOBATO,2006–2010,0,20072,0.0,0.0,0.0,0.0
SP,353170,MONTEIRO LOBATO,2011–2015,0,20621,0.0,0.0,0.0,0.0
SP,353170,MONTEIRO LOBATO,2016–2019,2,16524,12.097749818533753,0.0,12.103606874848705,2.5728875262675843
SP,353170,MONTEIRO LOBATO,2020–2024,2,20785,9.512485136741974,0.0,9.622323791195575,2.362957804608059
SP,353180,MONTE MOR,2001–2005,72,202643,35.5265288523712,35.086077844311376,35.530464906263724,3.5981465674238184
SP,353180,MONTE MOR,2006–2010,55,232016,23.773333655419858,23.088871164098904,23.705261706089235,3.2070162454854523
SP,353180,MONTE MOR,2011–2015,83,262527,31.639433061157053,27.945227354385406,31.615795708631875,3.4847967019650783
SP,353180,MONTE MOR,2016–2019,63,233086,27.003255508361395,28.113407371397646,27.028650369391556,3.333227214513068
SP,353180,MONTE MOR,2020–2024,75,322833,23.179478815996113,23.742066192880547,23.23182574272147,3.187666882494122
SP,353190,MORRO AGUDO,2001–2005,31,132437,23.466827234637872,22.050716648291072,23.407355950376406,3.194884560241271
SP,353190,MORRO AGUDO,2006–2010,10,141716,6.993137717116147,3.4814092744743075,7.056366253634029,2.0864626178428627
SP,353190,MORRO AGUDO,2011–2015,12,144080,8.321682648922842,10.410882842865075,8.32870627429206,2.233096342253446
SP,353190,MORRO AGUDO,2016–2019,30,113484,26.444907720586684,24.76480788393789,26.435444644178915,3.311835777566734
SP,353190,MORRO AGUDO,2020–2024,58,140896,41.04937281003936,39.37994486807719,41.16511469452646,3.741593213158716
SP,353200,MORUNGABA,2001–2005,13,52192,24.727065845187248,29.753049687592977,24.90803188228081,3.2545530319158997
SP,353200,MORUNGABA,2006–2010,3,56874,5.338319850787936,8.643789437289307,5.274818018778352,1.836544483605813
SP,353200,MORUNGABA,2011–2015,1,61155,1.5941335883947074,0.0,1.6351892731583682,0.9689550098342775
SP,353200,MORUNGABA,2016–2019,3,51818,5.803136200991462,7.6714333369006855,5.789493998224555,1.915376417177318
SP,353200,MORUNGABA,2020–2024,12,68620,17.43714927519404,14.954389113204725,17.48761294083358,2.9171009370559093
SP,353205,MOTUCA,2001–2005,1,19962,4.959087527894868,0.0,5.009518084360284,1.7933445597015083
SP,353205,MOTUCA,2006–2010,3,21016,14.082635844293875,0.0,14.274838218500191,2.7262069137413545
SP,353205,MOTUCA,2011–2015,1,21123,4.686035613870666,0.0,4.7341760166643,1.746444064001597
SP,353205,MOTUCA,2016–2019,0,16514,0.0,0.0,0.0,0.0
SP,353205,MOTUCA,2020–2024,3,20300,14.846682879938665,0.0,14.778325123152708,2.7586371705673707
SP,353210,MURUTINGA DO SUL,2001–2005,0,20172,0.0,0.0,0.0,0.0
SP,353210,MURUTINGA DO SUL,2006–2010,2,20711,9.707824063270369,0.0,9.656704166867847,2.3661891933403187
SP,353210,MURUTINGA DO SUL,2011–2015,0,20348,0.0,0.0,0.0,0.0
SP,353210,MURUTINGA DO SUL,2016–2019,1,15599,6.501950585175552,0.0,6.410667350471184,2.0029204960450984
SP,353210,MURUTINGA DO SUL,2020–2024,1,18831,5.351886540005352,0.0,5.310392438001168,1.8421978676463422
SP,353215,NANTES,2001–2005,4,11965,34.036998930498974,41.80602006688963,33.43083994985374,3.5389526729243
SP,353215,NANTES,2006–2010,2,13069,15.037593984962408,0.0,15.30338970081873,2.7913730432980786
SP,353215,NANTES,2011–2015,3,13475,22.230488275937404,36.99593044765076,22.263450834879407,3.1468834952815405
SP,353215,NANTES,2016–2019,3,10710,28.054876793498206,18.68460388639761,28.011204481792713,3.3676821168092395
SP,353215,NANTES,2020–2024,7,13370,52.31281881998761,37.53753753753754,52.356020942408385,3.976986828782064
SP,353220,NARANDIBA,2001–2005,2,19497,10.471689294561767,0.0,10.257988408473098,2.421077957415536
SP,353220,NARANDIBA,2006–2010,2,20869,9.782801588383421,0.0,9.583592888974076,2.359304961312292
SP,353220,NARANDIBA,2011–2015,2,23048,8.894953944717846,0.0,8.677542519958347,2.269807997152429
SP,353220,NARANDIBA,2016–2019,6,20528,29.477543584411492,29.363451737771495,29.228371005455966,3.4087809206525583
SP,353220,NARANDIBA,2020–2024,5,28455,17.272843735812124,0.0,17.571604287471445,2.921633762988586
SP,353230,NATIVIDADE DA SERRA,2001–2005,1,34344,2.9351335485764602,0.0,2.9117167481947357,1.3639763436704473
SP,353230,NATIVIDADE DA SERRA,2006–2010,4,33660,11.884019208427954,14.795088030773783,11.883541295306001,2.5559506281734117
SP,353230,NATIVIDADE DA SERRA,2011–2015,5,33784,14.812235362843325,14.742739200943536,14.799905280606204,2.76000394511661
SP,353230,NATIVIDADE DA SERRA,2016–2019,1,27507,3.6565745209887375,0.0,3.635438252081288,1.5337307473163342
SP,353230,NATIVIDADE DA SERRA,2020–2024,9,35115,25.643393690509676,14.400921658986174,25.630072618539085,3.2820411267668876
SP,353240,NAZARE PAULISTA,2001–2005,6,74932,7.993602756434508,6.761325219743069,8.007259915656862,2.1980309094582875
SP,353240,NAZARE PAULISTA,2006–2010,11,79974,13.466966269502342,0.0,13.754470202815915,2.6915461014687194
SP,353240,NAZARE PAULISTA,2011–2015,12,84242,14.267091201199426,11.974613818704347,14.244676052325444,2.724230330776954
SP,353240,NAZARE PAULISTA,2016–2019,17,70078,24.204781657623748,17.051094694718394,24.25868318159765,3.2291699849854174
SP,353240,NAZARE PAULISTA,2020–2024,20,91216,21.712860616946863,16.61221551580929,21.925977898614278,3.1322706736608725
SP,353250,NEVES PAULISTA,2001–2005,3,44331,6.756756756756756,0.0,6.767273465520742,2.0499191974594853
SP,353250,NEVES PAULISTA,2006–2010,8,43994,18.20903348245751,22.696323195642307,18.184297858798928,2.954092124582417
SP,353250,NEVES PAULISTA,2011–2015,3,44979,6.689067419119242,0.0,6.669779230307476,2.0372878314326393
SP,353250,NEVES PAULISTA,2016–2019,5,37363,13.28338074551351,5.420641803989592,13.38222305489388,2.6659929338698576
SP,353250,NEVES PAULISTA,2020–2024,12,48585,24.647123818214318,20.968756552736423,24.69898116702686,3.2464513478090096
SP,353260,NHANDEARA,2001–2005,6,51753,11.643212969819022,9.66183574879227,11.593530809808128,2.5331832543152455
SP,353260,NHANDEARA,2006–2010,5,53085,9.438506816458291,9.41885655081473,9.41885655081473,2.343617294297521
SP,353260,NHANDEARA,2011–2015,6,52501,11.429723788483251,9.523809523809524,11.428353745642939,2.5199804547275018
SP,353260,NHANDEARA,2016–2019,6,40684,14.71442632171073,14.835993415870144,14.747812407826173,2.756701460883679
SP,353260,NHANDEARA,2020–2024,15,49608,30.223945600391254,30.30915336431602,30.237058538945334,3.4416051636544953
SP,353270,NIPOA,2001–2005,2,17719,11.457001679399216,0.0,11.287318697443423,2.5085677303242186
SP,353270,NIPOA,2006–2010,11,20266,53.81721253673503,49.382716049382715,54.2781012533307,4.012376831064354
SP,353270,NIPOA,2011–2015,1,21943,4.478280340349306,0.0,4.557261996992207,1.715105540386715
SP,353270,NIPOA,2016–2019,1,18264,5.404236921746649,0.0,5.475251861585633,1.8679875043712943
SP,353270,NIPOA,2020–2024,1,23790,4.248088360237893,0.0,4.203446826397646,1.6493212572288525
SP,353280,NOVA ALIANCA,2001–2005,4,25413,16.083634901487734,0.0,15.739975603037816,2.817799607655119
SP,353280,NOVA ALIANCA,2006–2010,1,28248,3.694808793644929,0.0,3.5400736335315774,1.5129432307612871
SP,353280,NOVA ALIANCA,2011–2015,5,30414,16.61831985328697,16.616816218012627,16.43979746169527,2.858754804978493
SP,353280,NOVA ALIANCA,2016–2019,0,25522,0.0,0.0,0.0,0.0
SP,353280,NOVA ALIANCA,2020–2024,6,33500,17.913335378744243,15.262515262515263,17.910447761194032,2.939714560930173
SP,353282,NOVA CAMPINA,2001–2005,11,38215,28.838375012450058,26.174584478471406,28.78450870077195,3.3939884160905534
SP,353282,NOVA CAMPINA,2006–2010,14,41288,33.850241020016966,35.23194362889019,33.90815733385003,3.5527205363910004
SP,353282,NOVA CAMPINA,2011–2015,7,42551,16.452063607447563,23.49348055914484,16.450847218631758,2.859388198680853
SP,353282,NOVA CAMPINA,2016–2019,4,34014,11.75848092619697,5.878203620973431,11.759863585582407,2.546304587074419
SP,353282,NOVA CAMPINA,2020–2024,8,42690,18.774109503214753,11.676786548341896,18.739751698289997,2.982634455318828
SP,353284,NOVA CANAA PAULISTA,2001–2005,0,11832,0.0,0.0,0.0,0.0
SP,353284,NOVA CANAA PAULISTA,2006–2010,0,10919,0.0,0.0,0.0,0.0
SP,353284,NOVA CANAA PAULISTA,2011–2015,1,10465,9.555661729574773,0.0,9.555661729574773,2.356662372805028
SP,353284,NOVA CANAA PAULISTA,2016–2019,1,8250,12.141816415735793,0.0,12.121212121212121,2.5742301665360094
SP,353284,NOVA CANAA PAULISTA,2020–2024,1,10219,9.80872976949485,0.0,9.785693316371466,2.378220563020296
SP,353286,NOVA CASTILHO,2001–2005,1,5148,19.175455417066154,0.0,19.425019425019425,3.016760591786957
SP,353286,NOVA CASTILHO,2006–2010,0,5485,0.0,0.0,0.0,0.0
SP,353286,NOVA CASTILHO,2011–2015,0,5545,0.0,0.0,0.0,0.0
SP,353286,NOVA CASTILHO,2016–2019,0,4341,0.0,0.0,0.0,0.0
SP,353286,NOVA CASTILHO,2020–2024,0,5343,0.0,0.0,0.0,0.0
SP,353290,NOVA EUROPA,2001–2005,4,39298,10.066090383617507,12.426991425375917,10.17863504504046,2.4140043712788932
SP,353290,NOVA EUROPA,2006–2010,5,44336,11.343220491807392,11.559357299734135,11.277517141826056,2.5077697151287044
SP,353290,NOVA EUROPA,2011–2015,7,46515,15.048447118865923,10.751532093323299,15.048908954100828,2.775640869327777
SP,353290,NOVA EUROPA,2016–2019,5,37226,13.430462586530576,10.74575542660649,13.431472626658786,2.66941142070822
SP,353290,NOVA EUROPA,2020–2024,4,46774,8.541904039877188,10.57194206575748,8.55175952452217,2.25672538092737
SP,353300,NOVA GRANADA,2001–2005,26,88219,29.50696743471959,34.833091436865026,29.472109182829097,3.4168118122241333
SP,353300,NOVA GRANADA,2006–2010,13,93649,13.961544760887085,16.211834639286682,13.881621800553129,2.700127015438409
SP,353300,NOVA GRANADA,2011–2015,8,96197,8.322673798814304,10.39555070429856,8.316267659074608,2.2317620827251443
SP,353300,NOVA GRANADA,2016–2019,6,77316,7.760370462068251,7.756363885987529,7.760360080707745,2.170237009207132
SP,353300,NOVA GRANADA,2020–2024,22,97493,22.596379992891706,20.278833967046893,22.565722667268417,3.15979322688058
SP,353310,NOVA GUATAPORANGA,2001–2005,4,10570,38.0455476781926,0.0,37.842951750236516,3.659526638224337
SP,353310,NOVA GUATAPORANGA,2006–2010,0,10795,0.0,0.0,0.0,0.0
SP,353310,NOVA GUATAPORANGA,2011–2015,1,10858,9.216589861751151,0.0,9.209799226376866,2.323347967573518
SP,353310,NOVA GUATAPORANGA,2016–2019,0,8655,0.0,0.0,0.0,0.0
SP,353310,NOVA GUATAPORANGA,2020–2024,1,10833,9.267840593141798,0.0,9.231053263177328,2.325427532941049
SP,353320,NOVA INDEPENDENCIA,2001–2005,1,11638,8.956560680698612,0.0,8.59254167382712,2.260985887547268
SP,353320,NOVA INDEPENDENCIA,2006–2010,2,14193,14.421379390561366,0.0,14.091453533431975,2.7141285924239713
SP,353320,NOVA INDEPENDENCIA,2011–2015,2,17003,11.594052308147386,0.0,11.762630124095747,2.5465213792543406
SP,353320,NOVA INDEPENDENCIA,2016–2019,6,15837,36.0317079029546,0.0,37.885963250615646,3.660633343618814
SP,353320,NOVA INDEPENDENCIA,2020–2024,56,22867,243.4862397315701,271.1157455683003,244.8943892946167,5.504902131941162
SP,353325,NOVAIS,2001–2005,3,17951,17.13459820712769,0.0,16.712160882402095,2.874251459168146
SP,353325,NOVAIS,2006–2010,1,21421,4.842615012106537,0.0,4.6683161383688905,1.7348920962731678
SP,353325,NOVAIS,2011–2015,0,22731,0.0,0.0,0.0,0.0
SP,353325,NOVAIS,2016–2019,0,17914,0.0,0.0,0.0,0.0
SP,353325,NOVAIS,2020–2024,2,22190,8.979778615043774,0.0,9.013068949977468,2.303891134747844
SP,353330,NOVA LUZITANIA,2001–2005,12,14710,81.79987958510013,71.14905727499111,81.57715839564922,4.4137331095443795
SP,353330,NOVA LUZITANIA,2006–2010,4,16458,24.60989218629818,29.06131938390003,24.304289707133307,3.2309739350025133
SP,353330,NOVA LUZITANIA,2011–2015,3,16399,18.106782351082945,29.533372711163615,18.293798402341608,2.9597837179709376
SP,353330,NOVA LUZITANIA,2016–2019,1,12202,8.130081300813009,0.0,8.195377806916898,2.2187009455120092
SP,353330,NOVA LUZITANIA,2020–2024,2,14325,13.986918563245144,0.0,13.961605584642234,2.7054872919640163
SP,353340,NOVA ODESSA,2001–2005,30,223262,13.52480305937894,13.710211822772663,13.43712767958721,2.669803199522625
SP,353340,NOVA ODESSA,2006–2010,50,246396,20.36367762725269,21.117094287825996,20.292537216513253,3.0583566459011617
SP,353340,NOVA ODESSA,2011–2015,49,268801,18.202334762784936,18.312335188983297,18.22909885007868,2.9564246968322707
SP,353340,NOVA ODESSA,2016–2019,44,230976,18.987070491051764,16.711910716722024,19.049598226655583,2.9982091149810093
SP,353340,NOVA ODESSA,2020–2024,75,310478,24.15421472098427,24.911253658840383,24.15630092953446,3.2251083991448652
SP,353350,NOVO HORIZONTE,2001–2005,24,168165,14.275345684464062,17.628393465742157,14.271697440014272,2.726001274808541
SP,353350,NOVO HORIZONTE,2006–2010,31,178627,17.299170968515945,13.997760358342665,17.3545992487138,2.9098801833524406
SP,353350,NOVO HORIZONTE,2011–2015,15,185094,8.104251738005365,8.135372600065082,8.103990404875361,2.208712823437392
SP,353350,NOVO HORIZONTE,2016–2019,17,150663,11.274686412042392,10.589279937084502,11.283460438196505,2.508253677663753
SP,353350,NOVO HORIZONTE,2020–2024,33,192842,17.12167959947896,15.716268957749431,17.112454755706743,2.896599809684081
SP,353360,NUPORANGA,2001–2005,0,32287,0.0,0.0,0.0,0.0
SP,353360,NUPORANGA,2006–2010,1,33562,3.003003003003003,0.0,2.9795602169119837,1.3811713149276428
SP,353360,NUPORANGA,2011–2015,0,34782,0.0,0.0,0.0,0.0
SP,353360,NUPORANGA,2016–2019,1,28681,3.498460677301987,0.0,3.486628778633939,1.5011015909289989
SP,353360,NUPORANGA,2020–2024,1,37044,2.724424465331699,0.0,2.699492495410863,1.3081956468399494
SP,353370,OCAUCU,2001–2005,5,20819,24.021138601969735,0.0,24.016523368077237,3.219536541270128
SP,353370,OCAUCU,2006–2010,5,20815,24.02113860196973,24.02113860196973,24.02113860196973,3.2197210116759734
SP,353370,OCAUCU,2011–2015,1,21022,4.725897920604915,0.0,4.756921320521359,1.7504028388504742
SP,353370,OCAUCU,2016–2019,0,17068,0.0,0.0,0.0,0.0
SP,353370,OCAUCU,2020–2024,9,21734,41.28172242118391,46.17871161394597,41.4097727063587,3.747378824037068
SP,353380,OLEO,2001–2005,0,14471,0.0,0.0,0.0,0.0
SP,353380,OLEO,2006–2010,1,13673,7.315288953913679,0.0,7.31368390258173,2.1179028202113193
SP,353380,OLEO,2011–2015,1,13159,7.5216246709289205,0.0,7.599361653621096,2.151687974181424
SP,353380,OLEO,2016–2019,2,10285,19.39537294714121,19.297568506368197,19.445794846864363,3.0177772303836883
SP,353380,OLEO,2020–2024,1,12641,7.920792079207921,0.0,7.9107665532790135,2.1872602706978133
SP,353390,OLIMPIA,2001–2005,58,235923,24.57311815289387,20.843320757863143,24.584292332667864,3.2419785824126475
SP,353390,OLIMPIA,2006–2010,74,245991,30.17859740647618,30.237058538945334,30.082401388668693,3.436641787272359
SP,353390,OLIMPIA,2011–2015,54,256223,21.071543233658364,19.672647151400692,21.075391358308973,3.094463474908592
SP,353390,OLIMPIA,2016–2019,48,212501,22.57493274428161,21.825998203521046,22.588128997040013,3.1607435768802996
SP,353390,OLIMPIA,2020–2024,50,276489,18.130733819188727,16.10536487598869,18.083902072053498,2.9488451562245084
SP,353400,ONDA VERDE,2001–2005,2,17742,11.273957158962796,0.0,11.272686281140796,2.5073761655792866
SP,353400,ONDA VERDE,2006–2010,2,18927,10.568031704095112,0.0,10.566914989168911,2.4481488668584808
SP,353400,ONDA VERDE,2011–2015,0,20451,0.0,0.0,0.0,0.0
SP,353400,ONDA VERDE,2016–2019,3,17671,16.837066607004182,22.256001220402517,16.976967913530643,2.8890913782003977
SP,353400,ONDA VERDE,2020–2024,8,23824,33.59986878763895,40.71661237785016,33.5795836131632,3.5432634389207394
SP,353410,ORIENTE,2001–2005,8,29736,26.8680389525738,33.3889816360601,26.90341673392521,3.3287491449108164
SP,353410,ORIENTE,2006–2010,5,30269,16.519262799673964,16.518004625041293,16.518550332022862,2.863260338478803
SP,353410,ORIENTE,2011–2015,3,30470,9.84844345776813,0.0,9.845749917952084,2.383773290615891
SP,353410,ORIENTE,2016–2019,3,24358,12.315945560170835,16.41901332796322,12.31628212496921,2.58898750640402
SP,353410,ORIENTE,2020–2024,8,30570,26.165904717849493,16.433853738701725,26.169447170428526,3.3020930761730454
SP,353420,ORINDIUVA,2001–2005,7,22856,30.54743804993301,23.29916123019571,30.626531326566326,3.453996367268808
SP,353420,ORINDIUVA,2006–2010,2,26694,7.3919529194073705,0.0,7.4923203716190905,2.1391622694152
SP,353420,ORINDIUVA,2011–2015,0,28802,0.0,0.0,0.0,0.0
SP,353420,ORINDIUVA,2016–2019,2,23563,8.509189925119129,0.0,8.487883546237747,2.250015568385542
SP,353420,ORINDIUVA,2020–2024,9,30211,29.799746866242153,16.76727028839705,29.790473668531334,3.4272053456612532
SP,353430,ORLANDIA,2001–2005,27,185508,14.573971660584334,13.344008540165465,14.55462837182224,2.744358238828086
SP,353430,ORLANDIA,2006–2010,17,194995,8.724900146786092,7.616919717666176,8.7181722608272,2.273997561781249
SP,353430,ORLANDIA,2011–2015,28,197054,14.200078206474595,12.766500702157538,14.209303033686197,2.7219072823209847
SP,353430,ORLANDIA,2016–2019,25,155444,16.098237540878973,14.18731996306909,16.082962353001726,2.8380816131927635
SP,353430,ORLANDIA,2020–2024,48,193264,24.81562503814154,23.487042981288656,24.83649308717609,3.251787953263538
SP,353440,OSASCO,2001–2005,1768,3284041,53.859994244053254,52.0702491607098,53.83611227752638,4.004348960086445
SP,353440,OSASCO,2006–2010,1484,3319447,44.708202268287266,46.24287904851134,44.70624173243314,3.822234869152287
SP,353440,OSASCO,2011–2015,1452,3408676,42.60651689131558,43.1010632566348,42.597184361318,3.7749925694008306
SP,353440,OSASCO,2016–2019,1438,2819161,50.97456010666263,51.7235692929312,51.008083610691266,3.9513991605514533
SP,353440,OSASCO,2020–2024,1744,3669378,47.553601652789254,47.286815274470925,47.528491204776394,3.8821510729848505
SP,353450,OSCAR BRESSANE,2001–2005,0,12736,0.0,0.0,0.0,0.0
SP,353450,OSCAR BRESSANE,2006–2010,0,12699,0.0,0.0,0.0,0.0
SP,353450,OSCAR BRESSANE,2011–2015,5,12600,39.62949764596924,39.682539682539684,39.682539682539684,3.7057989999725383
SP,353450,OSCAR BRESSANE,2016–2019,3,9980,30.09255800960038,19.976028765481423,30.06012024048096,3.435924688945532
SP,353450,OSCAR BRESSANE,2020–2024,0,12418,0.0,0.0,0.0,0.0
SP,353460,OSVALDO CRUZ,2001–2005,21,150119,14.022841003343245,13.378821325841193,13.988902137637474,2.7073100697817503
SP,353460,OSVALDO CRUZ,2006–2010,64,153298,41.665542789471786,32.75359470701909,41.74875079909719,3.755339973882075
SP,353460,OSVALDO CRUZ,2011–2015,96,155026,61.91170105061025,57.999033349444176,61.925096435436636,4.141945073565881
SP,353460,OSVALDO CRUZ,2016–2019,103,124554,82.71162033605941,73.86206569280496,82.69505595966409,4.427179907168544
SP,353460,OSVALDO CRUZ,2020–2024,81,157509,51.513365494498,46.730427739181906,51.425632820981654,3.959395647692367
SP,353470,OURINHOS,2001–2005,153,482688,31.758802675579567,34.89577453224267,31.69749403341289,3.4872984399027653
SP,353470,OURINHOS,2006–2010,158,505707,31.25100739302302,32.327902898735296,31.24338796971369,3.473312998026524
SP,353470,OURINHOS,2011–2015,124,516341,24.01662025365118,22.2889814904545,24.015137283306963,3.219481132964564
SP,353470,OURINHOS,2016–2019,155,414472,37.39527886442345,37.16862709567364,37.39697735914609,3.6479787418899536
SP,353470,OURINHOS,2020–2024,166,523966,31.64217075363525,31.739924978359145,31.681444979254376,3.486807485025759
SP,353475,OUROESTE,2001–2005,13,34335,37.249602255397306,30.00750187546887,37.86223969710208,3.660023077314247
SP,353475,OUROESTE,2006–2010,10,39692,24.882614947783523,25.957170668397143,25.193993751889547,3.265530138375059
SP,353475,OUROESTE,2011–2015,9,44223,20.248673060745666,22.619316896629723,20.351400854758836,3.0611173513281766
SP,353475,OUROESTE,2016–2019,11,38168,28.805762038107954,26.516837180210395,28.819953888073776,3.3951777629931357
SP,353475,OUROESTE,2020–2024,11,51408,21.199258024614757,19.758940920766648,21.397447868036103,3.108947017907296
SP,353480,OURO VERDE,2001–2005,12,36692,32.68463873629611,27.495188342040144,32.70467676877794,3.517636604251346
SP,353480,OURO VERDE,2006–2010,8,38327,20.898883073807006,25.641025641025642,20.873013802280376,3.0852536305112856
SP,353480,OURO VERDE,2011–2015,8,38973,20.52993132111136,25.647601949217744,20.527031534652195,3.0693094260996188
SP,353480,OURO VERDE,2016–2019,6,31147,19.26370007757245,19.26040125151632,19.263492471185025,3.0088208665500047
SP,353480,OURO VERDE,2020–2024,2,39083,5.12138411462773,0.0,5.117314433385359,1.81112318214112
SP,353490,PACAEMBU,2001–2005,10,63634,15.698815457758366,15.801532748676621,15.714869409435208,2.8162987070647074
SP,353490,PACAEMBU,2006–2010,156,65407,238.26826159345768,259.9189664398746,238.50658186432642,5.478580898161566
SP,353490,PACAEMBU,2011–2015,261,68110,382.96392369722554,359.7386388664562,383.2036411686977,5.951172727563617
SP,353490,PACAEMBU,2016–2019,318,56943,559.0831969448742,535.7854940316207,558.4531900321374,6.326959860323696
SP,353490,PACAEMBU,2020–2024,280,74460,376.17400168611493,389.8635477582846,376.04082728982,5.93235347678297
SP,353500,PALESTINA,2001–2005,10,48247,20.61699955012869,21.14164904862579,20.72667730636102,3.0785408744478913
SP,353500,PALESTINA,2006–2010,10,53169,18.8591434511428,18.453589223103894,18.80795200210649,2.986083473342267
SP,353500,PALESTINA,2011–2015,8,55780,14.404264392222581,8.96378630333453,14.342058085335246,2.730597951564043
SP,353500,PALESTINA,2016–2019,5,45259,11.044078393479134,8.86605680343224,11.04752645882587,2.4888593657387683
SP,353500,PALESTINA,2020–2024,7,57591,12.163205779072861,8.741258741258742,12.154676946050598,2.5767773566879106
SP,353510,PALMARES PAULISTA,2001–2005,18,45628,39.49288806001548,32.0547066994337,39.44946085736828,3.700053314796843
SP,353510,PALMARES PAULISTA,2006–2010,5,51943,9.485982872751546,0.0,9.625936122287891,2.3632978165565035
SP,353510,PALMARES PAULISTA,2011–2015,6,52995,11.363637741515323,9.337940050424876,11.32182281347297,2.5113719028000574
SP,353510,PALMARES PAULISTA,2016–2019,0,40454,0.0,0.0,0.0,0.0
SP,353510,PALMARES PAULISTA,2020–2024,4,48642,8.213568645256839,10.149193139145439,8.223346079519757,2.22173788707987
SP,353520,PALMEIRA DOESTE,2001–2005,4,50477,7.925174114524178,9.905894006934126,7.924401212433386,2.1887892343711197
SP,353520,PALMEIRA DOESTE,2006–2010,4,48639,8.179051435740945,10.280662074637608,8.22385328645737,2.221792877209014
SP,353520,PALMEIRA DOESTE,2011–2015,6,47046,12.859086681746026,0.0,12.753475322025253,2.6212915428692507
SP,353520,PALMEIRA DOESTE,2016–2019,4,36611,10.942699659357242,10.993339630227393,10.925678074895524,2.478693896784303
SP,353520,PALMEIRA DOESTE,2020–2024,5,44816,11.184349822618959,11.163206072784105,11.156729739378793,2.497882904461926
SP,353530,PALMITAL,2001–2005,31,104227,29.771872913556837,38.467086599028704,29.742772985886575,3.4256549417806417
SP,353530,PALMITAL,2006–2010,23,105441,21.877030059738747,4.742033383915023,21.813146688669494,3.1273369789373846
SP,353530,PALMITAL,2011–2015,9,103886,8.626351212401008,9.501639032733147,8.663342510059104,2.268339603908926
SP,353530,PALMITAL,2016–2019,26,80707,32.28951983284153,34.694192611895204,32.21529731002267,3.503010532154147
SP,353530,PALMITAL,2020–2024,33,98614,33.45701982723925,25.518015719097686,33.46380838420508,3.539909741075893
SP,353540,PANORAMA,2001–2005,23,69617,33.15505938861743,28.729440494146377,33.03790740767341,3.5274748273053564
SP,353540,PANORAMA,2006–2010,17,71959,23.60800660809386,20.98489087856743,23.624563987826402,3.2037444808232824
SP,353540,PANORAMA,2011–2015,16,73387,21.796499684183818,20.4401444436874,21.802226552386664,3.1268581869988097
SP,353540,PANORAMA,2016–2019,20,59280,33.74572050947614,37.035719308797624,33.738191632928476,3.5478397051382378
SP,353540,PANORAMA,2020–2024,18,75098,23.93504217703942,26.291573550677008,23.96868092359317,3.217622276448305
SP,353550,PARAGUACU PAULISTA,2001–2005,46,201997,22.765013114061638,26.877779406734106,22.772615434882695,3.1685343062355398
SP,353550,PARAGUACU PAULISTA,2006–2010,110,208669,52.672781030508474,50.97953535794917,52.71506548648817,3.983693511264894
SP,353550,PARAGUACU PAULISTA,2011–2015,99,209928,47.175030565999975,45.04504504504504,47.159025951754884,3.8745085755417734
SP,353550,PARAGUACU PAULISTA,2016–2019,77,166202,46.2938636486858,45.75260972986918,46.329165714010664,3.857126716761123
SP,353550,PARAGUACU PAULISTA,2020–2024,54,207334,25.999294983000198,21.836709935703023,26.044932331407296,3.2974996432462094
SP,353560,PARAIBUNA,2001–2005,18,85610,21.033442598810907,17.598404411333373,21.0255811237005,3.0922045562051825
SP,353560,PARAIBUNA,2006–2010,17,86558,19.647862507734565,17.40644038294169,19.6400101665935,3.0272314331807553
SP,353560,PARAIBUNA,2011–2015,3,87287,3.438470629268076,5.720496539099594,3.436937917444751,1.489964480287333
SP,353560,PARAIBUNA,2016–2019,12,70248,17.0804393784254,19.900909969581278,17.08233686368295,2.8949355979216973
SP,353560,PARAIBUNA,2020–2024,18,88689,20.256150234507558,17.002947177510766,20.295639820045327,3.0585023484765457
SP,353570,PARAISO,2001–2005,2,27831,7.186980280351628,0.0,7.186231181057095,2.1024536186996716
SP,353570,PARAISO,2006–2010,0,29007,0.0,0.0,0.0,0.0
SP,353570,PARAISO,2011–2015,0,29738,0.0,0.0,0.0,0.0
SP,353570,PARAISO,2016–2019,2,24091,8.267195767195767,0.0,8.30185546469636,2.2302138925922135
SP,353570,PARAISO,2020–2024,1,30612,3.2792261026397775,0.0,3.2666928002090683,1.450839007287704
SP,353580,PARANAPANEMA,2001–2005,17,80847,20.93290584386234,18.814675446848543,21.027372691627395,3.0922858932222366
SP,353580,PARANAPANEMA,2006–2010,11,86631,12.813702326780668,17.080391710316558,12.697533215592571,2.6172157593658087
SP,353580,PARANAPANEMA,2011–2015,9,90965,9.98123195605726,5.419173034194982,9.893915242126093,2.388204398696784
SP,353580,PARANAPANEMA,2016–2019,9,75138,12.011773182048486,13.31886319274743,11.977960552583248,2.563252576633812
SP,353580,PARANAPANEMA,2020–2024,13,97169,13.369557614566034,15.152280418202938,13.378752482787721,2.665751594898691
SP,353590,PARANAPUA,2001–2005,2,18430,10.826017836120752,0.0,10.851871947911015,2.4724858253929973
SP,353590,PARANAPUA,2006–2010,1,18889,5.346164127238707,0.0,5.294086505373498,1.8396105426490523
SP,353590,PARANAPUA,2011–2015,1,19341,5.122950819672131,0.0,5.170363476552401,1.81975774648238
SP,353590,PARANAPUA,2016–2019,4,15796,25.266072917858335,25.381240403121097,25.322866548493288,3.2704380119436167
SP,353590,PARANAPUA,2020–2024,3,20220,14.78714367971483,0.0,14.836795252225519,2.762336045981583
SP,353600,PARAPUA,2001–2005,24,55127,43.514845243647315,45.45867806164197,43.53583543454206,3.7962941557635044
SP,353600,PARAPUA,2006–2010,10,54478,18.356154933939365,9.177679882525696,18.356033628253606,2.963004186285091
SP,353600,PARAPUA,2011–2015,4,53887,7.434479693350764,9.25925925925926,7.422940597917866,2.1309590069419646
SP,353600,PARAPUA,2016–2019,2,42712,4.672902134869057,4.668098216786482,4.682524817381532,1.737395644070094
SP,353600,PARAPUA,2020–2024,12,53189,22.537374465132938,27.96159940348588,22.561055857414125,3.1595951734589103
SP,353610,PARDINHO,2001–2005,2,24868,7.914333891117363,0.0,8.042464211034261,2.201931726974438
SP,353610,PARDINHO,2006–2010,1,27011,3.827751196172249,0.0,3.7021954018733108,1.5480295064371563
SP,353610,PARDINHO,2011–2015,3,29709,10.244528207921672,0.0,10.097950116126427,2.40676041704106
SP,353610,PARDINHO,2016–2019,4,26079,15.187892351483935,14.874312063067082,15.338011426818513,2.793494382320737
SP,353610,PARDINHO,2020–2024,7,35672,19.41313056321002,14.271442842871414,19.623233908948198,3.026418299897345
SP,353620,PARIQUERA-ACU,2001–2005,107,89424,119.56604628934808,124.1044734021549,119.65467883342279,4.7929325715381115
SP,353620,PARIQUERA-ACU,2006–2010,130,91421,142.4318690815447,142.83359885733122,142.1992758775336,4.964237197792626
SP,353620,PARIQUERA-ACU,2011–2015,77,93200,82.66931711129034,64.15396952686447,82.61802575107296,4.426259115880186
SP,353620,PARIQUERA-ACU,2016–2019,68,75736,89.83270602360618,79.54627346066964,89.78557093060104,4.508500362523708
SP,353620,PARIQUERA-ACU,2020–2024,67,96479,69.40618034728018,73.04601899196494,69.44516423263093,4.254834594862178
SP,353625,PARISI,2001–2005,4,9865,40.506786800755734,50.68423720223011,40.54738976178408,3.7268346977103852
SP,353625,PARISI,2006–2010,4,10074,39.74817773851204,49.62779156327544,39.70617431010522,3.7063797838938086
SP,353625,PARISI,2011–2015,0,11107,0.0,0.0,0.0,0.0
SP,353625,PARISI,2016–2019,4,10140,39.77864780102989,39.509237932856735,39.44773175542406,3.7000105666645866
SP,353625,PARISI,2020–2024,4,14374,27.703007506548705,33.944331296673454,27.82802281897871,3.3613479286179624
SP,353630,PATROCINIO PAULISTA,2001–2005,0,59359,0.0,0.0,0.0,0.0
SP,353630,PATROCINIO PAULISTA,2006–2010,1,63344,1.6204829039053639,0.0,1.5786814852235413,0.9472782160628849
SP,353630,PATROCINIO PAULISTA,2011–2015,2,66820,3.020919870100445,0.0,2.9931158335827597,1.3845718368220497
SP,353630,PATROCINIO PAULISTA,2016–2019,3,55704,5.377728460081261,3.606983119319002,5.385609651012494,1.854046966682478
SP,353630,PATROCINIO PAULISTA,2020–2024,0,72651,0.0,0.0,0.0,0.0
SP,353640,PAULICEIA,2001–2005,1,27979,3.5752592062924564,0.0,3.5741091532935414,1.5204119591753933
SP,353640,PAULICEIA,2006–2010,5,30593,16.12246435003329,16.943409013893596,16.34360801490537,2.8532240243852196
SP,353640,PAULICEIA,2011–2015,7,33558,20.98728162557675,15.188335358444712,20.859407592824365,3.0846313823273994
SP,353640,PAULICEIA,2016–2019,6,29229,20.73499830882307,13.304949441192123,20.527558246946526,3.069333893284048
SP,353640,PAULICEIA,2020–2024,13,39698,32.46309855290709,37.14250340472948,32.747241674643554,3.5188986858199014
SP,353650,PAULINIA,2001–2005,104,296170,35.32011076348626,38.91511429199872,35.11496775500557,3.5867073986602565
SP,353650,PAULINIA,2006–2010,85,374685,22.809615880719953,23.509014237646745,22.685722673712586,3.164872447783262
SP,353650,PAULINIA,2011–2015,105,442641,23.67046267014418,24.330336453795532,23.721254922160394,3.2076633967605304
SP,353650,PAULINIA,2016–2019,132,395721,33.30044614508946,31.33125245797855,33.35683473962716,3.5368009723729092
SP,353650,PAULINIA,2020–2024,218,552348,39.43792899119409,39.875366296969474,39.467871704070625,3.7005083680329602
SP,353657,PAULISTANIA,2001–2005,0,8895,0.0,0.0,0.0,0.0
SP,353657,PAULISTANIA,2006–2010,0,8895,0.0,0.0,0.0,0.0
SP,353657,PAULISTANIA,2011–2015,0,9262,0.0,0.0,0.0,0.0
SP,353657,PAULISTANIA,2016–2019,0,7870,0.0,0.0,0.0,0.0
SP,353657,PAULISTANIA,2020–2024,1,10451,9.699321047526674,0.0,9.56846234810066,2.357874316083303
SP,353660,PAULO DE FARIA,2001–2005,11,42535,25.871037371936033,23.476933912431036,25.86105560126954,3.2906774904445872
SP,353660,PAULO DE FARIA,2006–2010,7,42827,16.335017208675517,23.285597857724994,16.344829196534896,2.853294432955233
SP,353660,PAULO DE FARIA,2011–2015,2,41381,4.834286438320847,0.0,4.833135980280805,1.7635547597371835
SP,353660,PAULO DE FARIA,2016–2019,7,31304,22.425918956217544,18.973118012826298,22.361359570661897,3.1510833570653083
SP,353660,PAULO DE FARIA,2020–2024,14,37323,37.64014608356201,26.972353337828725,37.510382337968544,3.6509278760550847
SP,353670,PEDERNEIRAS,2001–2005,34,190105,18.00232685834846,21.04432460870709,17.884853107493228,2.938360177870639
SP,353670,PEDERNEIRAS,2006–2010,27,202386,13.456281259685577,9.883620370141584,13.340843734250393,2.663111671254433
SP,353670,PEDERNEIRAS,2011–2015,21,211537,9.897727057554544,9.516106009420945,9.927341316176367,2.3912680261377797
SP,353670,PEDERNEIRAS,2016–2019,24,174196,13.778359186988121,15.026169607498192,13.777583871041815,2.693111429290998
SP,353670,PEDERNEIRAS,2020–2024,53,225364,23.4957734569765,22.451728783116298,23.51750945137644,3.1993875337793773
SP,353680,PEDRA BELA,2001–2005,4,28300,14.123884900348042,17.562346329469616,14.13427561837456,2.7169620799721335
SP,353680,PEDRA BELA,2006–2010,3,28727,10.453654938022078,0.0,10.443137118390364,2.4373901719947444
SP,353680,PEDRA BELA,2011–2015,6,29829,20.295459757451987,16.414970453053183,20.11465352509303,3.0499672793047017
SP,353680,PEDRA BELA,2016–2019,0,25017,0.0,0.0,0.0,0.0
SP,353680,PEDRA BELA,2020–2024,6,32821,18.008224263773734,15.250876925423213,18.280978641723287,2.9591190473196654
SP,353690,PEDRANOPOLIS,2001–2005,2,13401,15.024123240132042,0.0,14.924259383628089,2.7678436938541964
SP,353690,PEDRANOPOLIS,2006–2010,3,12962,23.25046362531634,0.0,23.14457645425089,3.1840597774135557
SP,353690,PEDRANOPOLIS,2011–2015,2,13067,15.362759349808377,0.0,15.305731996632739,2.791516702231292
SP,353690,PEDRANOPOLIS,2016–2019,1,10795,9.297136481963555,0.0,9.263547938860583,2.3285985829743976
SP,353690,PEDRANOPOLIS,2020–2024,1,13966,7.099751508697196,0.0,7.160246312473149,2.0992743538725485
SP,353700,PEDREGULHO,2001–2005,0,76014,0.0,0.0,0.0,0.0
SP,353700,PEDREGULHO,2006–2010,1,77783,1.2975217334890359,0.0,1.2856279649794942,0.8266408071498689
SP,353700,PEDREGULHO,2011–2015,8,78280,10.21860480610754,12.774655084312725,10.219724067450178,2.4176733068732603
SP,353700,PEDREGULHO,2016–2019,0,62362,0.0,0.0,0.0,0.0
SP,353700,PEDREGULHO,2020–2024,5,77994,6.422180770757777,6.435006435006435,6.410749544836783,2.002931587341724
SP,353710,PEDREIRA,2001–2005,57,185109,30.990146476697028,31.366808688606007,30.792668103657846,3.4592357004243923
SP,353710,PEDREIRA,2006–2010,29,201080,14.511818665374047,14.92351697550056,14.42212054903521,2.735802878072944
SP,353710,PEDREIRA,2011–2015,36,209708,17.162708731218057,21.524406285126638,17.166727068113758,2.89959173784586
SP,353710,PEDREIRA,2016–2019,33,170092,19.391578673323632,21.100557759577377,19.40126519765774,3.015596918420068
SP,353710,PEDREIRA,2020–2024,48,216991,22.12452893465683,25.59329920893439,22.120733117963418,3.140729752555922
SP,353715,PEDRINHAS PAULISTA,2001–2005,2,14422,13.867621783392025,0.0,13.867702121758425,2.6991912173781327
SP,353715,PEDRINHAS PAULISTA,2006–2010,3,14620,20.52024546103269,34.01360544217687,20.51983584131327,3.0689751070727262
SP,353715,PEDRINHAS PAULISTA,2011–2015,1,14527,6.884681583476765,0.0,6.883733737179046,2.0648016161655063
SP,353715,PEDRINHAS PAULISTA,2016–2019,0,11417,0.0,0.0,0.0,0.0
SP,353715,PEDRINHAS PAULISTA,2020–2024,0,14104,0.0,0.0,0.0,0.0
SP,353720,PEDRO DE TOLEDO,2001–2005,24,47410,50.6527368208808,63.95224898742272,50.622231596709554,3.9439524245979762
SP,353720,PEDRO DE TOLEDO,2006–2010,16,49965,32.0894904138401,29.711795582846392,32.022415690983685,3.497186594234681
SP,353720,PEDRO DE TOLEDO,2011–2015,19,52320,36.14436963431308,37.91109847407829,36.31498470948012,3.6193949808145445
SP,353720,PEDRO DE TOLEDO,2016–2019,26,43460,59.792050812537276,64.93359311824695,59.82512655315232,4.108002969278228
SP,353720,PEDRO DE TOLEDO,2020–2024,35,56510,61.684360953300505,69.33009792876332,61.93594054149708,4.142117392280993
SP,353730,PENAPOLIS,2001–2005,64,278862,22.962065663200534,19.85953889761505,22.95041992096449,3.1759858569376442
SP,353730,PENAPOLIS,2006–2010,68,288581,23.582218104864474,18.80020509314647,23.56357487152654,3.201264649344846
SP,353730,PENAPOLIS,2011–2015,86,296440,29.00317844265504,31.76726299949841,29.010929699095936,3.4015616386157332
SP,353730,PENAPOLIS,2016–2019,50,241887,20.68223403150708,18.96497158650277,20.670809096809666,3.075966152036747
SP,353730,PENAPOLIS,2020–2024,58,310036,18.684857334041844,17.991789201655244,18.707504934910784,2.9809995243596474
SP,353740,PEREIRA BARRETO,2001–2005,22,125041,17.594436003842272,19.993602047344847,17.594229092857542,2.9228512687525137
SP,353740,PEREIRA BARRETO,2006–2010,23,124876,18.416241674781848,20.01441037547034,18.41827092475736,2.9662144230989145
SP,353740,PEREIRA BARRETO,2011–2015,20,123713,16.1905842843666,12.125131355589685,16.166449766798962,2.8429568839780095
SP,353740,PEREIRA BARRETO,2016–2019,20,97668,20.47779432966962,20.43552488044345,20.477536142851292,3.0670075583526044
SP,353740,PEREIRA BARRETO,2020–2024,21,121129,17.29687546410985,20.625360943816517,17.33688877147504,2.9089148107513374
SP,353750,PEREIRAS,2001–2005,11,32867,33.812546043982636,15.775358889414735,33.468220403444185,3.5400377517937764
SP,353750,PEREIRAS,2006–2010,8,35963,21.960536410355395,14.417531718569782,22.245085226482775,3.1460937215794824
SP,353750,PEREIRAS,2011–2015,7,38786,18.088820997884202,25.113008538422907,18.047749187851288,2.946948941723411
SP,353750,PEREIRAS,2016–2019,10,32932,30.49218731050201,24.300588854312902,30.365601846228593,3.4457118098303714
SP,353750,PEREIRAS,2020–2024,6,43689,13.647865386554656,11.75226231049477,13.733434045182998,2.6901193360380846
SP,353760,PERUIBE,2001–2005,290,269150,107.90566749268626,107.22217967373821,107.74660969719487,4.6890204942846285
SP,353760,PERUIBE,2006–2010,279,290102,96.0245981828105,100.3797701303264,96.1730701615294,4.5764936171279595
SP,353760,PERUIBE,2011–2015,283,309094,91.58777147663973,87.01430198709025,91.55790795033225,4.527834480537642
SP,353760,PERUIBE,2016–2019,353,260018,135.84737588803108,130.814655311533,135.75983201162995,4.91822633642602
SP,353760,PERUIBE,2020–2024,481,342767,140.4370025452928,142.02864244289265,140.32856138426393,4.951087402203253
SP,353770,PIACATU,2001–2005,4,24075,16.67542094501703,20.496003279360526,16.614745586708203,2.868736368697597
SP,353770,PIACATU,2006–2010,4,25742,15.33901386813505,0.0,15.5388081734131,2.8057096297691353
SP,353770,PIACATU,2011–2015,5,26720,18.73956686953914,18.846588767433094,18.7125748502994,2.981256749380205
SP,353770,PIACATU,2016–2019,0,21724,0.0,0.0,0.0,0.0
SP,353770,PIACATU,2020–2024,1,27692,3.556820202738751,0.0,3.6111512350137223,1.5284775514318156
SP,353780,PIEDADE,2001–2005,68,253635,26.846667060842936,23.563602089306052,26.810179983046503,3.325402140107222
SP,353780,PIEDADE,2006–2010,49,258675,18.953935228230485,19.329647813816834,18.942688702039238,2.992862595064472
SP,353780,PIEDADE,2011–2015,40,261743,15.280224321748818,9.576526019421195,15.282166094222195,2.79007040419435
SP,353780,PIEDADE,2016–2019,39,210634,18.51587601045034,17.06889925194003,18.515529306759593,2.9712105233372417
SP,353780,PIEDADE,2020–2024,45,266539,16.911360580482327,14.925373134328359,16.88308277587895,2.8838551696419823
SP,353790,PILAR DO SUL,2001–2005,18,123313,14.655049396354546,12.047225122480123,14.597001127212865,2.747078660340819
SP,353790,PILAR DO SUL,2006–2010,19,129487,14.675961767996402,11.58524811739718,14.673287665943299,2.7519578407396517
SP,353790,PILAR DO SUL,2011–2015,23,133522,17.217710735142454,14.86712506968965,17.225625739578497,2.90282861143857
SP,353790,PILAR DO SUL,2016–2019,28,108633,25.823585196011457,20.25538827976535,25.77485662736001,3.287463261599028
SP,353790,PILAR DO SUL,2020–2024,31,138980,22.094899109320522,10.902747492368077,22.305367678802707,3.1486837065207927
SP,353800,PINDAMONHANGABA,2001–2005,208,660063,31.525079286395957,31.54671221704138,31.512143537813813,3.4816136668642645
SP,353800,PINDAMONHANGABA,2006–2010,146,712864,20.47356172572537,20.408857444130753,20.480764914485793,3.067157879550655
SP,353800,PINDAMONHANGABA,2011–2015,155,757079,20.457765454311406,18.861696609610036,20.47342483413224,3.0668161163621064
SP,353800,PINDAMONHANGABA,2016–2019,158,633075,24.93255941266205,25.275316827751794,24.957548473719545,3.256462452620081
SP,353800,PINDAMONHANGABA,2020–2024,243,832160,29.148417548276093,27.471353483062384,29.201115170159586,3.4078788498632946
SP,353810,PINDORAMA,2001–2005,3,68314,4.352657658188428,0.0,4.39148637175396,1.6848211116086973
SP,353810,PINDORAMA,2006–2010,7,73172,9.533665706287719,6.929046563192904,9.566500847318647,2.357688699409216
SP,353810,PINDORAMA,2011–2015,9,74566,12.077569723001302,13.448994687647097,12.069844164900895,2.5703076044511164
SP,353810,PINDORAMA,2016–2019,7,58906,11.895283944055077,10.181013011786053,11.883339557939768,2.5559349695170623
SP,353810,PINDORAMA,2020–2024,6,73101,8.203080881502592,6.876633200385091,8.20782205441786,2.2200533461261878
SP,353820,PINHALZINHO,2001–2005,6,57932,10.487017856368267,8.482483671218933,10.356970240972174,2.429831673581358
SP,353820,PINHALZINHO,2006–2010,4,63274,6.439335193971741,0.0,6.321711919587824,1.9908441694263272
SP,353820,PINHALZINHO,2011–2015,5,68036,7.425189058659255,7.168972686214065,7.349050502675054,2.1221478201425508
SP,353820,PINHALZINHO,2016–2019,6,57573,10.380191433510632,10.359244721888292,10.421551769058413,2.4355020767006708
SP,353820,PINHALZINHO,2020–2024,7,76125,9.132666949558391,12.81640499839795,9.195402298850574,2.3219368636549955
SP,353830,PIQUEROBI,2001–2005,3,17478,17.193709784739212,0.0,17.16443529007896,2.8994655773880558
SP,353830,PIQUEROBI,2006–2010,1,17625,5.654509471303364,0.0,5.673758865248227,1.8981832492072115
SP,353830,PIQUEROBI,2011–2015,2,17335,11.57587701798976,0.0,11.537352177675224,2.5287123628038084
SP,353830,PIQUEROBI,2016–2019,3,13456,22.27082435850703,14.912019087384433,22.294887039239,3.148233896115084
SP,353830,PIQUEROBI,2020–2024,1,16434,6.067961165048543,0.0,6.084945843981989,1.9579722293564772
SP,353850,PIQUETE,2001–2005,11,74321,14.791969117660173,13.556564766488172,14.800661993245514,2.76005183746189
SP,353850,PIQUETE,2006–2010,5,71599,6.942674592579417,7.088679379031687,6.9833377561139125,2.077356589190404
SP,353850,PIQUETE,2011–2015,12,68428,17.510064652254446,14.915355358341412,17.536680890863387,2.919751519885684
SP,353850,PIQUETE,2016–2019,10,52297,19.026719478668607,15.18347981228489,19.121555729774173,3.001791664795692
SP,353850,PIQUETE,2020–2024,12,62953,19.088840140258377,15.910898965791569,19.061839785236604,2.9988194924477787
SP,353860,PIRACAIA,2001–2005,34,119327,28.501910382111646,24.778030146603346,28.49313231707828,3.3841574334320876
SP,353860,PIRACAIA,2006–2010,41,123766,33.11255350702022,28.280542986425342,33.12703004056041,3.530089740103832
SP,353860,PIRACAIA,2011–2015,40,126707,31.576418155634475,31.663104567402836,31.56889516759137,3.4833576969317406
SP,353860,PIRACAIA,2016–2019,20,102732,19.465390721377112,19.451086282071522,19.468130670093057,3.018869075038798
SP,353860,PIRACAIA,2020–2024,23,131014,17.547817299750633,11.209086833059333,17.555375761369014,2.920759545526533
SP,353870,PIRACICABA,2001–2005,702,1697201,41.35742998598834,40.48173261815606,41.36221932464098,3.746256911349485
SP,353870,PIRACICABA,2006–2010,735,1786167,41.13786101956676,40.45834314771452,41.14956776158108,3.741224429628524
SP,353870,PIRACICABA,2011–2015,1019,1892527,53.79878786854657,55.06435483365867,53.84335335770639,4.00448100084993
SP,353870,PIRACICABA,2016–2019,819,1601180,51.20586494257158,51.82062864450799,51.14977703943341,3.9541199060672376
SP,353870,PIRACICABA,2020–2024,886,2124151,41.70325020190201,41.47420281796699,41.710782331387925,3.7544514019740243
SP,353880,PIRAJU,2001–2005,32,140347,22.793520663344555,21.375895115607968,22.800629867400087,3.169712045344047
SP,353880,PIRAJU,2006–2010,25,141792,17.643192563567364,21.11412182848295,17.63146016700519,2.9248515587297765
SP,353880,PIRAJU,2011–2015,32,143563,22.280578719892368,21.01281781886951,22.289865773214547,3.148018320599889
SP,353880,PIRAJU,2016–2019,31,116289,26.65441420882074,27.441953314706975,26.65772343041904,3.3199050173691798
SP,353880,PIRAJU,2020–2024,32,148172,21.532987124789596,20.439448134900356,21.596522959803472,3.1177960431057796
SP,353890,PIRAJUI,2001–2005,43,104240,41.368612721757316,43.17582153993764,41.25095932463546,3.743627059453939
SP,353890,PIRAJUI,2006–2010,147,110799,132.35682704763263,145.34883720930233,132.67267755124143,4.8953941068386575
SP,353890,PIRAJUI,2011–2015,280,113177,247.40692608372083,225.5339848759563,247.40009012431855,5.515040712878576
SP,353890,PIRAJUI,2016–2019,265,90132,293.98725742928934,308.13908983525846,294.0132250477078,5.687020186005151
SP,353890,PIRAJUI,2020–2024,170,112690,150.78224869076072,154.96325157177012,150.8563315289733,5.022934886565696
SP,353900,PIRANGI,2001–2005,4,51051,7.835891365725692,9.738994935722634,7.8353019529490116,2.1787552820918883
SP,353900,PIRANGI,2006–2010,1,52518,1.8934014957871816,0.0,1.9041090673673788,1.0661266538906744
SP,353900,PIRANGI,2011–2015,4,53440,7.485045797004071,9.337068160597571,7.485029940119761,2.138303427273925
SP,353900,PIRANGI,2016–2019,4,43144,9.252434436366887,4.640371229698376,9.271277582050807,2.3293514156242217
SP,353900,PIRANGI,2020–2024,12,54645,21.972147287552893,18.214936247723134,21.95992314026901,3.1337502238965036
SP,353910,PIRAPORA DO BOM JESUS,2001–2005,19,66609,28.84904536335449,28.64303616183315,28.524673842874087,3.385226315210355
SP,353910,PIRAPORA DO BOM JESUS,2006–2010,31,75044,41.798142739568036,46.666666666666664,41.309098662118224,3.745002161317119
SP,353910,PIRAPORA DO BOM JESUS,2011–2015,39,81785,47.95440283836197,48.91769597651951,47.6860059913187,3.885391637487622
SP,353910,PIRAPORA DO BOM JESUS,2016–2019,29,69338,41.861380127664184,40.055267462854545,41.82410799273126,3.7571012148684733
SP,353910,PIRAPORA DO BOM JESUS,2020–2024,48,91844,51.70165519682828,27.572515716333957,52.2625321196812,3.97523312187079
SP,353920,PIRAPOZINHO,2001–2005,20,114269,17.43932070012541,17.89709172259508,17.502559749363343,2.9179090873431996
SP,353920,PIRAPOZINHO,2006–2010,20,120779,16.52621822661376,12.699487787325912,16.559170054396873,2.8655763236729856
SP,353920,PIRAPOZINHO,2011–2015,24,124280,19.306174477907383,20.028841531805803,19.31123270035404,3.011174068007194
SP,353920,PIRAPOZINHO,2016–2019,16,100403,15.942420672647362,15.935790161507196,15.935778811390099,2.8294284734845303
SP,353920,PIRAPOZINHO,2020–2024,35,127648,27.42556706045658,26.855937080375984,27.419152669842067,3.347063307651728
SP,353930,PIRASSUNUNGA,2001–2005,136,331955,40.99094451124157,45.54079696394687,40.969408504164726,3.7369409839453716
SP,353930,PIRASSUNUNGA,2006–2010,111,345046,32.170979961623374,29.96532583724547,32.169623760310216,3.5016345101243633
SP,353930,PIRASSUNUNGA,2011–2015,119,354662,33.58361388370783,39.31645534071921,33.553073066750876,3.542496491750329
SP,353930,PIRASSUNUNGA,2016–2019,88,288908,30.460127787645032,29.888986972710455,30.459523446910435,3.448701749610456
SP,353930,PIRASSUNUNGA,2020–2024,91,369730,24.587126150227476,21.931026920335544,24.61255510778135,3.243082665159828
SP,353940,PIRATININGA,2001–2005,3,55060,5.498336734001597,8.96378630333453,5.448601525608427,1.8638632895641902
SP,353940,PIRATININGA,2006–2010,1,58803,1.678697330871244,0.0,1.7005935071339897,0.9934715663109993
SP,353940,PIRATININGA,2011–2015,9,63864,14.159269523385495,8.130081300813009,14.092446448703495,2.7141943834763183
SP,353940,PIRATININGA,2016–2019,10,55568,18.138960485529516,17.902002891509774,17.995968902965735,2.9442267936548836
SP,353940,PIRATININGA,2020–2024,15,75373,19.880755535572025,19.287643050019287,19.901025566184178,3.039798227919218
SP,353950,PITANGUEIRAS,2001–2005,28,161761,17.422667199529414,21.371435549856507,17.309487453712578,2.907419365597324
SP,353950,PITANGUEIRAS,2006–2010,32,172201,18.5513803595815,11.910433539780847,18.582935058449138,2.974658526708455
SP,353950,PITANGUEIRAS,2011–2015,44,174459,25.22838452336331,25.998786723286244,25.22082552347543,3.266553962335558
SP,353950,PITANGUEIRAS,2016–2019,41,137111,29.92494054793716,32.09114625146108,29.902779499821314,3.4308461313088388
SP,353950,PITANGUEIRAS,2020–2024,42,169881,24.709457555312557,29.374614458185235,24.72318858495064,3.247392864661712
SP,353960,PLANALTO,2001–2005,5,19467,26.512102815542185,0.0,25.68449170390918,3.284082561596592
SP,353960,PLANALTO,2006–2010,0,21468,0.0,0.0,0.0,0.0
SP,353960,PLANALTO,2011–2015,4,22222,18.012992174947662,22.5022502250225,18.000180001800018,2.944448452900513
SP,353960,PLANALTO,2016–2019,6,17667,33.971370508074614,33.90598131567271,33.96162336559688,3.5542509846519685
SP,353960,PLANALTO,2020–2024,7,22060,31.769284068037127,22.451728783116298,31.731640979147777,3.4883422241077238
SP,353970,PLATINA,2001–2005,1,14806,6.611570247933885,0.0,6.754018641091449,2.0482112433071644
SP,353970,PLATINA,2006–2010,1,15623,6.402048655569781,0.0,6.400819304871024,2.001590710955926
SP,353970,PLATINA,2011–2015,1,15747,6.408202499198974,0.0,6.350415952244872,1.9947569037656299
SP,353970,PLATINA,2016–2019,2,12346,16.236714049716454,16.16553507921112,16.199578810950914,2.844884895784166
SP,353970,PLATINA,2020–2024,7,15220,46.027417083393026,32.765399737876805,45.992115637319316,3.84997983524059
SP,353980,POA,2001–2005,248,493835,50.31787205384177,48.604149579270334,50.21920277015603,3.9361145158348623
SP,353980,POA,2006–2010,172,519489,33.05426472052204,33.06106573317775,33.10945948807386,3.5295747501623427
SP,353980,POA,2011–2015,177,527233,33.56391555405629,33.13295782647796,33.57149495574063,3.543029497306903
SP,353980,POA,2016–2019,155,418410,37.05261438027253,39.74380248559955,37.045003704500374,3.6387697670000247
SP,353980,POA,2020–2024,248,523372,47.34611562189208,47.0538526542214,47.38503397201226,3.8791905504513378
SP,353990,POLONI,2001–2005,5,24765,20.293305281707912,0.0,20.189783969311527,3.0535191772924923
SP,353990,POLONI,2006–2010,0,26327,0.0,0.0,0.0,0.0
SP,353990,POLONI,2011–2015,2,27218,7.304601899196494,0.0,7.34807847747814,2.1220313899228205
SP,353990,POLONI,2016–2019,4,22070,18.151529620450525,18.098071074143363,18.124150430448573,2.9509519567885865
SP,353990,POLONI,2020–2024,3,28066,10.772657275359233,0.0,10.689090002137819,2.4586559283254643
SP,354000,POMPEIA,2001–2005,5,93464,5.411145222280697,5.2999788000848,5.349653342463409,1.8484002196763711
SP,354000,POMPEIA,2006–2010,9,97967,9.206908512849372,5.056378621631188,9.18676697255198,2.3210895223636663
SP,354000,POMPEIA,2011–2015,13,100108,12.995672225125457,9.979541939025,12.985975146841412,2.63805505227748
SP,354000,POMPEIA,2016–2019,12,80435,14.921190232111657,14.906844746471991,14.918878597625413,2.7675057380875843
SP,354000,POMPEIA,2020–2024,15,101395,14.807678072265947,14.739841792364762,14.793628877163568,2.7596066230890166
SP,354010,PONGAI,2001–2005,0,18141,0.0,0.0,0.0,0.0
SP,354010,PONGAI,2006–2010,2,17612,11.42204454597373,0.0,11.355893708834886,2.5141331726265608
SP,354010,PONGAI,2011–2015,2,17297,11.587485515643106,0.0,11.562698733884488,2.530732005306861
SP,354010,PONGAI,2016–2019,1,13708,7.286505392013991,0.0,7.295010213014297,2.115654154867002
SP,354010,PONGAI,2020–2024,5,17068,29.318901901099558,29.394473838918284,29.29458636044059,3.410969028580042
SP,354020,PONTAL,2001–2005,33,162749,20.368996353992905,19.608483937383575,20.276622283393447,3.0576089245907925
SP,354020,PONTAL,2006–2010,46,189509,24.299962607910807,20.493378077208803,24.273253513025765,3.2297466631333362
SP,354020,PONTAL,2011–2015,51,197845,25.791035165377373,27.80024262029923,25.777755313502997,3.287571517239258
SP,354020,PONTAL,2016–2019,69,154303,44.79385253606745,53.13998920970582,44.71721223825849,3.822474862401317
SP,354020,PONTAL,2020–2024,107,189827,56.35005214660538,53.18158853404951,56.36711321361029,4.04947119860294
SP,354025,PONTALINDA,2001–2005,8,18462,44.116418390412875,27.085590465872155,43.33225002708265,3.791712403775754
SP,354025,PONTALINDA,2006–2010,4,19809,19.987918027223266,25.246149962130776,20.192841637639457,3.0536634660565527
SP,354025,PONTALINDA,2011–2015,2,20436,9.802723934465769,0.0,9.786651008025053,2.3783093518547234
SP,354025,PONTALINDA,2016–2019,4,16428,24.35463983115012,24.34874373050974,24.348672997321646,3.2327263814213327
SP,354025,PONTALINDA,2020–2024,6,20725,28.84293422206121,24.25418384671356,28.950542822677924,3.39954744869364
SP,354030,PONTES GESTAL,2001–2005,1,12664,7.883326763894362,0.0,7.896399241945672,2.185646615317038
SP,354030,PONTES GESTAL,2006–2010,0,12610,0.0,0.0,0.0,0.0
SP,354030,PONTES GESTAL,2011–2015,1,12425,8.120178643930167,0.0,8.048289738430585,2.202575760674079
SP,354030,PONTES GESTAL,2016–2019,2,9742,20.576553330785117,20.48340843916428,20.529665366454527,3.0694317685919685
SP,354030,PONTES GESTAL,2020–2024,2,12009,16.63551039779937,0.0,16.654176034640685,2.870972357922559
SP,354040,POPULINA,2001–2005,0,21905,0.0,0.0,0.0,0.0
SP,354040,POPULINA,2006–2010,0,21337,0.0,0.0,0.0,0.0
SP,354040,POPULINA,2011–2015,1,20995,4.781257470714798,0.0,4.763038818766373,1.7514649082927445
SP,354040,POPULINA,2016–2019,4,16652,24.032745573587793,24.067410993587874,24.02113860196973,3.2197210116759734
SP,354040,POPULINA,2020–2024,2,20746,9.673554951319034,0.0,9.640412609659693,2.364659262264963
SP,354050,PORANGABA,2001–2005,5,35594,13.937966366541854,14.374011786689664,14.04731134460864,2.711199327036633
SP,354050,PORANGABA,2006–2010,1,39822,2.5693730729701953,0.0,2.511174727537542,1.2559506616949716
SP,354050,PORANGABA,2011–2015,4,44079,9.256378229561863,0.0,9.074616030309217,2.310018995970937
SP,354050,PORANGABA,2016–2019,5,38397,13.200000439328246,15.679589214848601,13.02185066541657,2.6406168747078507
SP,354050,PORANGABA,2020–2024,7,52152,13.296887943360076,18.5649308456326,13.4223040343611,2.668775899562133
SP,354060,PORTO FELIZ,2001–2005,63,232524,27.127695026619527,27.558137069934073,27.093977395881716,3.3355552258195753
SP,354060,PORTO FELIZ,2006–2010,37,241001,15.360118482180496,16.362260446280654,15.35263339156269,2.7943889480780366
SP,354060,PORTO FELIZ,2011–2015,72,253498,28.378575057975706,25.95587501247879,28.402590947463096,3.38108279792637
SP,354060,PORTO FELIZ,2016–2019,169,214084,79.12138297241097,77.57636810027262,78.94097643915472,4.381288567859001
SP,354060,PORTO FELIZ,2020–2024,150,283229,52.78622681971201,48.768593026091196,52.960678461598214,3.9882556046778235
SP,354070,PORTO FERREIRA,2001–2005,92,242979,37.93078917147277,40.82965866405357,37.86335444626902,3.6600517615380035
SP,354070,PORTO FERREIRA,2006–2010,57,252926,22.551750895837642,23.72385433553438,22.536235895083937,3.158541186543556
SP,354070,PORTO FERREIRA,2011–2015,49,258548,18.971503145219277,21.27289253321472,18.951993440289616,2.9933290601630484
SP,354070,PORTO FERREIRA,2016–2019,34,208709,16.291661897395777,15.347782919584814,16.290624745458988,2.8501644323830067
SP,354070,PORTO FERREIRA,2020–2024,41,264863,15.477643870063611,15.22533495736906,15.479700826465004,2.802129370582625
SP,354075,POTIM,2001–2005,10,75757,12.767413777832205,12.755915555839021,13.200100320762438,2.653249029424684
SP,354075,POTIM,2006–2010,251,90457,274.0319895319547,267.36379300101004,277.4799075803973,5.62934591163153
SP,354075,POTIM,2011–2015,365,98207,372.0721103496051,402.2198462400081,371.6639343427658,5.920677033202791
SP,354075,POTIM,2016–2019,283,80053,353.71947647994705,340.5748832705234,353.51579578529226,5.870752902906989
SP,354075,POTIM,2020–2024,246,102268,241.08125345037442,220.67477442134174,240.54445183244025,5.4870535217134
SP,354080,POTIRENDABA,2001–2005,3,70866,4.14789228906785,0.0,4.233341800016933,1.6550500415224745
SP,354080,POTIRENDABA,2006–2010,8,75374,10.551421610142603,6.800408024481469,10.613739485764322,2.452188835646472
SP,354080,POTIRENDABA,2011–2015,10,80818,12.323324688687576,12.753475322025253,12.3734811551882,2.593273727843215
SP,354080,POTIRENDABA,2016–2019,8,69164,11.439420674297732,11.397125980319444,11.566711005725523,2.5310513340867016
SP,354080,POTIRENDABA,2020–2024,14,92403,15.243312921928242,11.142682043567886,15.151023235176346,2.7819834058768724
SP,354085,PRACINHA,2001–2005,2,8846,19.782393669634025,0.0,22.609088853719197,3.1616317588118426
SP,354085,PRACINHA,2006–2010,48,12503,385.78874394022375,349.89503149055287,383.90786211309285,5.953003986459606
SP,354085,PRACINHA,2011–2015,78,13927,563.1724070867264,498.3980064079744,560.0631866159259,6.329833531294126
SP,354085,PRACINHA,2016–2019,83,10718,772.5215368809747,637.5519040925468,774.3982086210113,6.653376714969795
SP,354085,PRACINHA,2020–2024,66,12988,508.04875267685446,571.8642775447961,508.16137973514014,6.232765018824826
SP,354090,PRADOPOLIS,2001–2005,8,70638,11.303816806868356,13.352026169971294,11.325348962314902,2.5116580329003435
SP,354090,PRADOPOLIS,2006–2010,8,81948,9.960416563434118,11.856067342462506,9.76228828037292,2.3760481975857117
SP,354090,PRADOPOLIS,2011–2015,2,86510,2.3102132681294,0.0,2.311871459946827,1.197513425367342
SP,354090,PRADOPOLIS,2016–2019,2,68758,2.910875351616525,2.9066387629345423,2.908752436080165,1.36321825302737
SP,354090,PRADOPOLIS,2020–2024,12,85810,13.994333653747436,11.632641191182458,13.984384104416735,2.707008599117608
SP,354100,PRAIA GRANDE,2001–2005,886,1060937,83.54120856815335,84.8022021933135,83.51108501258793,4.436882709340237
SP,354100,PRAIA GRANDE,2006–2010,1154,1234383,93.35440098270405,93.60909011128616,93.48800169801432,4.548472860280233
SP,354100,PRAIA GRANDE,2011–2015,1420,1409316,100.77003562329732,100.58001139906796,100.7580982547562,4.622598410882944
SP,354100,PRAIA GRANDE,2016–2019,1381,1256331,109.61640179557996,103.66390083876756,109.92326066936182,4.708838616901891
SP,354100,PRAIA GRANDE,2020–2024,1941,1748253,110.71691023444968,111.16350179319015,111.0251205060137,4.718723136378066
SP,354105,PRATANIA,2001–2005,4,20677,19.42622589622469,24.55795677799607,19.345166126614114,3.0128433468965565
SP,354105,PRATANIA,2006–2010,1,22311,4.348771472059143,0.0,4.482094034332841,1.701487151022942
SP,354105,PRATANIA,2011–2015,2,23629,8.580182676727123,0.0,8.464175377713826,2.2475136575392387
SP,354105,PRATANIA,2016–2019,7,19687,35.72117656751979,40.823859564923225,35.55645857672575,3.5988578758308294
SP,354105,PRATANIA,2020–2024,2,25672,7.714106238385517,0.0,7.790588968526021,2.1736817138353297
SP,354110,PRESIDENTE ALVES,2001–2005,1,21289,4.740459824602986,0.0,4.697261496547513,1.7399856201904216
SP,354110,PRESIDENTE ALVES,2006–2010,0,20806,0.0,0.0,0.0,0.0
SP,354110,PRESIDENTE ALVES,2011–2015,4,20205,19.79928975070224,24.582104228121928,19.79707993071022,3.034812588905338
SP,354110,PRESIDENTE ALVES,2016–2019,0,15682,0.0,0.0,0.0,0.0
SP,354110,PRESIDENTE ALVES,2020–2024,7,19152,36.677311291630666,26.164311878597594,36.54970760233918,3.6256655912913884
SP,354120,PRESIDENTE BERNARDES,2001–2005,11,71631,15.391469243348308,7.034822370735139,15.356479736426966,2.794624132986105
SP,354120,PRESIDENTE BERNARDES,2006–2010,58,68913,83.9146806633267,100.02143316424949,84.16409095526244,4.444579877331573
SP,354120,PRESIDENTE BERNARDES,2011–2015,185,68973,267.28389456134056,318.9792663476874,268.22089803256347,5.595532224893333
SP,354120,PRESIDENTE BERNARDES,2016–2019,219,56552,387.72630686284504,361.6479115381992,387.254208516056,5.961660301676567
SP,354120,PRESIDENTE BERNARDES,2020–2024,153,72635,210.5849245518444,223.27658386826684,210.64225235767879,5.354897360379976
SP,354130,PRESIDENTE EPITACIO,2001–2005,52,199471,26.034878203070292,27.573759807485025,26.068952379042567,3.2983874024356057
SP,354130,PRESIDENTE EPITACIO,2006–2010,40,204534,19.569897202361666,19.459512052735278,19.556650727996324,3.0231845249821285
SP,354130,PRESIDENTE EPITACIO,2011–2015,52,204289,25.421884650844525,26.822726164350158,25.4541360523572,3.27541251856928
SP,354130,PRESIDENTE EPITACIO,2016–2019,36,160703,22.399625141434925,22.402136312683638,22.40157308824353,3.1528032460974034
SP,354130,PRESIDENTE EPITACIO,2020–2024,58,199285,29.09529447738065,24.76289527771587,29.10404696791028,3.4046596134782754
SP,354140,PRESIDENTE PRUDENTE,2001–2005,422,972757,43.427423770424056,40.87110967585678,43.38185178826778,3.7928306423722993
SP,354140,PRESIDENTE PRUDENTE,2006–2010,411,1019023,40.336899909999644,40.9421511487886,40.33275009494388,3.721655166231175
SP,354140,PRESIDENTE PRUDENTE,2011–2015,426,1059973,40.23478327840571,39.22356475236537,40.189702945263704,3.718188296605128
SP,354140,PRESIDENTE PRUDENTE,2016–2019,417,874903,47.64833719939589,52.817473672629504,47.662426577574884,3.884907204126289
SP,354140,PRESIDENTE PRUDENTE,2020–2024,405,1136246,35.60684527576116,36.31190646052896,35.6436898347717,3.6012412398329925
SP,354150,PRESIDENTE VENCESLAU,2001–2005,29,187575,15.46452451358412,16.041493997807663,15.460482473677196,2.8009625067073824
SP,354150,PRESIDENTE VENCESLAU,2006–2010,76,188984,40.21200177633502,47.4808757583751,40.215044659865384,3.7188033513474106
SP,354150,PRESIDENTE VENCESLAU,2011–2015,81,186077,43.53382560823805,45.12036520954429,43.530366461196174,3.7961713488348074
SP,354150,PRESIDENTE VENCESLAU,2016–2019,74,144777,51.05985698168725,55.14039385878559,51.113091167795986,3.9534161872115763
SP,354150,PRESIDENTE VENCESLAU,2020–2024,63,177711,35.42958846344938,36.20968191187121,35.450816212839946,3.595963850874461
SP,354160,PROMISSAO,2001–2005,51,162083,31.61272591222566,27.018102128426047,31.465360340072674,3.48017368523884
SP,354160,PROMISSAO,2006–2010,29,173579,16.682729927400413,14.209389564624303,16.70709014339292,2.873965132444855
SP,354160,PROMISSAO,2011–2015,47,177687,26.471871419762596,19.67231543152629,26.451006545217155,3.3124028355971955
SP,354160,PROMISSAO,2016–2019,28,141334,19.822979680793654,21.230829143802808,19.811227305531578,3.0354926153859263
SP,354160,PROMISSAO,2020–2024,23,177077,12.949605143823172,14.196076204537066,12.988699831146901,2.638249848772256
SP,354165,QUADRA,2001–2005,0,14077,0.0,0.0,0.0,0.0
SP,354165,QUADRA,2006–2010,0,15553,0.0,0.0,0.0,0.0
SP,354165,QUADRA,2011–2015,0,16387,0.0,0.0,0.0,0.0
SP,354165,QUADRA,2016–2019,1,13363,7.498500299940011,0.0,7.483349547257353,2.1381053655946527
SP,354165,QUADRA,2020–2024,3,17082,17.55884193664894,0.0,17.562346329469616,2.9211351379815595
SP,354170,QUATA,2001–2005,11,59941,18.447964772441225,16.999575010624735,18.351378855874945,2.962763675638558
SP,354170,QUATA,2006–2010,7,62814,11.160532356162026,7.8131103992499416,11.144012481293979,2.4968362484272832
SP,354170,QUATA,2011–2015,9,64445,13.96913479613779,15.481074386562428,13.965396850027155,2.705740659498134
SP,354170,QUATA,2016–2019,8,52102,15.34580172451831,15.390555327240277,15.354496948293733,2.794502902235047
SP,354170,QUATA,2020–2024,7,66076,10.590185493924954,7.597052343690648,10.593861613899145,2.4504757868362277
SP,354180,QUEIROZ,2001–2005,3,11734,25.378136559393145,40.50222762251924,25.56672916311573,3.279659649563777
SP,354180,QUEIROZ,2006–2010,3,13344,22.898313904891644,36.53635367190354,22.48201438848921,3.1562347829533057
SP,354180,QUEIROZ,2011–2015,1,14582,7.032348804500704,0.0,6.857769853243725,2.0615028324970934
SP,354180,QUEIROZ,2016–2019,2,12343,16.4102212789352,16.307893020221787,16.203516163007375,2.8451137910086586
SP,354180,QUEIROZ,2020–2024,2,16332,12.329048217997485,0.0,12.24589762429586,2.5836878912314605
SP,354190,QUELUZ,2001–2005,12,48632,25.095772284224005,20.57189878625797,24.675111037999674,3.2455220805569613
SP,354190,QUELUZ,2006–2010,16,54179,29.080675884309063,19.280825219319386,29.53173738902527,3.418766712727521
SP,354190,QUELUZ,2011–2015,16,53657,29.509332010882407,36.63674665689687,29.81903572693218,3.428132542151773
SP,354190,QUELUZ,2016–2019,6,39658,15.04822271379188,15.357327809425168,15.129355993746534,2.7806409653478985
SP,354190,QUELUZ,2020–2024,8,46265,17.40965164905797,10.540739959945189,17.291689181886955,2.906446813626894
SP,354200,QUINTANA,2001–2005,2,28032,7.135212272565108,0.0,7.134703196347032,2.09613925522939
SP,354200,QUINTANA,2006–2010,3,29439,10.125744832135577,0.0,10.19056353816366,2.415070881928302
SP,354200,QUINTANA,2011–2015,5,31242,16.00971925747961,16.00768368817032,16.004097048844507,2.8334543178928953
SP,354200,QUINTANA,2016–2019,4,26526,14.983547893068888,15.182944396427544,15.079544597753147,2.7775479423145204
SP,354200,QUINTANA,2020–2024,9,35193,25.31933130438675,14.590020426028595,25.5732674111329,3.279905725908213
SP,354210,RAFARD,2001–2005,10,42175,23.711062738354055,23.85211687537269,23.710729104919977,3.2072375260370842
SP,354210,RAFARD,2006–2010,11,42805,25.69846979532486,34.835113794705066,25.697932484522838,3.284586127371359
SP,354210,RAFARD,2011–2015,8,43495,18.431728659376468,11.495574203931486,18.39291872629038,2.9649079853266738
SP,354210,RAFARD,2016–2019,6,35324,16.947964313089663,16.93911198588993,16.98561884271317,2.8895724853803695
SP,354210,RAFARD,2020–2024,11,44987,24.363892157640443,32.847914157451,24.451508213483898,3.2367750030670983
SP,354220,RANCHARIA,2001–2005,49,143908,34.05060446419165,31.269543464665414,34.049531645217776,3.5567622509153654
SP,354220,RANCHARIA,2006–2010,55,143988,38.197676774502604,38.19311829450366,38.197627580076116,3.6686162240485265
SP,354220,RANCHARIA,2011–2015,41,143750,28.519145526154006,31.265198360314038,28.52173913043478,3.3851269116295466
SP,354220,RANCHARIA,2016–2019,33,114676,28.7742768546433,26.159042030973012,28.776727475670587,3.3937271312131685
SP,354220,RANCHARIA,2020–2024,40,144067,27.709496086092162,24.45500279485746,27.764859405693187,3.359154482616651
SP,354230,REDENCAO DA SERRA,2001–2005,1,19970,5.051780752715333,0.0,5.007511266900351,1.793010564099113
SP,354230,REDENCAO DA SERRA,2006–2010,0,19536,0.0,0.0,0.0,0.0
SP,354230,REDENCAO DA SERRA,2011–2015,0,20102,0.0,0.0,0.0,0.0
SP,354230,REDENCAO DA SERRA,2016–2019,2,17003,11.692232661487857,11.547344110854503,11.762630124095747,2.5465213792543406
SP,354230,REDENCAO DA SERRA,2020–2024,3,22480,13.238210478860122,0.0,13.345195729537368,2.6634150937834202
SP,354240,REGENTE FEIJO,2001–2005,7,87174,8.011459829945627,11.375917183322905,8.029917177139973,2.200543195420051
SP,354240,REGENTE FEIJO,2006–2010,12,90930,13.142662213212422,5.592841163310962,13.196964698119432,2.6530281881050857
SP,354240,REGENTE FEIJO,2011–2015,16,94473,16.90755400431931,15.878056525881233,16.936055804303873,2.8868129776264735
SP,354240,REGENTE FEIJO,2016–2019,13,78040,16.62738730482659,15.487264800807438,16.65812403895438,2.871195962973599
SP,354240,REGENTE FEIJO,2020–2024,10,100926,9.902560570646674,9.928021841648052,9.908249608624141,2.3895193478003827
SP,354250,REGINOPOLIS,2001–2005,8,27063,29.219903025745595,19.331142470520007,29.560654768503124,3.419713389739707
SP,354250,REGINOPOLIS,2006–2010,86,33631,257.8287950969678,292.4451665312754,255.71645208289968,5.5479721765241905
SP,354250,REGINOPOLIS,2011–2015,83,37031,224.09447217325913,188.32391713747646,224.13653425508357,5.4167070370757555
SP,354250,REGINOPOLIS,2016–2019,102,30133,338.305334088593,351.87304216007317,338.49931968273984,5.827471943116743
SP,354250,REGINOPOLIS,2020–2024,114,38442,296.2882620265253,300.1827199164709,296.5506477290463,5.6955844549631225
SP,354260,REGISTRO,2001–2005,110,269521,40.817044447425076,38.99504205893822,40.81314628544715,3.733210794521092
SP,354260,REGISTRO,2006–2010,89,270795,32.856170860982765,25.89858852692528,32.86619029154895,3.5224171801829214
SP,354260,REGISTRO,2011–2015,168,278169,60.42971655578879,56.65929486593679,60.394939766832394,4.117327417535887
SP,354260,REGISTRO,2016–2019,148,231002,64.01297906052982,67.54256505113213,64.06870936182371,4.175443778698592
SP,354260,REGISTRO,2020–2024,350,300923,116.1035805240966,123.28834678546185,116.308823187327,4.764809971818918
SP,354270,RESTINGA,2001–2005,0,29347,0.0,0.0,0.0,0.0
SP,354270,RESTINGA,2006–2010,3,31874,9.108850766661606,0.0,9.412059986195645,2.3429647483715477
SP,354270,RESTINGA,2011–2015,3,32704,9.165984180240386,15.216068167985393,9.173189823874754,2.3197558112143204
SP,354270,RESTINGA,2016–2019,1,25888,3.876570010854396,0.0,3.8627935723114954,1.5816130818905128
SP,354270,RESTINGA,2020–2024,6,32197,18.723692613443905,0.0,18.63527657856322,2.977327773928384
SP,354280,RIBEIRA,2001–2005,3,17310,17.256469502367178,28.6368843069874,17.33102253032929,2.9085948448199535
SP,354280,RIBEIRA,2006–2010,6,16937,35.55455701378323,29.52465308532625,35.42540001180846,3.5952663338139264
SP,354280,RIBEIRA,2011–2015,6,16501,36.43364233916329,30.656039239730227,36.36143264044603,3.6206389595324318
SP,354280,RIBEIRA,2016–2019,4,12860,31.197420351443245,31.017369727047146,31.104199066874024,3.46898683363297
SP,354280,RIBEIRA,2020–2024,7,15766,44.356989049519605,0.0,44.39934035265762,3.8154975752646005
SP,354290,RIBEIRAO BONITO,2001–2005,3,57532,5.228067319823419,0.0,5.21448932767851,1.8268835538761052
SP,354290,RIBEIRAO BONITO,2006–2010,12,59762,19.929300227418757,16.733601070950467,20.07964927545932,3.0483080857481926
SP,354290,RIBEIRAO BONITO,2011–2015,5,59193,8.433994866567792,8.378016085790884,8.44694474008751,2.245691381303128
SP,354290,RIBEIRAO BONITO,2016–2019,7,45624,15.37095491839505,13.27923630147184,15.342802034017184,2.7937875578402958
SP,354290,RIBEIRAO BONITO,2020–2024,11,55354,19.886328613470297,18.125793003443903,19.872095964157964,3.038413145570023
SP,354300,RIBEIRAO BRANCO,2001–2005,8,101498,7.8847211793799685,4.927322000492732,7.881928707954837,2.1840187302620206
SP,354300,RIBEIRAO BRANCO,2006–2010,7,94153,7.421781577603656,5.473753352673929,7.4347073380561435,2.132355019255656
SP,354300,RIBEIRAO BRANCO,2011–2015,3,91790,3.2595722598795844,0.0,3.2683298834295673,1.451222622727582
SP,354300,RIBEIRAO BRANCO,2016–2019,11,73968,14.859277979125585,16.201366350556526,14.871295695435865,2.7645121755304825
SP,354300,RIBEIRAO BRANCO,2020–2024,19,93499,20.264610239808235,21.474204112310087,20.3210729526519,3.0596959241407036
SP,354310,RIBEIRAO CORRENTE,2001–2005,0,19975,0.0,0.0,0.0,0.0
SP,354310,RIBEIRAO CORRENTE,2006–2010,0,20960,0.0,0.0,0.0,0.0
SP,354310,RIBEIRAO CORRENTE,2011–2015,1,21773,4.564125969876768,0.0,4.592844348505029,1.7214879857552603
SP,354310,RIBEIRAO CORRENTE,2016–2019,1,17918,5.599104143337066,0.0,5.580980020091528,1.8841836734705173
SP,354310,RIBEIRAO CORRENTE,2020–2024,0,23100,0.0,0.0,0.0,0.0
SP,354320,RIBEIRAO DO SUL,2001–2005,4,22409,17.86018633838098,22.26179875333927,17.849970993797136,2.936511375102233
SP,354320,RIBEIRAO DO SUL,2006–2010,1,22280,4.493372275893058,0.0,4.488330341113106,1.7026240819635505
SP,354320,RIBEIRAO DO SUL,2011–2015,1,22515,4.404316229905307,0.0,4.4414834554741285,1.6940517177145742
SP,354320,RIBEIRAO DO SUL,2016–2019,3,18356,16.285527640736856,10.827197921177998,16.343429941163652,2.8532137569336173
SP,354320,RIBEIRAO DO SUL,2020–2024,5,23462,21.430756227606707,21.381227282446012,21.31105617594408,3.1050823482447414
SP,354323,RIBEIRAO DOS INDIOS,2001–2005,3,11056,27.145287401446,0.0,27.134587554269178,3.33699969325297
SP,354323,RIBEIRAO DOS INDIOS,2006–2010,2,10969,18.289894833104707,0.0,18.23320266204759,2.956638090821873
SP,354323,RIBEIRAO DOS INDIOS,2011–2015,3,10727,28.030427895542243,46.317739694302915,27.966812715577518,3.3661507855552273
SP,354323,RIBEIRAO DOS INDIOS,2016–2019,1,8337,12.112403100775193,0.0,11.99472232217824,2.5645432998142295
SP,354323,RIBEIRAO DOS INDIOS,2020–2024,2,10194,19.70455303788637,0.0,19.619383951343927,3.0262316018740285
SP,354325,RIBEIRAO GRANDE,2001–2005,3,36998,8.112128849971796,13.513513513513514,8.108546407913941,2.209213138487453
SP,354325,RIBEIRAO GRANDE,2006–2010,1,37078,2.698327037236913,0.0,2.697017099088408,1.307526305069146
SP,354325,RIBEIRAO GRANDE,2011–2015,3,37145,8.074283407347597,0.0,8.076457127473414,2.2056839322725774
SP,354325,RIBEIRAO GRANDE,2016–2019,0,29758,0.0,0.0,0.0,0.0
SP,354325,RIBEIRAO GRANDE,2020–2024,3,37423,7.970382541100612,0.0,8.01646046548914,2.1990518474707366
SP,354330,RIBEIRAO PIRES,2001–2005,156,535062,29.14017075062234,30.59776914446783,29.155499736479136,3.40636731902493
SP,354330,RIBEIRAO PIRES,2006–2010,142,556543,25.509121786401586,26.74249650119004,25.514650260626762,3.2776974202560805
SP,354330,RIBEIRAO PIRES,2011–2015,112,568430,19.709593766013466,18.505626591704193,19.703393557694,3.03029762681985
SP,354330,RIBEIRAO PIRES,2016–2019,101,458475,22.027469434228387,22.207733175550167,22.02955450133595,3.136778369370022
SP,354330,RIBEIRAO PIRES,2020–2024,139,582131,23.860473731367996,23.44971339239187,23.877786958605537,3.2139753153057145
SP,354340,RIBEIRAO PRETO,2001–2005,999,2665796,37.563299429553965,35.83347208246766,37.47473550114112,3.6500018051370797
SP,354340,RIBEIRAO PRETO,2006–2010,1228,2917277,42.03392816936819,42.69064200553436,42.09404866250274,3.763384905498992
SP,354340,RIBEIRAO PRETO,2011–2015,1465,3135031,46.709088818230086,49.019287455637546,46.73000043699727,3.8655601401734154
SP,354340,RIBEIRAO PRETO,2016–2019,1107,2647471,41.84062033635466,41.15483175646615,41.81348917514111,3.756853220576346
SP,354340,RIBEIRAO PRETO,2020–2024,1328,3512716,37.67229771193644,39.93461601220654,37.8055043447862,3.6585621011237484
SP,354350,RIVERSUL,2001–2005,12,34340,34.91825807004929,29.581422866439876,34.944670937682005,3.581980837787783
SP,354350,RIVERSUL,2006–2010,16,31789,50.205436209084965,31.953986259785907,50.33187580609645,3.938311919954688
SP,354350,RIVERSUL,2011–2015,17,30086,56.59064876234072,50.66711704104036,56.504686565179824,4.051866449963302
SP,354350,RIVERSUL,2016–2019,6,23217,25.87988543246879,17.436791630340018,25.843132187621137,3.2900100037903126
SP,354350,RIVERSUL,2020–2024,15,28202,53.20924696004759,35.72066440435792,53.18771718317849,3.9924542625267954
SP,354360,RIFAINA,2001–2005,0,16790,0.0,0.0,0.0,0.0
SP,354360,RIFAINA,2006–2010,0,17068,0.0,0.0,0.0,0.0
SP,354360,RIFAINA,2011–2015,1,17902,5.436259853220983,0.0,5.585968048262764,1.8849413324791129
SP,354360,RIFAINA,2016–2019,1,15230,6.522306287503261,0.0,6.565988181221274,2.0236629641188526
SP,354360,RIFAINA,2020–2024,0,20244,0.0,0.0,0.0,0.0
SP,354370,RINCAO,2001–2005,17,51776,32.84635801628612,28.97151134717528,32.83374536464772,3.5214586880050276
SP,354370,RINCAO,2006–2010,14,51986,26.928670091822056,28.901734104046245,26.930327395837338,3.329713101901893
SP,354370,RINCAO,2011–2015,7,50346,13.81750213720098,9.932459276916964,13.903785802248441,2.701615261366197
SP,354370,RINCAO,2016–2019,8,38287,20.838674281333432,10.566688111550285,20.8948206963199,3.0862501109674843
SP,354370,RINCAO,2020–2024,7,45870,15.273247010326656,10.991426687183997,15.26051885764116,2.7887400136745812
SP,354380,RINOPOLIS,2001–2005,14,50791,27.602009663410946,29.440628066732092,27.56393849304011,3.3521450303810902
SP,354380,RINOPOLIS,2006–2010,7,49992,13.983615457641093,10.065425264217414,14.002240358457353,2.7081995471800195
SP,354380,RINOPOLIS,2011–2015,8,48810,16.28277419011382,10.184336490477646,16.390083999180494,2.855900158669678
SP,354380,RINOPOLIS,2016–2019,2,38029,5.228529608770064,5.213220727765614,5.259144337216335,1.8340434884238073
SP,354380,RINOPOLIS,2020–2024,13,46606,27.924523707128174,32.02391118701964,27.893404282710378,3.3636133435592295
SP,354390,RIO CLARO,2001–2005,286,867275,32.93438520604737,31.71180313312615,32.9768527860252,3.525679492355303
SP,354390,RIO CLARO,2006–2010,230,912583,25.232857947458147,25.72447963851514,25.20318699778541,3.265881044506216
SP,354390,RIO CLARO,2011–2015,217,949710,22.846277608049682,22.936758555944355,22.84908024554864,3.1717456524627954
SP,354390,RIO CLARO,2016–2019,156,782388,19.945814271571813,19.743562423203745,19.938956118958878,3.0416113531472013
SP,354390,RIO CLARO,2020–2024,302,1014294,29.713582040702327,30.48353888899994,29.77440465979292,3.426683326953846
SP,354400,RIO DAS PEDRAS,2001–2005,16,125840,12.654029357586285,15.193527557260607,12.714558169103624,2.618457908712326
SP,354400,RIO DAS PEDRAS,2006–2010,24,141012,16.986959643205108,16.9485780143046,17.01982809973619,2.8914727127193856
SP,354400,RIO DAS PEDRAS,2011–2015,25,149742,16.6762060946648,16.695605716575397,16.695382724953586,2.873303742552141
SP,354400,RIO DAS PEDRAS,2016–2019,22,122522,17.968793541817515,16.323968651793813,17.955958929824845,2.9421183374974262
SP,354400,RIO DAS PEDRAS,2020–2024,43,157577,27.211511101973894,22.56899664689193,27.2882463811343,3.342446396157628
SP,354410,RIO GRANDE DA SERRA,2001–2005,63,195227,32.338397776584145,31.270358306188925,32.270126570607545,3.5046598943696337
SP,354410,RIO GRANDE DA SERRA,2006–2010,93,212572,43.79593673268066,40.68445614454948,43.74988239278927,3.8010888166233165
SP,354410,RIO GRANDE DA SERRA,2011–2015,52,220115,23.627218929010663,22.732439190725167,23.6240147195784,3.2037221748699967
SP,354410,RIO GRANDE DA SERRA,2016–2019,56,176386,31.746692422578498,32.86910229588073,31.748551472339077,3.48885873125085
SP,354410,RIO GRANDE DA SERRA,2020–2024,54,222518,24.284688064366804,26.82163611980331,24.267699691710334,3.229526888040639
SP,354420,RIOLANDIA,2001–2005,9,45622,19.56269693151187,22.875443211712227,19.727324536407874,3.031452855716484
SP,354420,RIOLANDIA,2006–2010,65,50709,126.75294342872776,100.75566750629723,128.18237393756533,4.861225157409968
SP,354420,RIOLANDIA,2011–2015,103,52540,196.1439680272355,189.5195678953852,196.04111153406927,5.283412394955878
SP,354420,RIOLANDIA,2016–2019,113,41632,271.287642074448,254.477309679288,271.4258262874712,5.607366379940744
SP,354420,RIOLANDIA,2020–2024,84,51827,161.9363844606865,154.54457645127016,162.0776815173558,5.0942266610076805
SP,354425,ROSANA,2001–2005,47,113886,41.2478169989819,37.92347884712625,41.26933951495355,3.7440619890710884
SP,354425,ROSANA,2006–2010,28,102669,27.478925963432648,23.371038608955782,27.272107452103363,3.3418757162245947
SP,354425,ROSANA,2011–2015,18,95522,18.720541485972273,15.864621893178212,18.84382655304537,2.9878929538767864
SP,354425,ROSANA,2016–2019,16,73013,22.000065449142106,21.861064100945743,21.913905742812922,3.131743963943419
SP,354425,ROSANA,2020–2024,19,87872,21.674512826929917,22.705341431571778,21.622359796067006,3.118938788680218
SP,354430,ROSEIRA,2001–2005,4,44364,9.01834628355703,11.020498126515319,9.01631953836444,2.304215716640836
SP,354430,ROSEIRA,2006–2010,14,46932,29.79019494335555,32.32758620689655,29.830392908889454,3.4285009861856293
SP,354430,ROSEIRA,2011–2015,4,49472,8.10758309996958,10.108157282927323,8.085381630012938,2.2066667075715984
SP,354430,ROSEIRA,2016–2019,7,41411,16.86957027515607,14.661174855349614,16.90372123348869,2.885008581379582
SP,354430,ROSEIRA,2020–2024,5,54229,9.181579961821509,9.231905465288037,9.220158955540393,2.324362138034292
SP,354440,RUBIACEA,2001–2005,0,12245,0.0,0.0,0.0,0.0
SP,354440,RUBIACEA,2006–2010,3,13232,22.68454177082472,36.64345914254306,22.67230955259976,3.1643059917528515
SP,354440,RUBIACEA,2011–2015,1,13609,7.3475385745775155,0.0,7.34807847747814,2.1220313899228205
SP,354440,RUBIACEA,2016–2019,1,10843,9.211495946941783,0.0,9.222539887485013,2.3245950751795945
SP,354440,RUBIACEA,2020–2024,1,13568,7.407407407407407,0.0,7.370283018867924,2.1246876974145383
SP,354450,RUBINEIA,2001–2005,1,13436,7.578628268283441,0.0,7.442691277165824,2.133301129481201
SP,354450,RUBINEIA,2006–2010,0,14056,0.0,0.0,0.0,0.0
SP,354450,RUBINEIA,2011–2015,1,15404,6.655574043261231,0.0,6.491820306413919,2.0138117995656826
SP,354450,RUBINEIA,2016–2019,1,13746,7.365939893930466,0.0,7.274843590862797,2.1132200196781845
SP,354450,RUBINEIA,2020–2024,4,19088,20.95400090711979,0.0,20.955574182732608,3.0890210563810014
SP,354460,SABINO,2001–2005,7,25147,27.941812655147487,19.778481012658226,27.83632242414602,3.361635787786037
SP,354460,SABINO,2006–2010,3,25815,11.723401803304778,0.0,11.621150493898897,2.535374017292154
SP,354460,SABINO,2011–2015,5,25953,19.26563686158518,19.264110961279137,19.26559549955689,3.008924645266924
SP,354460,SABINO,2016–2019,2,20604,9.73141300116777,0.0,9.706853038245,2.370884007317948
SP,354460,SABINO,2020–2024,8,25695,31.14217711757657,38.57280617164899,31.134461957579298,3.469929035492768
SP,354470,SAGRES,2001–2005,4,12129,32.96264768116803,41.067761806981515,32.978811113859344,3.5257371278111957
SP,354470,SAGRES,2006–2010,4,12019,33.2502307892162,0.0,33.28063898826858,3.5345807338203956
SP,354470,SAGRES,2011–2015,1,12073,8.305647840531561,0.0,8.282945415389712,2.2281788903390742
SP,354470,SAGRES,2016–2019,2,9776,20.45829596457601,20.43318348998774,20.458265139116204,3.0661098923278067
SP,354470,SAGRES,2020–2024,6,12417,48.42758007110799,40.633888663145065,48.32085044696787,3.898346921597758
SP,354480,SALES,2001–2005,4,24072,16.625168505330517,0.0,16.616816218012627,2.868853912808658
SP,354480,SALES,2006–2010,2,26312,7.6031172780840155,0.0,7.601094557616297,2.1518894693022252
SP,354480,SALES,2011–2015,1,28417,3.5688793718772303,0.0,3.5190203047471584,1.5082952236138167
SP,354480,SALES,2016–2019,3,24195,12.145748987854251,0.0,12.399256044637323,2.5951991863587094
SP,354480,SALES,2020–2024,3,32182,9.452013948442726,15.535187199005748,9.321981231744452,2.334275721447848
SP,354490,SALES OLIVEIRA,2001–2005,4,48416,8.264059067784562,10.073536818777072,8.261731658955716,2.2258910353818617
SP,354490,SALES OLIVEIRA,2006–2010,4,51543,7.836642829030997,9.462528387585163,7.760510641600217,2.170254195669479
SP,354490,SALES OLIVEIRA,2011–2015,3,53866,5.5578165959815795,0.0,5.569375858612111,1.8824188292946815
SP,354490,SALES OLIVEIRA,2016–2019,5,44350,11.25259747743132,13.457058870895938,11.273957158962796,2.5074797135716005
SP,354490,SALES OLIVEIRA,2020–2024,3,57201,5.24386206130454,0.0,5.244663554832957,1.8317272678000796
SP,354500,SALESOPOLIS,2001–2005,6,73650,8.090444303732143,6.847439057792386,8.146639511201629,2.2133865452932175
SP,354500,SALESOPOLIS,2006–2010,8,76859,10.421210825265415,12.901561088891755,10.408670422461912,2.434373629692546
SP,354500,SALESOPOLIS,2011–2015,13,77628,16.75286949597627,19.233235030132068,16.746534755500594,2.876190271820316
SP,354500,SALESOPOLIS,2016–2019,9,61452,14.639877321317137,9.775171065493646,14.645577035735208,2.7501882595173965
SP,354500,SALESOPOLIS,2020–2024,13,76408,16.998357902205104,19.485580670303975,17.01392524343001,2.8911450834378747
SP,354510,SALMOURAO,2001–2005,2,22612,8.805903066441292,0.0,8.84486113568017,2.286949606931192
SP,354510,SALMOURAO,2006–2010,3,23661,12.604883487003907,20.755500207555002,12.679092177000127,2.615868548661994
SP,354510,SALMOURAO,2011–2015,3,24077,12.459334595305524,20.759809009757113,12.460024089379907,2.5997241139163108
SP,354510,SALMOURAO,2016–2019,5,19246,25.98212564525739,31.17423050049399,25.9794242959576,3.295074512373949
SP,354510,SALMOURAO,2020–2024,4,24155,16.543277249980292,20.479213598197827,16.55971848478576,2.86560755646034
SP,354515,SALTINHO,2001–2005,0,30768,0.0,0.0,0.0,0.0
SP,354515,SALTINHO,2006–2010,1,33948,2.9468100780904667,0.0,2.9456816307293505,1.3726217228273374
SP,354515,SALTINHO,2011–2015,1,36605,2.765486725663717,0.0,2.731867231252561,1.3169087065892855
SP,354515,SALTINHO,2016–2019,6,30918,19.21426222451035,19.368803991587413,19.406171162429654,3.0158373630661006
SP,354515,SALTINHO,2020–2024,10,40826,24.624261271262306,24.198427102238355,24.49419487581443,3.238450774318901
SP,354520,SALTO,2001–2005,106,483605,21.899467204079624,21.987456679475233,21.918714653487864,3.1319538105832576
SP,354520,SALTO,2006–2010,96,514680,18.69477874811143,18.006747791804088,18.652366519002097,2.9781977646007363
SP,354520,SALTO,2011–2015,99,560621,17.72288745418897,16.614781909125888,17.65898887126954,2.9263280069879842
SP,354520,SALTO,2016–2019,110,490908,22.32829515485807,23.93290856047761,22.407457201756745,3.1530546554305063
SP,354520,SALTO,2020–2024,189,672302,27.905903696803257,24.5683782636857,28.112366168775342,3.3711630381634086
SP,354530,SALTO DE PIRAPORA,2001–2005,86,182629,47.10644002224419,43.225719302985276,47.09000213547684,3.87307429969541
SP,354530,SALTO DE PIRAPORA,2006–2010,59,195360,30.224295512986963,24.91777135453005,30.200655200655202,3.4404390946159396
SP,354530,SALTO DE PIRAPORA,2011–2015,78,207491,37.55865861443276,34.49890342771248,37.59199194181917,3.6530447923002614
SP,354530,SALTO DE PIRAPORA,2016–2019,47,174502,27.03056100956987,22.89917033994605,26.933788724484533,3.329837021472881
SP,354530,SALTO DE PIRAPORA,2020–2024,62,226700,27.30157882134377,28.347143480157,27.348919276576975,3.344588908691484
SP,354540,SALTO GRANDE,2001–2005,33,42729,77.1961809222199,81.2630601346645,77.23092045215193,4.3596649716018465
SP,354540,SALTO GRANDE,2006–2010,26,43587,59.7345783123544,57.12979890310786,59.65081331589695,4.105133045290203
SP,354540,SALTO GRANDE,2011–2015,22,44468,49.54778769601994,44.61795872838818,49.473778897184495,3.9214539716761405
SP,354540,SALTO GRANDE,2016–2019,23,36224,63.478696929504764,66.25686086099459,63.493816254416956,4.166569347181167
SP,354540,SALTO GRANDE,2020–2024,33,45980,71.78698587527221,75.95486111111111,71.77033492822966,4.287308384907558
SP,354550,SANDOVALINA,2001–2005,0,16308,0.0,0.0,0.0,0.0
SP,354550,SANDOVALINA,2006–2010,5,17846,27.13255909323586,0.0,28.017482909335424,3.3678985072826237
SP,354550,SANDOVALINA,2011–2015,2,18426,10.86810482162341,0.0,10.854227721697601,2.472684573717452
SP,354550,SANDOVALINA,2016–2019,2,14660,13.651897742384271,13.635124079629124,13.642564802182811,2.6839326845948728
SP,354550,SANDOVALINA,2020–2024,1,18319,5.4068667207353345,0.0,5.4588132539985805,1.865445594106982
SP,354560,SANTA ADELIA,2001–2005,1,68544,1.4590020426028594,0.0,1.4589169000933708,0.8997209684756953
SP,354560,SANTA ADELIA,2006–2010,2,70762,2.8175249616001334,0.0,2.8263757383906616,1.3419180727801827
SP,354560,SANTA ADELIA,2011–2015,4,71268,5.625614797711211,0.0,5.612617163383286,1.8889795154975098
SP,354560,SANTA ADELIA,2016–2019,4,56541,7.094211123723042,0.0,7.074512300808263,2.0887124711000618
SP,354560,SANTA ADELIA,2020–2024,8,70445,11.331625368144259,7.133685261806249,11.356377315636312,2.514172311627667
SP,354570,SANTA ALBERTINA,2001–2005,2,28134,7.108583614714769,0.0,7.108836283500391,2.0929543662778345
SP,354570,SANTA ALBERTINA,2006–2010,2,28477,7.031739865799272,0.0,7.02321171471714,2.0823388048961324
SP,354570,SANTA ALBERTINA,2011–2015,2,29421,6.9252077562326875,0.0,6.7978654702423436,2.0538500385832177
SP,354570,SANTA ALBERTINA,2016–2019,5,24533,20.364069678491575,16.455837252663173,20.38071169445237,3.062489192903131
SP,354570,SANTA ALBERTINA,2020–2024,3,32014,9.34185426043426,0.0,9.370900231148871,2.339003829577608
SP,354580,SANTA BARBARA DOESTE,2001–2005,153,865019,17.680714905594208,18.392601576016048,17.687472760713927,2.9278533935291833
SP,354580,SANTA BARBARA DOESTE,2006–2010,155,889915,17.386585417811553,18.436784177887034,17.4173937960367,2.9132955330880925
SP,354580,SANTA BARBARA DOESTE,2011–2015,184,904191,20.355368827911576,18.743935785481167,20.349682755081616,3.061036880317471
SP,354580,SANTA BARBARA DOESTE,2016–2019,126,728354,17.29386534313669,16.21126571888776,17.299280295021376,2.906861730933095
SP,354580,SANTA BARBARA DOESTE,2020–2024,207,924855,22.39306972762298,22.977689757421246,22.38188689037741,3.151961658107244
SP,354600,SANTA BRANCA,2001–2005,0,66158,0.0,0.0,0.0,0.0
SP,354600,SANTA BRANCA,2006–2010,4,68048,5.820862002971346,0.0,5.878203620973431,1.9283575162495952
SP,354600,SANTA BRANCA,2011–2015,10,69079,14.483651671132003,7.256367462448299,14.47617944672042,2.7393020319326107
SP,354600,SANTA BRANCA,2016–2019,14,55581,25.174973082068625,28.745452429440434,25.188463683632897,3.2653189963802793
SP,354600,SANTA BRANCA,2020–2024,15,70176,21.243728717101515,21.287163840204357,21.37482900136799,3.1079366217347544
SP,354610,SANTA CLARA DOESTE,2001–2005,2,10555,18.94843373602121,0.0,18.948365703458077,2.993147220354115
SP,354610,SANTA CLARA DOESTE,2006–2010,2,10460,19.138773506809375,0.0,19.120458891013385,3.001737152675889
SP,354610,SANTA CLARA DOESTE,2011–2015,3,11014,27.25985074228164,43.78283712784589,27.238060650081714,3.3406707364029216
SP,354610,SANTA CLARA DOESTE,2016–2019,3,9570,31.071512829774942,41.04597924604778,31.347962382445143,3.47655103233087
SP,354610,SANTA CLARA DOESTE,2020–2024,5,12967,38.72277175582704,37.92188092529389,38.559420066322204,3.6778038470495407
SP,354620,SANTA CRUZ DA CONCEICAO,2001–2005,5,18333,27.075107125557576,26.602819898909285,27.273223149511807,3.341915178277313
SP,354620,SANTA CRUZ DA CONCEICAO,2006–2010,0,19517,0.0,0.0,0.0,0.0
SP,354620,SANTA CRUZ DA CONCEICAO,2011–2015,0,20346,0.0,0.0,0.0,0.0
SP,354620,SANTA CRUZ DA CONCEICAO,2016–2019,1,16687,6.009615384615385,0.0,5.992688919518188,1.944865163178879
SP,354620,SANTA CRUZ DA CONCEICAO,2020–2024,1,21446,4.628558204119416,0.0,4.662874195654201,1.733931571743499
SP,354625,SANTA CRUZ DA ESPERANCA,2001–2005,0,9209,0.0,0.0,0.0,0.0
SP,354625,SANTA CRUZ DA ESPERANCA,2006–2010,1,9605,10.240655401945725,0.0,10.41124414367517,2.434599197690771
SP,354625,SANTA CRUZ DA ESPERANCA,2011–2015,0,9963,0.0,0.0,0.0,0.0
SP,354625,SANTA CRUZ DA ESPERANCA,2016–2019,0,8213,0.0,0.0,0.0,0.0
SP,354625,SANTA CRUZ DA ESPERANCA,2020–2024,1,10607,9.578544061302683,0.0,9.427736400490243,2.344469217701342
SP,354630,SANTA CRUZ DAS PALMEIRAS,2001–2005,40,134019,29.77777754536105,32.54031383324897,29.846514300211165,3.4290237553197622
SP,354630,SANTA CRUZ DAS PALMEIRAS,2006–2010,24,145040,16.63219922191415,13.792627840419295,16.54715940430226,2.8648920795068533
SP,354630,SANTA CRUZ DAS PALMEIRAS,2011–2015,20,148308,13.483688236405476,13.567600569839225,13.485449200312862,2.6731446421531633
SP,354630,SANTA CRUZ DAS PALMEIRAS,2016–2019,26,117040,22.217512460435252,22.145107284426167,22.214627477785374,3.144782574726095
SP,354630,SANTA CRUZ DAS PALMEIRAS,2020–2024,33,145573,22.647435141421596,24.105513275250527,22.669038901444633,3.164167818622295
SP,354640,SANTA CRUZ DO RIO PARDO,2001–2005,55,208997,26.31521144267424,23.925162092973178,26.316167217711257,3.3074787326832418
SP,354640,SANTA CRUZ DO RIO PARDO,2006–2010,26,216528,12.012170469378315,11.464997363050605,12.007684918347742,2.5655403303678552
SP,354640,SANTA CRUZ DO RIO PARDO,2011–2015,34,222695,15.26615534948868,13.47164219318335,15.267518354700375,2.789170380691291
SP,354640,SANTA CRUZ DO RIO PARDO,2016–2019,40,181922,22.00077953787581,23.135872034076037,21.98744516880861,3.134948204666414
SP,354640,SANTA CRUZ DO RIO PARDO,2020–2024,73,233413,31.13736359593586,34.451574006287416,31.275036094819054,3.4742940550843366
SP,354650,SANTA ERNESTINA,2001–2005,2,28443,7.031112673580594,0.0,7.031607073796716,2.083384641657716
SP,354650,SANTA ERNESTINA,2006–2010,0,28011,0.0,0.0,0.0,0.0
SP,354650,SANTA ERNESTINA,2011–2015,4,28506,13.895681591927366,0.0,14.032133585911737,2.710190148840686
SP,354650,SANTA ERNESTINA,2016–2019,4,23625,16.86605813539916,16.86586563831392,16.93121693121693,2.886543156547409
SP,354650,SANTA ERNESTINA,2020–2024,5,30654,16.36561701352398,16.162922256343947,16.311085013375088,2.8513470485278916
SP,354660,SANTA FE DO SUL,2001–2005,30,136524,21.97137088047416,25.141871991954602,21.974158389733674,3.134370036003167
SP,354660,SANTA FE DO SUL,2006–2010,19,143374,13.289127271868216,10.463169642857142,13.252054068380598,2.6569010414762615
SP,354660,SANTA FE DO SUL,2011–2015,17,152725,11.09794114924858,12.909888974954814,11.131118022589622,2.4957738887489263
SP,354660,SANTA FE DO SUL,2016–2019,22,130404,16.886363210674595,18.275911446800198,16.87064813962762,2.883159598218566
SP,354660,SANTA FE DO SUL,2020–2024,31,174425,17.708294520014956,16.93002257336343,17.772681668338826,2.932402710310309
SP,354670,SANTA GERTRUDES,2001–2005,13,87300,14.92377062185363,18.28933731634457,14.891179839633448,2.7657642282411232
SP,354670,SANTA GERTRUDES,2006–2010,10,101813,9.604954243322917,5.069194504993157,9.821928437429406,2.3815744865050377
SP,354670,SANTA GERTRUDES,2011–2015,31,110567,27.99396941281629,26.741542987030353,28.03729865149638,3.3685811639871273
SP,354670,SANTA GERTRUDES,2016–2019,21,91400,22.957522827893413,23.88833422714729,22.975929978118163,3.1770504095111884
SP,354670,SANTA GERTRUDES,2020–2024,20,118285,16.810099187588442,16.765864699471877,16.908314663735894,2.88526511135099
SP,354680,SANTA ISABEL,2001–2005,79,228318,34.75299613703483,29.801817910892566,34.600863707635845,3.5723698990141255
SP,354680,SANTA ISABEL,2006–2010,78,245214,31.944702650801258,27.74859770479456,31.80895054931611,3.490701360765514
SP,354680,SANTA ISABEL,2011–2015,91,255604,35.5945139889684,31.026391824545755,35.60194676139653,3.600101429194863
SP,354680,SANTA ISABEL,2016–2019,107,208550,51.317226066258876,48.99623225275538,51.30664109326301,3.9571233437602307
SP,354680,SANTA ISABEL,2020–2024,112,267288,41.79440421607004,41.737018838572595,41.90236748376283,3.758927010512972
SP,354690,SANTA LUCIA,2001–2005,6,39848,15.107026366887373,0.0,15.057217426219635,2.7761584323751443
SP,354690,SANTA LUCIA,2006–2010,13,40838,31.714829593631823,24.60932693490833,31.83309662569176,3.491437050114152
SP,354690,SANTA LUCIA,2011–2015,8,39797,20.01901715451253,24.832381425378696,20.102017740030654,3.0493686633996084
SP,354690,SANTA LUCIA,2016–2019,2,30174,6.589351607801793,0.0,6.628222973420826,2.0318549182261156
SP,354690,SANTA LUCIA,2020–2024,4,36051,11.111373677329373,0.0,11.095392638206985,2.4928246063880795
SP,354700,SANTA MARIA DA SERRA,2001–2005,4,24423,16.02580544716158,0.0,16.378004340171152,2.8552052881678835
SP,354700,SANTA MARIA DA SERRA,2006–2010,4,26286,15.111264512748836,18.747656542932134,15.217225899718482,2.786074004449584
SP,354700,SANTA MARIA DA SERRA,2011–2015,2,26851,7.439105038447596,0.0,7.448512159696101,2.133990350090314
SP,354700,SANTA MARIA DA SERRA,2016–2019,5,21224,23.552257610154143,28.233030034424154,23.55823595929137,3.201047274937596
SP,354700,SANTA MARIA DA SERRA,2020–2024,5,26363,18.997068145843958,19.022256039566294,18.965975040776847,2.9940295768271477
SP,354710,SANTA MERCEDES,2001–2005,1,14057,7.107320540156361,0.0,7.113893433876361,2.0935778310865176
SP,354710,SANTA MERCEDES,2006–2010,5,14127,35.4057669249166,35.36067892503536,35.39321865930488,3.594382456718041
SP,354710,SANTA MERCEDES,2011–2015,7,14308,48.89777014827873,69.88120195667365,48.92367906066536,3.9104954204774427
SP,354710,SANTA MERCEDES,2016–2019,4,11634,34.38210678797476,34.317089910775564,34.3819838404676,3.566202759530123
SP,354710,SANTA MERCEDES,2020–2024,1,14832,6.640106241699867,0.0,6.742179072276159,2.046683181864217
SP,354720,SANTANA DA PONTE PENSA,2001–2005,2,9072,22.371364653243848,0.0,22.045855379188712,3.137485943261394
SP,354720,SANTANA DA PONTE PENSA,2006–2010,1,8446,11.507479861910241,0.0,11.839924224484964,2.5525593967245386
SP,354720,SANTANA DA PONTE PENSA,2011–2015,2,8241,24.28672491597523,0.0,24.268899405411965,3.229574367044897
SP,354720,SANTANA DA PONTE PENSA,2016–2019,1,6636,15.078407720144751,0.0,15.06931886678722,2.7769117934614167
SP,354720,SANTANA DA PONTE PENSA,2020–2024,2,8385,23.96645557805253,0.0,23.85211687537269,3.212942935046203
SP,354730,SANTANA DE PARNAIBA,2001–2005,146,419206,35.146113089076984,34.71920840204843,34.8277457860813,3.5787226151898
SP,354730,SANTANA DE PARNAIBA,2006–2010,130,505517,25.92400146656678,24.805846547216976,25.716246931359382,3.2852718796474223
SP,354730,SANTANA DE PARNAIBA,2011–2015,166,594019,27.957288853934635,25.368871576225278,27.945234075004333,3.365405564387346
SP,354730,SANTANA DE PARNAIBA,2016–2019,157,541289,29.21472616756421,29.63130573678879,29.0048384504396,3.401358650338983
SP,354730,SANTANA DE PARNAIBA,2020–2024,202,769736,26.14808376225586,28.19400224176701,26.242763752767186,3.3047879354873464
SP,354740,SANTA RITA DOESTE,2001–2005,0,13242,0.0,0.0,0.0,0.0
SP,354740,SANTA RITA DOESTE,2006–2010,0,12865,0.0,0.0,0.0,0.0
SP,354740,SANTA RITA DOESTE,2011–2015,2,12947,15.44998068752414,0.0,15.4475940372287,2.800179207379437
SP,354740,SANTA RITA DOESTE,2016–2019,2,10640,18.74130369790929,18.628912071535023,18.79699248120301,2.9855300312745556
SP,354740,SANTA RITA DOESTE,2020–2024,4,13701,28.97392891426883,35.842293906810035,29.194949273775638,3.4076746678040117
SP,354750,SANTA RITA DO PASSA QUATRO,2001–2005,21,130585,16.080044126869524,15.319800842589046,16.08147949611364,2.8379948061613147
SP,354750,SANTA RITA DO PASSA QUATRO,2006–2010,13,130410,9.96835583155819,7.668123610152595,9.968560693198375,2.3950330617774562
SP,354750,SANTA RITA DO PASSA QUATRO,2011–2015,24,128771,18.632022333897076,15.406540076262374,18.63773675749975,2.977453059906248
SP,354750,SANTA RITA DO PASSA QUATRO,2016–2019,17,101157,16.81984013158837,17.80652634043338,16.80555967456528,2.879510749797373
SP,354750,SANTA RITA DO PASSA QUATRO,2020–2024,18,124808,14.415689207097547,12.031763856581374,14.42215242612653,2.7358049450428057
SP,354760,SANTA ROSA DE VITERBO,2001–2005,19,110693,17.24547445814476,17.87709497206704,17.164590353500223,2.8994741140013294
SP,354760,SANTA ROSA DE VITERBO,2006–2010,4,116791,3.4809333590507108,0.0,3.42492144086445,1.4872525248253377
SP,354760,SANTA ROSA DE VITERBO,2011–2015,0,118742,0.0,0.0,0.0,0.0
SP,354760,SANTA ROSA DE VITERBO,2016–2019,4,94316,4.241025053850438,2.1255792203375417,4.241061961915263,1.6565241422869235
SP,354760,SANTA ROSA DE VITERBO,2020–2024,15,117637,12.75134029071881,12.814488915467088,12.751090218213657,2.6211181095667624
SP,354765,SANTA SALETE,2001–2005,0,6996,0.0,0.0,0.0,0.0
SP,354765,SANTA SALETE,2006–2010,0,7165,0.0,0.0,0.0,0.0
SP,354765,SANTA SALETE,2011–2015,1,7471,13.106159895150721,0.0,13.385089010841922,2.666192184738411
SP,354765,SANTA SALETE,2016–2019,1,6271,16.035920461834507,0.0,15.946420028703555,2.830056603772859
SP,354765,SANTA SALETE,2020–2024,2,8234,24.02045091527942,0.0,24.28953121204761,3.2303905240153146
SP,354770,SANTO ANASTACIO,2001–2005,36,103332,34.84306084172579,33.7821533709763,34.83915921495762,3.5790411284274692
SP,354770,SANTO ANASTACIO,2006–2010,47,102648,45.80190782656883,43.83828543594739,45.78754578754579,3.845617051857817
SP,354770,SANTO ANASTACIO,2011–2015,28,99091,28.395179482918202,20.185708518368994,28.256854810224944,3.376113898707934
SP,354770,SANTO ANASTACIO,2016–2019,24,75473,31.76129635425148,32.15098450319962,31.799451459462325,3.4904117914533734
SP,354770,SANTO ANASTACIO,2020–2024,23,90531,25.42908443693119,27.234598834359172,25.40566214887718,3.2735784624919804
SP,354780,SANTO ANDRE,2001–2005,960,3286745,29.210828599641246,29.847173381775647,29.20822880996244,3.408114364416741
SP,354780,SANTO ANDRE,2006–2010,1048,3354571,31.238236577725832,32.19541424021058,31.2409545065524,3.473237523482813
SP,354780,SANTO ANDRE,2011–2015,1264,3469494,36.46007248650016,36.03089433003434,36.4318255053907,3.622521291910356
SP,354780,SANTO ANDRE,2016–2019,986,2883562,34.21281203402878,33.63635519740835,34.1938200045638,3.560870499138012
SP,354780,SANTO ANDRE,2020–2024,1283,3770205,34.022049396199044,34.5831792223191,34.029979802159296,3.5562042606222835
SP,354790,SANTO ANTONIO DA ALEGRIA,2001–2005,2,29607,6.87757909215956,0.0,6.755159252879387,2.048358331927566
SP,354790,SANTO ANTONIO DA ALEGRIA,2006–2010,0,30963,0.0,0.0,0.0,0.0
SP,354790,SANTO ANTONIO DA ALEGRIA,2011–2015,0,32094,0.0,0.0,0.0,0.0
SP,354790,SANTO ANTONIO DA ALEGRIA,2016–2019,2,26378,7.514277126540426,0.0,7.582075972401244,2.1496758390588426
SP,354790,SANTO ANTONIO DA ALEGRIA,2020–2024,4,33966,11.68691287895964,0.0,11.776482364717658,2.5476061657351847
SP,354800,SANTO ANTONIO DE POSSE,2001–2005,14,94254,14.858222895892956,10.750954147180563,14.853481019373184,2.763389098883148
SP,354800,SANTO ANTONIO DE POSSE,2006–2010,32,100607,31.766529328724335,30.612244897959183,31.806931923226017,3.490639832183876
SP,354800,SANTO ANTONIO DE POSSE,2011–2015,19,106361,17.904863968708735,23.047847331059277,17.863690638485913,2.937238944089183
SP,354800,SANTO ANTONIO DE POSSE,2016–2019,13,88946,14.56760695346493,13.492265771250468,14.615609470914936,2.7482710210918193
SP,354800,SANTO ANTONIO DE POSSE,2020–2024,26,116339,22.38429846119764,21.93944712593243,22.34848159258718,3.1505319538457597
SP,354805,SANTO ANTONIO DO ARACANGUA,2001–2005,5,35659,14.02403742613644,13.757050488375292,14.021705600269216,2.709496195166654
SP,354805,SANTO ANTONIO DO ARACANGUA,2006–2010,4,37409,10.643056036809714,13.239772275916854,10.692614076826432,2.4589573669805254
SP,354805,SANTO ANTONIO DO ARACANGUA,2011–2015,4,39041,10.186620106518633,12.807377049180328,10.245639199815578,2.419980426820727
SP,354805,SANTO ANTONIO DO ARACANGUA,2016–2019,4,32355,12.363416643705873,6.109481915933529,12.362849636841293,2.592478441534861
SP,354805,SANTO ANTONIO DO ARACANGUA,2020–2024,6,41983,14.18614077545998,0.0,14.29149894004716,2.727297049148192
SP,354810,SANTO ANTONIO DO JARDIM,2001–2005,3,30451,9.909192435143993,0.0,9.851893205477651,2.3843395537491516
SP,354810,SANTO ANTONIO DO JARDIM,2006–2010,0,29925,0.0,0.0,0.0,0.0
SP,354810,SANTO ANTONIO DO JARDIM,2011–2015,0,29941,0.0,0.0,0.0,0.0
SP,354810,SANTO ANTONIO DO JARDIM,2016–2019,2,24227,8.265829062654984,0.0,8.255252404342263,2.2251912178677635
SP,354810,SANTO ANTONIO DO JARDIM,2020–2024,4,30750,12.979953903002087,0.0,13.008130081300813,2.639637881155512
SP,354820,SANTO ANTONIO DO PINHAL,2001–2005,1,31876,3.121585765568909,0.0,3.137156481365291,1.4200087116044675
SP,354820,SANTO ANTONIO DO PINHAL,2006–2010,0,32270,0.0,0.0,0.0,0.0
SP,354820,SANTO ANTONIO DO PINHAL,2011–2015,0,33213,0.0,0.0,0.0,0.0
SP,354820,SANTO ANTONIO DO PINHAL,2016–2019,2,27533,7.178750897343862,0.0,7.264010460175062,2.111909997568601
SP,354820,SANTO ANTONIO DO PINHAL,2020–2024,2,35738,5.607738679377541,0.0,5.59628406737926,1.8865064703829992
SP,354830,SANTO EXPEDITO,2001–2005,1,13031,7.754943776657619,0.0,7.674008134448623,2.16033098320944
SP,354830,SANTO EXPEDITO,2006–2010,6,13728,43.64162275061711,36.42987249544627,43.70629370629371,3.8001142905068197
SP,354830,SANTO EXPEDITO,2011–2015,2,14255,14.18942887548776,0.0,14.03016485443704,2.7100591720638154
SP,354830,SANTO EXPEDITO,2016–2019,1,11698,8.573388203017831,0.0,8.548469823901522,2.256380913791068
SP,354830,SANTO EXPEDITO,2020–2024,6,15043,40.016474700367134,65.98482349059717,39.88566110483281,3.7107794173458197
SP,354840,SANTOPOLIS DO AGUAPEI,2001–2005,2,19747,10.304297969931199,0.0,10.128120727199068,2.409475303519793
SP,354840,SANTOPOLIS DO AGUAPEI,2006–2010,7,20905,33.65532648830197,24.47381302006853,33.484812245874195,3.5405190023526782
SP,354840,SANTOPOLIS DO AGUAPEI,2011–2015,3,20897,14.3944393279363,23.741690408357076,14.356127673828778,2.7315145913673886
SP,354840,SANTOPOLIS DO AGUAPEI,2016–2019,5,16147,31.135800906412385,24.67761685041875,30.965504428067135,3.464657334731347
SP,354840,SANTOPOLIS DO AGUAPEI,2020–2024,4,19637,20.417480247282448,25.53626149131767,20.369710240871825,3.0619745100847933
SP,354850,SANTOS,2001–2005,2614,2092038,124.95274125047308,126.90961931894228,124.94992920778687,4.835884440732458
SP,354850,SANTOS,2006–2010,2302,2095581,109.85339278618844,111.70144209425882,109.85020383368622,4.708179774885044
SP,354850,SANTOS,2011–2015,2156,2096010,102.86195956316801,104.72278281115071,102.86210466553118,4.643064102658485
SP,354850,SANTOS,2016–2019,1731,1675620,103.30541999937705,104.66933461041872,103.30504529666631,4.647319733767439
SP,354850,SANTOS,2020–2024,2252,2109641,106.70659208249658,110.34367165075528,106.74802016077618,4.679795354437099
SP,354860,SAO BENTO DO SAPUCAI,2001–2005,2,51944,3.852266694536101,0.0,3.850300323425227,1.5790406253879987
SP,354860,SAO BENTO DO SAPUCAI,2006–2010,6,52227,11.492273555570728,9.552923194497517,11.488310643919812,2.5247930582977065
SP,354860,SAO BENTO DO SAPUCAI,2011–2015,3,53791,5.5609777862771175,0.0,5.577141157442695,1.8836001763730281
SP,354860,SAO BENTO DO SAPUCAI,2016–2019,6,44827,13.365929526429076,17.686178365386418,13.384790416490063,2.6661714273103083
SP,354860,SAO BENTO DO SAPUCAI,2020–2024,12,58464,20.510692398350837,8.64453665283541,20.525451559934318,3.069236028487912
SP,354870,SAO BERNARDO DO CAMPO,2001–2005,1176,3606814,32.6136902596039,32.71274529447604,32.604952736681184,3.514673458983838
SP,354870,SAO BERNARDO DO CAMPO,2006–2010,1052,3763168,27.959652208274996,28.0634629522763,27.955169686817065,3.365748761023802
SP,354870,SAO BERNARDO DO CAMPO,2011–2015,1142,3882774,29.404674550768796,29.372641777989408,29.41196165421938,3.414836006488747
SP,354870,SAO BERNARDO DO CAMPO,2016–2019,1112,3173841,35.03844470486114,34.57015445918651,35.036411716907054,3.584529863879523
SP,354870,SAO BERNARDO DO CAMPO,2020–2024,1451,4086568,35.46122808611653,34.53681809827945,35.50656687959187,3.597492158915138
SP,354880,SAO CAETANO DO SUL,2001–2005,224,714179,31.39627649939999,32.00400745832522,31.36468588407108,3.4770678865300475
SP,354880,SAO CAETANO DO SUL,2006–2010,173,737010,23.51269607721444,22.388667263697794,23.473222887070733,3.197579576467652
SP,354880,SAO CAETANO DO SUL,2011–2015,119,766069,15.565546222326105,17.777426618733458,15.533848778634821,2.8054097207039126
SP,354880,SAO CAETANO DO SUL,2016–2019,106,637259,16.597164393957648,16.30994392152165,16.633739186108002,2.8698140661566813
SP,354880,SAO CAETANO DO SUL,2020–2024,148,833641,17.753692525550175,15.970221678961689,17.753445427948,2.931377491692552
SP,354890,SAO CARLOS,2001–2005,284,1006511,28.246991837185313,28.98998879053767,28.2162837763323,3.3747262174107147
SP,354890,SAO CARLOS,2006–2010,243,1079368,22.47930975449514,21.93092671872216,22.513174376116392,3.1575608758156863
SP,354890,SAO CARLOS,2011–2015,337,1148929,29.371596244453617,30.031990598681205,29.331664532795326,3.412192200932986
SP,354890,SAO CARLOS,2016–2019,259,968004,26.741072619178293,26.61729003631744,26.75608778476122,3.323455195763286
SP,354890,SAO CARLOS,2020–2024,284,1281164,22.043781000065515,20.403598880941075,22.167341573756364,3.1427435961584194
SP,354900,SAO FRANCISCO,2001–2005,1,14210,7.0546737213403885,0.0,7.037297677691766,2.0840929169535065
SP,354900,SAO FRANCISCO,2006–2010,4,14035,28.51807935739897,35.536602700781806,28.500178126113287,3.384396301500876
SP,354900,SAO FRANCISCO,2011–2015,6,13721,43.818275591979,36.65689149560117,43.72859121055317,3.800612921544187
SP,354900,SAO FRANCISCO,2016–2019,4,10688,37.37080106384445,37.428169291868,37.4251497005988,3.64871218533376
SP,354900,SAO FRANCISCO,2020–2024,1,13096,7.607455306200076,0.0,7.635919364691509,2.155930175495898
SP,354910,SAO JOAO DA BOA VISTA,2001–2005,48,396084,12.153451942130093,11.450527360398988,12.118641500287817,2.5740342339694937
SP,354910,SAO JOAO DA BOA VISTA,2006–2010,55,411772,13.343278970429399,13.46191501860192,13.356906249089302,2.6642310981450836
SP,354910,SAO JOAO DA BOA VISTA,2011–2015,57,428941,13.24911095096437,13.988948730502903,13.28854084827517,2.6594578767404546
SP,354910,SAO JOAO DA BOA VISTA,2016–2019,55,356417,15.436166008729822,12.796135622764291,15.431362701554638,2.7991918684488506
SP,354910,SAO JOAO DA BOA VISTA,2020–2024,115,465219,24.60920683955299,24.852237241617775,24.71954068943874,3.247251041101047
SP,354920,SAO JOAO DAS DUAS PONTES,2001–2005,0,13157,0.0,0.0,0.0,0.0
SP,354920,SAO JOAO DAS DUAS PONTES,2006–2010,3,12923,23.355454827505316,0.0,23.214423895380328,3.186948484342787
SP,354920,SAO JOAO DAS DUAS PONTES,2011–2015,5,12847,38.92565907956684,38.895371450797356,38.91959212267456,3.6868672340231936
SP,354920,SAO JOAO DAS DUAS PONTES,2016–2019,1,10298,9.71628449280995,0.0,9.710623422023694,2.37123609210484
SP,354920,SAO JOAO DAS DUAS PONTES,2020–2024,2,12960,15.512895677355834,0.0,15.432098765432098,2.799236663722673
SP,354925,SAO JOAO DE IRACEMA,2001–2005,3,8516,34.85701723234065,0.0,35.22780648191639,3.5898269588267
SP,354925,SAO JOAO DE IRACEMA,2006–2010,4,8790,45.153422551940096,0.0,45.50625711035267,3.839586865053683
SP,354925,SAO JOAO DE IRACEMA,2011–2015,0,8981,0.0,0.0,0.0,0.0
SP,354925,SAO JOAO DE IRACEMA,2016–2019,2,7284,27.457515488390943,27.412280701754383,27.457440966501924,3.3484096717708036
SP,354925,SAO JOAO DE IRACEMA,2020–2024,2,9264,21.63455561552154,0.0,21.588946459412778,3.117460691916157
SP,354930,SAO JOAO DO PAU DALHO,2001–2005,3,10783,27.756425582529307,0.0,27.82157099137531,3.3611240995428937
SP,354930,SAO JOAO DO PAU DALHO,2006–2010,0,10591,0.0,0.0,0.0,0.0
SP,354930,SAO JOAO DO PAU DALHO,2011–2015,4,10685,37.34197112605489,46.2962962962963,37.4356574637342,3.6489856085149244
SP,354930,SAO JOAO DO PAU DALHO,2016–2019,3,8755,34.236989113519996,22.665457842248415,34.266133637921186,3.5629231164052286
SP,354930,SAO JOAO DO PAU DALHO,2020–2024,0,11243,0.0,0.0,0.0,0.0
SP,354940,SAO JOAQUIM DA BARRA,2001–2005,0,215062,0.0,0.0,0.0,0.0
SP,354940,SAO JOAQUIM DA BARRA,2006–2010,49,227440,21.48600925622672,19.788048018996527,21.54414351037636,3.1154753209263557
SP,354940,SAO JOAQUIM DA BARRA,2011–2015,49,235079,20.87208549879829,19.005786206022723,20.84405667881861,3.083928878995322
SP,354940,SAO JOAQUIM DA BARRA,2016–2019,31,191123,16.22299214053042,16.74328568483722,16.21992120257635,2.846066923064397
SP,354940,SAO JOAQUIM DA BARRA,2020–2024,43,244150,17.59471891188785,18.601190476190474,17.612123694450133,2.923813179911862
SP,354950,SAO JOSE DA BELA VISTA,2001–2005,0,40866,0.0,0.0,0.0,0.0
SP,354950,SAO JOSE DA BELA VISTA,2006–2010,0,41694,0.0,0.0,0.0,0.0
SP,354950,SAO JOSE DA BELA VISTA,2011–2015,6,41023,14.627057573527406,24.180872929512756,14.625941544986958,2.748932452686137
SP,354950,SAO JOSE DA BELA VISTA,2016–2019,0,31641,0.0,0.0,0.0,0.0
SP,354950,SAO JOSE DA BELA VISTA,2020–2024,0,38413,0.0,0.0,0.0,0.0
SP,354960,SAO JOSE DO BARREIRO,2001–2005,7,20615,33.94066648835052,48.426150121065376,33.955857385398986,3.554086047925158
SP,354960,SAO JOSE DO BARREIRO,2006–2010,1,20451,4.8744820862783325,0.0,4.889736443205711,1.7732112501777424
SP,354960,SAO JOSE DO BARREIRO,2011–2015,1,20100,4.998750312421895,0.0,4.975124378109452,1.7876049140209078
SP,354960,SAO JOSE DO BARREIRO,2016–2019,2,15742,12.674271229404308,0.0,12.704865963664082,2.6177509496021503
SP,354960,SAO JOSE DO BARREIRO,2020–2024,2,19386,10.273546534600953,0.0,10.316723408645414,2.4262815793427657
SP,354970,SAO JOSE DO RIO PARDO,2001–2005,22,253087,8.678756737779072,7.930843048616068,8.692662997309226,2.271369207270576
SP,354970,SAO JOSE DO RIO PARDO,2006–2010,30,257654,11.64240674350177,11.727224752262378,11.643521932514147,2.537144983808931
SP,354970,SAO JOSE DO RIO PARDO,2011–2015,27,259880,10.389044365067452,9.624453812246154,10.389410497152532,2.432684019943445
SP,354970,SAO JOSE DO RIO PARDO,2016–2019,34,208362,16.315852415271422,16.318907299701905,16.31775467695645,2.851732257141491
SP,354970,SAO JOSE DO RIO PARDO,2020–2024,54,262762,20.53240985284619,21.09138321125896,20.550916799232766,3.070418358532665
SP,354980,SAO JOSE DO RIO PRETO,2001–2005,570,1864170,30.61403952651442,28.86308570218062,30.576610502261058,3.452416672549781
SP,354980,SAO JOSE DO RIO PRETO,2006–2010,781,1989274,39.26764327490103,38.96570254142971,39.26055435299511,3.695372189441119
SP,354980,SAO JOSE DO RIO PRETO,2011–2015,1012,2126424,47.62562698589151,47.33057856992049,47.59163741568003,3.8834514464645564
SP,354980,SAO JOSE DO RIO PRETO,2016–2019,659,1808041,36.544132970324206,35.47616715129699,36.44828850673187,3.622961008164094
SP,354980,SAO JOSE DO RIO PRETO,2020–2024,898,2414335,37.04170158138455,39.34278809224947,37.19450697604102,3.6426917088341138
SP,354990,SAO JOSE DOS CAMPOS,2001–2005,971,2825851,34.43437637340052,33.10813989757387,34.36133044523579,3.565618862775295
SP,354990,SAO JOSE DOS CAMPOS,2006–2010,885,3054019,29.011369829231008,29.312691085175477,28.978208714484097,3.400470741539291
SP,354990,SAO JOSE DOS CAMPOS,2011–2015,921,3230591,28.504456218004368,27.860671875580433,28.508715587952793,3.3846856633703073
SP,354990,SAO JOSE DOS CAMPOS,2016–2019,811,2684437,30.202951666382006,30.203306709270972,30.21117649622621,3.4407762517024922
SP,354990,SAO JOSE DOS CAMPOS,2020–2024,1029,3509164,29.31356848933127,30.270251659125407,29.323223423014714,3.4119138685472676
SP,354995,SAO LOURENCO DA SERRA,2001–2005,7,63543,11.040971113748572,7.9776625448743514,11.016162283807816,2.486252600573706
SP,354995,SAO LOURENCO DA SERRA,2006–2010,13,68006,19.042724377270094,21.46997781435626,19.11596035643914,3.00151354756007
SP,354995,SAO LOURENCO DA SERRA,2011–2015,15,72357,20.60721865373489,20.976087260523006,20.730544384095527,3.0787188461448514
SP,354995,SAO LOURENCO DA SERRA,2016–2019,16,60994,26.42752424780722,26.27276069283746,26.23208840213791,3.3043959986451656
SP,354995,SAO LOURENCO DA SERRA,2020–2024,24,80364,29.50426881744567,24.89574905084957,29.864118261908313,3.4295942878663848
SP,355000,SAO LUIS DO PARAITINGA,2001–2005,9,52097,17.274107229598464,19.18281220026856,17.275466917480852,2.905559554829615
SP,355000,SAO LUIS DO PARAITINGA,2006–2010,9,52017,17.30677029297542,19.217834150091285,17.30203587288771,2.90701230354414
SP,355000,SAO LUIS DO PARAITINGA,2011–2015,4,51910,7.698229407236335,0.0,7.705644384511655,2.1639715951228133
SP,355000,SAO LUIS DO PARAITINGA,2016–2019,14,41438,33.79124794230811,33.779592575176224,33.78541435397461,3.5491981711624887
SP,355000,SAO LUIS DO PARAITINGA,2020–2024,14,51940,26.92204327259924,9.669309611293754,26.954177897574127,3.3305666659822992
SP,355010,SAO MANUEL,2001–2005,51,185380,27.499377804109734,27.101739931703616,27.51105836659834,3.35029202488018
SP,355010,SAO MANUEL,2006–2010,52,189883,27.37898111224633,26.459226332222045,27.385284622636046,3.3458708637922885
SP,355010,SAO MANUEL,2011–2015,38,190381,19.92491160008615,18.384284063452043,19.959974997505004,3.0426146665850022
SP,355010,SAO MANUEL,2016–2019,34,150723,22.57038477662052,19.853480898746415,22.55793740835838,3.159462808616448
SP,355010,SAO MANUEL,2020–2024,49,188018,26.025533270616414,26.50762094102054,26.061334553074705,3.2981059398219785
SP,355020,SAO MIGUEL ARCANJO,2001–2005,30,154961,19.359924984111103,19.2789666473877,19.35970986248153,3.013557941211508
SP,355020,SAO MIGUEL ARCANJO,2006–2010,15,156594,9.585693266123846,12.718600953895072,9.578911069389632,2.3588624976350223
SP,355020,SAO MIGUEL ARCANJO,2011–2015,19,157981,12.034615058011683,12.640227524095433,12.026762711971694,2.5670059114556247
SP,355020,SAO MIGUEL ARCANJO,2016–2019,31,127267,24.369874084136512,25.14904161683966,24.358238977896864,3.2331036862232256
SP,355020,SAO MIGUEL ARCANJO,2020–2024,38,161341,23.518391440898718,21.916092673763305,23.55259977315128,3.200817745707202
SP,355030,SAO PAULO,2001–2005,36902,53370843,69.16381965967659,69.15219187901617,69.14262156211399,4.250530620148634
SP,355030,SAO PAULO,2006–2010,36535,55426476,65.9242270574348,65.2111034493165,65.91615169616773,4.2034403684305355
SP,355030,SAO PAULO,2011–2015,37806,56514130,66.8934071832717,67.44506966868951,66.89654428016499,4.217985139015664
SP,355030,SAO PAULO,2016–2019,31384,45508684,68.9595170897353,67.70263665536072,68.96266215916066,4.247961702015909
SP,355030,SAO PAULO,2020–2024,42205,57873258,72.82101077359445,73.82117305459073,72.92660109095638,4.303072723819273
SP,355040,SAO PEDRO,2001–2005,30,144907,20.814909050296713,17.038097185306345,20.702933605691925,3.07744744061157
SP,355040,SAO PEDRO,2006–2010,29,154377,18.79987127787279,22.108521255764007,18.785181730439117,2.9849332600587424
SP,355040,SAO PEDRO,2011–2015,29,166018,17.467692112561227,18.07501129688206,17.467985399173585,2.916038714043043
SP,355040,SAO PEDRO,2016–2019,23,142566,15.988964513875628,12.661301826001186,16.132878807008684,2.840999354667303
SP,355040,SAO PEDRO,2020–2024,46,191692,23.90668541031632,23.086394418222863,23.996828245310187,3.218748946631905
SP,355050,SAO PEDRO DO TURVO,2001–2005,5,34898,14.377891905026123,14.455044810638915,14.327468622843716,2.7296465535375374
SP,355050,SAO PEDRO DO TURVO,2006–2010,5,35675,13.954329106242602,14.076576576576576,14.01541695865452,2.7090774705238894
SP,355050,SAO PEDRO DO TURVO,2011–2015,4,36014,11.107255549454393,13.883104262113008,11.10679180318765,2.4937666011779456
SP,355050,SAO PEDRO DO TURVO,2016–2019,8,28839,27.73973362409919,27.73636834405079,27.740212906134055,3.3582972886308875
SP,355050,SAO PEDRO DO TURVO,2020–2024,9,36254,24.678502643201938,13.86001386001386,24.824846913444034,3.2513370871447265
SP,355060,SAO ROQUE,2001–2005,107,350498,30.568240855810576,30.98944883051723,30.527991600522686,3.4508757734794053
SP,355060,SAO ROQUE,2006–2010,96,381197,25.303926973455408,20.299158853605004,25.183828833910027,3.2651420001285527
SP,355060,SAO ROQUE,2011–2015,110,394931,27.860238517393885,22.75686814923448,27.852966720768944,3.3622128202761736
SP,355060,SAO ROQUE,2016–2019,59,316939,18.617230308712898,18.30199682941915,18.61556955754893,2.976323616076505
SP,355060,SAO ROQUE,2020–2024,84,400036,20.97966018705467,20.12983745156258,20.99811017008469,3.090956548308796
SP,355070,SAO SEBASTIAO,2001–2005,207,312242,66.33827248671028,67.2709843426784,66.29473293150826,4.209081971054701
SP,355070,SAO SEBASTIAO,2006–2010,233,352436,66.1451064070494,62.21092207405805,66.11129396542918,4.206352345245318
SP,355070,SAO SEBASTIAO,2011–2015,298,378951,78.58947066510797,73.17138067743394,78.63813527342586,4.377493064474684
SP,355070,SAO SEBASTIAO,2016–2019,205,314559,65.12521521018286,66.0693891912545,65.17060392485988,4.192236314850383
SP,355070,SAO SEBASTIAO,2020–2024,328,409607,79.83984110148621,70.05000120775864,80.0767565007434,4.39539631709275
SP,355080,SAO SEBASTIAO DA GRAMA,2001–2005,10,61732,16.14319606651931,16.152479405588757,16.199053975247846,2.844854380867694
SP,355080,SAO SEBASTIAO DA GRAMA,2006–2010,3,60846,4.925768433401596,8.169934640522875,4.930480228774282,1.7801051926605895
SP,355080,SAO SEBASTIAO DA GRAMA,2011–2015,8,58314,13.764052888875577,16.941973739940703,13.718832527351923,2.6891277981548183
SP,355080,SAO SEBASTIAO DA GRAMA,2016–2019,8,44141,17.96116174238489,9.174658572867045,18.123739833714687,2.950930486494091
SP,355080,SAO SEBASTIAO DA GRAMA,2020–2024,14,52658,26.57254142894372,37.379684141669,26.58665349994303,3.317332086923342
SP,355090,SAO SIMAO,2001–2005,3,69367,4.311089705848742,0.0,4.324823042657171,1.6723794796174294
SP,355090,SAO SIMAO,2006–2010,5,71047,7.031208396923549,7.004272606289836,7.037594831590356,2.0841298881367916
SP,355090,SAO SIMAO,2011–2015,5,70573,7.031591149784998,7.0467197519554645,7.084862482819209,2.089993483956675
SP,355090,SAO SIMAO,2016–2019,11,55099,19.949888911023333,18.179534555322082,19.964064683569575,3.0428097663944986
SP,355090,SAO SIMAO,2020–2024,10,67652,14.806125113933433,14.717786444918683,14.7815290013599,2.758840205613449
SP,355100,SAO VICENTE,2001–2005,1634,1559855,104.80834794333919,107.6894731157519,104.75332643098236,4.661109273043796
SP,355100,SAO VICENTE,2006–2010,1834,1632405,112.33693184527706,111.40251824330066,112.34957011280902,4.730476584381803
SP,355100,SAO VICENTE,2011–2015,2182,1659049,131.53296049983592,122.80538056123262,131.52113047896717,4.886742108024401
SP,355100,SAO VICENTE,2016–2019,2365,1323437,178.70293643642552,176.9259292530084,178.7013662153922,5.191296396517386
SP,355100,SAO VICENTE,2020–2024,2847,1662903,171.29257071036594,171.94822178898804,171.20661878654377,5.148695027878329
SP,355110,SARAPUI,2001–2005,0,40774,0.0,0.0,0.0,0.0
SP,355110,SARAPUI,2006–2010,3,43851,6.9768028912158115,0.0,6.841349114045291,2.0594109004312253
SP,355110,SARAPUI,2011–2015,2,46733,4.206681904331144,0.0,4.279631095799542,1.6638562270574886
SP,355110,SARAPUI,2016–2019,6,39379,15.063431943886233,10.158812769561605,15.236547398359534,2.7872647135080597
SP,355110,SARAPUI,2020–2024,7,51883,13.191443620337523,0.0,13.491895225796505,2.673589543210705
SP,355120,SARUTAIA,2001–2005,9,18518,48.51682140770491,53.835800807537005,48.60136083810347,3.904018269606601
SP,355120,SARUTAIA,2006–2010,5,18226,27.399269571244748,27.434842249657066,27.4333369911116,3.3475622944735344
SP,355120,SARUTAIA,2011–2015,2,18212,11.002648292501267,0.0,10.981770261366133,2.483386349831291
SP,355120,SARUTAIA,2016–2019,9,14692,61.165534099481604,27.273991851648532,61.25782738905527,4.131284268629699
SP,355120,SARUTAIA,2020–2024,7,18596,37.45582603972301,27.100271002710027,37.64250376425038,3.6543528044565172
SP,355130,SEBASTIANOPOLIS DO SUL,2001–2005,0,13418,0.0,0.0,0.0,0.0
SP,355130,SEBASTIANOPOLIS DO SUL,2006–2010,0,14641,0.0,0.0,0.0,0.0
SP,355130,SEBASTIANOPOLIS DO SUL,2011–2015,4,15277,26.18481856366418,32.55208333333333,26.183151142239968,3.3025973380676836
SP,355130,SEBASTIANOPOLIS DO SUL,2016–2019,1,12370,8.051529790660226,0.0,8.084074373484237,2.2065228115154145
SP,355130,SEBASTIANOPOLIS DO SUL,2020–2024,0,15710,0.0,0.0,0.0,0.0
SP,355140,SERRA AZUL,2001–2005,7,42216,15.753532314848806,0.0,16.581390941823006,2.866841009822433
SP,355140,SERRA AZUL,2006–2010,34,51904,61.54061984153541,9.649715333397666,65.50554870530209,4.197285383358429
SP,355140,SERRA AZUL,2011–2015,155,58062,266.0300113377694,269.75287156282633,266.9560125383211,5.590822834719976
SP,355140,SERRA AZUL,2016–2019,153,48666,314.866484374874,312.0137348094189,314.38786832696337,5.753803209385116
SP,355140,SERRA AZUL,2020–2024,156,63805,244.09332281518428,245.73919936583434,244.4949455371836,5.503276358579386
SP,355150,SERRANA,2001–2005,49,171908,28.59062793609374,32.57232536791922,28.503618214393747,3.3845129071600955
SP,355150,SERRANA,2006–2010,28,187724,14.942866382139902,15.706806282722512,14.915514265624001,2.7672943734777182
SP,355150,SERRANA,2011–2015,24,200415,12.01281189421315,9.879714476251637,11.975151560511938,2.5630361099480417
SP,355150,SERRANA,2016–2019,24,167812,14.285406554784224,13.021681396858162,14.301718589850546,2.7279651482243046
SP,355150,SERRANA,2020–2024,87,220462,39.42319056920081,41.834197132033374,39.46258312090065,3.700377673520272
SP,355160,SERRA NEGRA,2001–2005,39,122938,31.878144396263956,28.472645922310353,31.7233076835478,3.4880875971982155
SP,355160,SERRA NEGRA,2006–2010,27,129309,20.845456496438857,19.730092336832136,20.880217154258403,3.085582902287821
SP,355160,SERRA NEGRA,2011–2015,18,136131,13.286451869207573,14.846707742558086,13.222557683407894,2.6548292734198435
SP,355160,SERRA NEGRA,2016–2019,15,114117,13.168868504689156,10.51743711522938,13.14440442703541,2.6493190990268998
SP,355160,SERRA NEGRA,2020–2024,16,150081,10.712009976513173,10.14027378739226,10.660909775387957,2.456242203211972
SP,355170,SERTAOZINHO,2001–2005,102,495342,20.582332584564888,19.770454616401153,20.591833521082403,3.072315165473049
SP,355170,SERTAOZINHO,2006–2010,131,534138,24.48267604905751,25.437432999618437,24.525497156165635,3.239677841085953
SP,355170,SERTAOZINHO,2011–2015,152,570360,26.60940537291024,26.543368439078687,26.649835191808684,3.3196197674373313
SP,355170,SERTAOZINHO,2016–2019,202,481244,41.87377366610567,39.48272464766954,41.9745492930821,3.760608063560214
SP,355170,SERTAOZINHO,2020–2024,205,637018,32.270375198884295,33.0869298557087,32.18119425196776,3.50198327724198
SP,355180,SETE BARRAS,2001–2005,47,67488,69.61431604803174,73.30840847445202,69.64201043148411,4.257625016132567
SP,355180,SETE BARRAS,2006–2010,22,65721,33.45262205913576,30.432136335970785,33.474840614111166,3.5402298004376753
SP,355180,SETE BARRAS,2011–2015,22,64680,34.01103737931395,23.273855702094647,34.01360544217687,3.555736712874018
SP,355180,SETE BARRAS,2016–2019,26,51330,50.69126537084306,46.770287506402695,50.65263978180401,3.944541303297457
SP,355180,SETE BARRAS,2020–2024,28,63991,43.78214505704754,46.468401486988846,43.75615320904502,3.8012289371464485
SP,355190,SEVERINIA,2001–2005,10,70753,14.175632284940837,13.772207684891889,14.133676310545136,2.716922479814785
SP,355190,SEVERINIA,2006–2010,16,75522,21.072056098786156,19.864918553833927,21.18587961123911,3.099456032962572
SP,355190,SEVERINIA,2011–2015,15,76324,19.687669954863704,19.855715136673506,19.653058015827263,3.0278633963766297
SP,355190,SEVERINIA,2016–2019,14,59666,23.430447180718115,23.472757295950224,23.463949317869474,3.1972005774820373
SP,355190,SEVERINIA,2020–2024,11,73327,14.996065342720746,13.651877133105803,15.001295566435283,2.772669691863858
SP,355200,SILVEIRAS,2001–2005,3,27496,10.830324909747294,0.0,10.910677916787897,2.4774353017127275
SP,355200,SILVEIRAS,2006–2010,0,28536,0.0,0.0,0.0,0.0
SP,355200,SILVEIRAS,2011–2015,2,29441,6.793478260869565,0.0,6.7932475119730995,2.0532576551645922
SP,355200,SILVEIRAS,2016–2019,3,24142,12.460541618209005,0.0,12.42647667964543,2.5972286291053845
SP,355200,SILVEIRAS,2020–2024,3,31019,9.601536245799327,0.0,9.671491666398014,2.3675758555798496
SP,355210,SOCORRO,2001–2005,37,169277,21.721122661834716,20.67885734542554,21.857665246903007,3.1292865204693587
SP,355210,SOCORRO,2006–2010,42,179287,23.509080693919973,22.832353444831327,23.42612682458851,3.1956533309317865
SP,355210,SOCORRO,2011–2015,18,187592,9.608253697604987,10.504201680672269,9.595291910102777,2.3604097430257407
SP,355210,SOCORRO,2016–2019,25,155195,16.13140467219564,18.091109545117313,16.108766390669803,2.8395909865713627
SP,355210,SOCORRO,2020–2024,37,201637,18.36702571715724,15.17911353976928,18.349806831087548,2.9626824365364293
SP,355220,SOROCABA,2001–2005,1171,2599497,45.03974863089421,44.606846407476105,45.04717643451791,3.829666445610124
SP,355220,SOROCABA,2006–2010,1197,2834263,42.30969563821664,40.91199659066695,42.23320136486981,3.7666087501793863
SP,355220,SOROCABA,2011–2015,1256,3092148,40.678850810123585,41.974134057153954,40.61901306147054,3.7285571076009685
SP,355220,SOROCABA,2016–2019,979,2676059,36.577492308015636,35.213975554674896,36.58364781942401,3.6265690573805296
SP,355220,SOROCABA,2020–2024,1384,3631444,37.899710746568026,34.54556006643802,38.1115611310542,3.6664181043874087
SP,355230,SUD MENNUCCI,2001–2005,4,36930,10.841592070408005,13.526308670363857,10.831302464121311,2.470748770334079
SP,355230,SUD MENNUCCI,2006–2010,1,37105,2.6899798251513114,0.0,2.6950545748551407,1.3069953242112913
SP,355230,SUD MENNUCCI,2011–2015,2,37075,5.39701935106149,0.0,5.394470667565745,1.8554336587457954
SP,355230,SUD MENNUCCI,2016–2019,2,29540,6.761325219743069,0.0,6.7704807041299935,2.050332029149289
SP,355230,SUD MENNUCCI,2020–2024,2,36961,5.418293943822586,0.0,5.411109006790942,1.8580322679475982
SP,355240,SUMARE,2001–2005,256,1046219,24.4229791053219,22.910306151417203,24.46906431636206,3.237464551620917
SP,355240,SUMARE,2006–2010,260,1158734,22.486488098630616,22.47032595190469,22.438281779942592,3.1543706591185496
SP,355240,SUMARE,2011–2015,246,1251933,19.625262343510872,19.334269795924808,19.649613837162214,3.0276966188526337
SP,355240,SUMARE,2016–2019,257,1058277,24.25631250410817,24.206880587944944,24.284757204399224,3.230201732128684
SP,355240,SUMARE,2020–2024,382,1402868,27.165989729761975,25.29688707750685,27.229931825374877,3.3403828272917018
SP,355250,SUZANO,2001–2005,522,1191940,43.96105129047627,45.73241085326609,43.79415071228418,3.802077566438716
SP,355250,SUZANO,2006–2010,462,1276965,36.21566993123661,35.023731597444474,36.17953506948115,3.615758477359844
SP,355250,SUZANO,2011–2015,512,1365538,37.49846960381448,36.98820771991504,37.4943795046348,3.6505122437440125
SP,355250,SUZANO,2016–2019,466,1159067,40.157955842315495,38.62982585693135,40.204750890155616,3.718553562575318
SP,355250,SUZANO,2020–2024,640,1542082,41.38154535869055,44.40242009161593,41.5023325607847,3.749558958207481
SP,355255,SUZANAPOLIS,2001–2005,4,14786,27.2052170599873,33.82949932341002,27.052617340727714,3.334081937445479
SP,355255,SUZANAPOLIS,2006–2010,2,16281,11.939640050409833,0.0,12.284257723727045,2.586579704389765
SP,355255,SUZANAPOLIS,2011–2015,0,16945,0.0,0.0,0.0,0.0
SP,355255,SUZANAPOLIS,2016–2019,3,13595,22.054500812670746,14.697236919459142,22.06693637366679,3.138400266387163
SP,355255,SUZANAPOLIS,2020–2024,2,17118,11.649112713476606,0.0,11.68360789811894,2.540310443088768
SP,355260,TABAPUA,2001–2005,1,53738,1.8316695668101475,0.0,1.8608805686851018,1.0511294685916452
SP,355260,TABAPUA,2006–2010,10,55921,18.027577886282437,17.60098565519669,17.88236977164214,2.9382286704064753
SP,355260,TABAPUA,2011–2015,10,56765,17.617267934095324,26.417752729834447,17.616489033735576,2.924047695193821
SP,355260,TABAPUA,2016–2019,1,45352,2.205947233742169,0.0,2.2049744222967016,1.164704109778137
SP,355260,TABAPUA,2020–2024,9,56889,15.798794770744385,17.6522506619594,15.820281601012498,2.822585396438692
SP,355270,TABATINGA,2001–2005,20,67396,29.849167223568163,22.26014691696965,29.675351652917087,3.423459454359044
SP,355270,TABATINGA,2006–2010,21,71661,29.192776614467924,27.236824186299874,29.304642692678026,3.4113009249584905
SP,355270,TABATINGA,2011–2015,11,73535,14.959515009260954,13.59896647854763,14.958863126402393,2.7700143568029403
SP,355270,TABATINGA,2016–2019,10,58950,16.96756032691838,20.361074230597996,16.963528413910094,2.8883435031502307
SP,355270,TABATINGA,2020–2024,13,74161,17.561895315652272,20.15993548820644,17.529429214816414,2.9193602365209705
SP,355280,TABOAO DA SERRA,2001–2005,458,1053863,43.58996669637678,43.19408383449546,43.45915930248998,3.794570999281473
SP,355280,TABOAO DA SERRA,2006–2010,457,1172212,39.007640402499405,37.9796531476171,38.98612196428632,3.6885324430197084
SP,355280,TABOAO DA SERRA,2011–2015,496,1257507,39.44716076038137,41.76049769146408,39.443120396148885,3.699896552306782
SP,355280,TABOAO DA SERRA,2016–2019,480,1049172,45.7143246128614,45.86527199566095,45.75036314350745,3.8448220234800874
SP,355280,TABOAO DA SERRA,2020–2024,719,1376148,52.177239796939205,54.24394275972517,52.24728735572046,3.974946861615352
SP,355290,TACIBA,2001–2005,6,26823,22.204250454876963,18.474043968224645,22.36886254333967,3.151404475707712
SP,355290,TACIBA,2006–2010,7,28061,24.81989807561856,17.98237727027513,24.945654110687432,3.256004123937145
SP,355290,TACIBA,2011–2015,5,29231,17.183546957217324,0.0,17.1051281174096,2.8961952195476957
SP,355290,TACIBA,2016–2019,1,24198,4.085634907664651,0.0,4.132572939912389,1.6356070811908554
SP,355290,TACIBA,2020–2024,15,31367,47.36759856399933,63.20113762047717,47.82095833200497,3.888159694678028
SP,355300,TAGUAI,2001–2005,6,41799,14.034693215618443,12.431626056688215,14.354410392593124,2.7314027547571844
SP,355300,TAGUAI,2006–2010,1,50333,1.8470631695603987,0.0,1.986768124292214,1.0941919079288809
SP,355300,TAGUAI,2011–2015,5,56318,9.020599697149203,8.87941751021133,8.878156184523599,2.2903258733442753
SP,355300,TAGUAI,2016–2019,11,47783,22.957921279285042,25.283464548140653,23.020739593579307,3.178917606918
SP,355300,TAGUAI,2020–2024,15,63357,23.93202090801202,7.99744081893794,23.67536341682845,3.2058053133500315
SP,355310,TAIACU,2001–2005,0,28501,0.0,0.0,0.0,0.0
SP,355310,TAIACU,2006–2010,1,29190,3.3932813030200206,0.0,3.4258307639602603,1.4874580041061864
SP,355310,TAIACU,2011–2015,2,29196,6.829434864264982,0.0,6.850253459377997,2.0605458190919297
SP,355310,TAIACU,2016–2019,5,23028,21.733202265564476,26.069048929180447,21.712697585548028,3.122924133103185
SP,355310,TAIACU,2020–2024,3,28550,10.479231414270435,0.0,10.507880910683012,2.4430320972418578
SP,355320,TAIUVA,2001–2005,3,27440,10.921004732435385,0.0,10.932944606413994,2.479303029326463
SP,355320,TAIUVA,2006–2010,0,27295,0.0,0.0,0.0,0.0
SP,355320,TAIUVA,2011–2015,4,28525,13.9197162612478,0.0,14.022787028921998,2.7095681836449814
SP,355320,TAIUVA,2016–2019,7,24448,28.85795850394102,32.98384775808814,28.63219895287958,3.388861572563785
SP,355320,TAIUVA,2020–2024,27,32719,81.2749958675962,46.526054590570716,82.52085943946942,4.4250964143049165
SP,355330,TAMBAU,2001–2005,23,111512,20.619737577994364,26.867275658248257,20.625582896907954,3.0738770072249797
SP,355330,TAMBAU,2006–2010,20,111881,17.873793621733263,17.85236097473891,17.876136251910513,2.9378984920999307
SP,355330,TAMBAU,2011–2015,9,110797,8.139716409586757,4.546281142025823,8.122963618148505,2.2107947094291007
SP,355330,TAMBAU,2016–2019,15,87177,17.18766697221526,18.328446133674213,17.206373240648336,2.901771710842324
SP,355330,TAMBAU,2020–2024,8,107783,7.4115959178139,4.665267086540704,7.422320774148057,2.1308854166596416
SP,355340,TANABI,2001–2005,17,115093,14.75548465316314,13.198416190057195,14.770663724118755,2.7581514878583846
SP,355340,TANABI,2006–2010,22,118775,18.513191917706003,20.917001338688085,18.522416333403495,2.9715633608957974
SP,355340,TANABI,2011–2015,22,121763,18.101949016304644,16.560404073859402,18.067885975214146,2.948005557421938
SP,355340,TANABI,2016–2019,14,99219,14.106363691141297,16.101681831459395,14.110200667210917,2.7153700566207473
SP,355340,TANABI,2020–2024,30,127147,23.50719647897061,31.201248049921997,23.59473680071099,3.202532468856886
SP,355350,TAPIRAI,2001–2005,3,41994,7.159978315967277,0.0,7.1438776968138304,2.0972664421136034
SP,355350,TAPIRAI,2006–2010,13,40605,32.035381535154436,36.44757623618029,32.01576160571358,3.4969850718558084
SP,355350,TAPIRAI,2011–2015,1,40040,2.4975024975024978,0.0,2.4975024975024973,1.252049141639445
SP,355350,TAPIRAI,2016–2019,6,32008,18.74375253801314,12.49687656171914,18.745313671582103,2.982916180739657
SP,355350,TAPIRAI,2020–2024,9,40173,22.41253294544508,24.624476729869492,22.40310656411022,3.1528687727019493
SP,355360,TAPIRATIBA,2001–2005,6,64401,9.311761748844447,7.776049766718506,9.316625518237295,2.333756721915345
SP,355360,TAPIRATIBA,2006–2010,8,63889,12.519254624304754,15.601841017240034,12.521717353535037,2.604297085738517
SP,355360,TAPIRATIBA,2011–2015,2,62504,3.190075131865979,0.0,3.1997952131063614,1.4350357653163748
SP,355360,TAPIRATIBA,2016–2019,1,48614,2.0378219758721876,0.0,2.0570206113465255,1.1174407852302681
SP,355360,TAPIRATIBA,2020–2024,5,59483,8.378359139305095,8.42034355001684,8.405762991106704,2.2413225855769303
SP,355365,TAQUARAL,2001–2005,0,13616,0.0,0.0,0.0,0.0
SP,355365,TAQUARAL,2006–2010,0,13626,0.0,0.0,0.0,0.0
SP,355365,TAQUARAL,2011–2015,0,13495,0.0,0.0,0.0,0.0
SP,355365,TAQUARAL,2016–2019,6,10634,56.32745024408562,0.0,56.42279480910288,4.050441346603212
SP,355365,TAQUARAL,2020–2024,3,13171,22.863137791051095,0.0,22.777313795459722,3.1687319242201872
SP,355370,TAQUARITINGA,2001–2005,64,263177,24.357482939245926,26.695141484249866,24.318234496175577,3.2315248672056955
SP,355370,TAQUARITINGA,2006–2010,73,267993,27.28761345556247,29.85186014403523,27.239517450082655,3.3407223250173868
SP,355370,TAQUARITINGA,2011–2015,55,267756,20.5423481576489,16.761025029797377,20.541089648784716,3.069962257671812
SP,355370,TAQUARITINGA,2016–2019,36,211607,17.020505265042882,18.007894586489357,17.012669713194743,2.89107538324904
SP,355370,TAQUARITINGA,2020–2024,61,263316,23.168154705016896,17.174916987901227,23.16608181804372,3.1849500722670054
SP,355380,TAQUARITUBA,2001–2005,26,110371,23.5379942503226,18.12086617740328,23.556912594793925,3.200993386695914
SP,355380,TAQUARITUBA,2006–2010,18,111145,16.18508554649735,9.022420715477963,16.195060506545506,2.844622162723372
SP,355380,TAQUARITUBA,2011–2015,32,113951,27.905151276595127,17.681902572716822,28.082245877614064,3.370127880687768
SP,355380,TAQUARITUBA,2016–2019,121,94229,128.53902441123495,108.48065550216131,128.41057423935305,4.8629900961883346
SP,355380,TAQUARITUBA,2020–2024,109,121983,89.58333812954538,77.22007722007721,89.35671364042531,4.503765321310538
SP,355385,TAQUARIVAI,2001–2005,5,23337,21.192831971220254,22.040996253030638,21.425204610704032,3.1101855321263794
SP,355385,TAQUARIVAI,2006–2010,9,25043,36.01586174350321,20.2552157180474,35.93818631953041,3.6092458755562835
SP,355385,TAQUARIVAI,2011–2015,7,27700,25.03323939468359,18.060321473722233,25.27075812274368,3.268456462159748
SP,355385,TAQUARIVAI,2016–2019,4,24689,16.30635216834885,8.00640512409928,16.20154724776216,2.844999336038827
SP,355385,TAQUARIVAI,2020–2024,2,34246,5.768670690136659,0.0,5.840098113648309,1.9228020756322135
SP,355390,TARABAI,2001–2005,4,30110,13.244567001355477,16.173378618793468,13.28462304882099,2.6591836474326436
SP,355390,TARABAI,2006–2010,6,32175,18.653380921163027,15.750511891636476,18.64801864801865,2.9779765010694654
SP,355390,TARABAI,2011–2015,4,32945,12.138691389530784,15.176809834572774,12.141447867658218,2.575771194783664
SP,355390,TARABAI,2016–2019,3,26250,11.41726501882362,7.616146230007615,11.428571428571429,2.5199979695992702
SP,355390,TARABAI,2020–2024,15,32846,45.60629398463073,45.899632802937575,45.66766120684406,3.843051445289336
SP,355395,TARUMA,2001–2005,5,56744,8.689129215344142,8.814455707360072,8.811504300014098,2.283555605349805
SP,355395,TARUMA,2006–2010,4,62145,6.381713129990798,7.903264048051846,6.436559658862338,2.006408330456625
SP,355395,TARUMA,2011–2015,13,66798,19.43128231270442,21.92661891536325,19.461660528758344,3.0185529169935648
SP,355395,TARUMA,2016–2019,15,56402,26.65361496571846,28.11835306576163,26.59480160278004,3.317627407258083
SP,355395,TARUMA,2020–2024,12,74427,16.07918963460229,13.765572303668526,16.123181103631747,2.8404331655806834
SP,355400,TATUI,2001–2005,133,487085,27.371805487221543,30.37728589076328,27.30529579026248,3.3430489175404503
SP,355400,TATUI,2006–2010,131,522053,25.0585942503958,22.674023127503588,25.093237659777838,3.2616761872630273
SP,355400,TATUI,2011–2015,139,556373,25.002641349137395,23.65098424480588,24.983239661162568,3.2574517017424256
SP,355400,TATUI,2016–2019,128,469759,27.19663705070125,28.530850298056556,27.24801440738762,3.3410231686580856
SP,355400,TATUI,2020–2024,190,622200,30.411361760676833,27.432186022494392,30.536804885888785,3.451155272848768
SP,355410,TAUBATE,2001–2005,473,1270453,37.2677088640763,37.788432016249025,37.230814520489936,3.643641853274972
SP,355410,TAUBATE,2006–2010,478,1357297,35.12409455683208,35.63312426143078,35.21705271580207,3.5895300774106165
SP,355410,TAUBATE,2011–2015,578,1431994,40.37416191536148,40.157136621562636,40.36329761158217,3.7223939565089434
SP,355410,TAUBATE,2016–2019,494,1193295,41.42430364825267,41.066063665623815,41.39797786800414,3.747100669308267
SP,355410,TAUBATE,2020–2024,573,1561096,36.65211556963902,37.03072567114094,36.70498162829192,3.6297922244059015
SP,355420,TEJUPA,2001–2005,3,25864,11.64104492937958,0.0,11.599133931333126,2.53362807598655
SP,355420,TEJUPA,2006–2010,1,24552,4.031445273130418,0.0,4.0729879439556855,1.6239299820699382
SP,355420,TEJUPA,2011–2015,5,23147,21.66012203368204,21.331058020477816,21.601071413142094,3.117997312815687
SP,355420,TEJUPA,2016–2019,4,17485,23.02850963198059,22.736123741573124,22.87675150128682,3.1729052449864272
SP,355420,TEJUPA,2020–2024,8,20817,38.26236862349951,47.84688995215311,38.43012922130951,3.674530225117478
SP,355430,TEODORO SAMPAIO,2001–2005,22,102045,21.593799021733172,24.66456195737964,21.559116076240873,3.1161392448445704
SP,355430,TEODORO SAMPAIO,2006–2010,26,105515,24.67465454249305,14.027868699148977,24.641046296735063,3.2441944384248336
SP,355430,TEODORO SAMPAIO,2011–2015,16,107901,14.825847489714956,13.901760889712696,14.828407521709716,2.761806270077613
SP,355430,TEODORO SAMPAIO,2016–2019,12,87500,13.686876739142459,11.425149266520924,13.714285714285714,2.6888188391743224
SP,355430,TEODORO SAMPAIO,2020–2024,21,111243,18.92140819710584,18.09463494074007,18.877592297942343,2.989593082120281
SP,355440,TERRA ROXA,2001–2005,3,39857,7.551348849001616,12.430080795525171,7.526908698597486,2.143226892372635
SP,355440,TERRA ROXA,2006–2010,3,41748,7.187147849086384,0.0,7.185972980741592,2.102422077397966
SP,355440,TERRA ROXA,2011–2015,4,41755,9.55150686485479,11.974613818704347,9.579691054963478,2.3589362251496864
SP,355440,TERRA ROXA,2016–2019,6,32497,18.407628525020975,24.468053691602634,18.463242760870234,2.968527700124656
SP,355440,TERRA ROXA,2020–2024,6,39786,15.0775439006488,12.651821862348179,15.080681646810435,2.7776186538231467
SP,355450,TIETE,2001–2005,17,165877,10.306685250363548,9.31995402156016,10.248557666222563,2.4202399129842687
SP,355450,TIETE,2006–2010,34,178778,19.15197140862635,19.581515049792998,19.017999977625884,2.996631867679127
SP,355450,TIETE,2011–2015,33,185202,17.811479071944525,16.198704103671705,17.818382090906145,2.934834162922288
SP,355450,TIETE,2016–2019,30,149402,20.078901591765668,20.069078025551242,20.08005247587047,3.0483272130377324
SP,355450,TIETE,2020–2024,58,189643,30.679117276767034,34.64449419038482,30.583781104496342,3.4526437326449986
SP,355460,TIMBURI,2001–2005,1,13526,7.44047619047619,0.0,7.393168712110009,2.1274181264249306
SP,355460,TIMBURI,2006–2010,1,13314,7.487832272557095,0.0,7.510890791647889,2.1413466129764633
SP,355460,TIMBURI,2011–2015,2,12997,15.389693138576803,0.0,15.38816649996153,2.796559519503744
SP,355460,TIMBURI,2016–2019,3,10122,29.668653688810465,19.936204146730464,29.638411381149968,3.4222544956545473
SP,355460,TIMBURI,2020–2024,4,12403,32.19979555171068,0.0,32.25026203337902,3.504062647773939
SP,355465,TORRE DE PEDRA,2001–2005,0,10882,0.0,0.0,0.0,0.0
SP,355465,TORRE DE PEDRA,2006–2010,3,11158,26.98085552247943,0.0,26.88653880623768,3.3281440923331966
SP,355465,TORRE DE PEDRA,2011–2015,1,11001,9.237875288683602,0.0,9.09008271975275,2.311553032523464
SP,355465,TORRE DE PEDRA,2016–2019,2,8486,23.28830926874709,0.0,23.568230025925054,3.201454145921337
SP,355465,TORRE DE PEDRA,2020–2024,2,10305,19.550342130987293,0.0,19.40805434255216,3.0159296436423233
SP,355470,TORRINHA,2001–2005,2,44911,4.501969611705121,0.0,4.453251987263699,1.6962121256343
SP,355470,TORRINHA,2006–2010,3,46147,6.52478373006789,0.0,6.50096430970594,2.0150315869047146
SP,355470,TORRINHA,2011–2015,4,46656,8.572653236176597,0.0,8.573388203017831,2.2589871870084934
SP,355470,TORRINHA,2016–2019,3,37332,8.036288326811992,5.357908272610373,8.036001285760205,2.2012167408988197
SP,355470,TORRINHA,2020–2024,4,46897,8.502538208507413,10.54407423028258,8.529330234343348,2.2543744354842405
SP,355475,TRABIJU,2001–2005,3,7137,41.73298843356997,68.4931506849315,42.034468263976464,3.762001382128193
SP,355475,TRABIJU,2006–2010,2,7550,26.493424235605495,0.0,26.490066225165563,3.3138247112381145
SP,355475,TRABIJU,2011–2015,1,7887,12.77139208173691,0.0,12.679092177000127,2.615868548661994
SP,355475,TRABIJU,2016–2019,3,6516,45.8824288652025,60.957710472241104,46.04051565377532,3.8510092655578254
SP,355475,TRABIJU,2020–2024,4,8429,47.43652514513534,0.0,47.45521414165381,3.880639951569046
SP,355480,TREMEMBE,2001–2005,34,182884,18.661742277116343,21.877649246588454,18.59101944401916,2.9750712696029353
SP,355480,TREMEMBE,2006–2010,264,198404,133.27808384701,125.00325529310658,133.06183343077763,4.89830113703186
SP,355480,TREMEMBE,2011–2015,250,216689,115.19130754285504,113.10389400549363,115.37272311930924,4.756798170373045
SP,355480,TREMEMBE,2016–2019,378,188379,201.16638539014664,193.81413227470853,200.6593091586642,5.306579685186437
SP,355480,TREMEMBE,2020–2024,448,255924,175.06045947696182,178.4483108245123,175.05196855316422,5.170779227323063
SP,355490,TRES FRONTEIRAS,2001–2005,1,26191,3.857280617164899,0.0,3.818105456072697,1.5723807918885297
SP,355490,TRES FRONTEIRAS,2006–2010,6,26862,22.394542183705738,18.615040953090098,22.336385972749607,3.1500137722276453
SP,355490,TRES FRONTEIRAS,2011–2015,4,28723,14.066017745194483,17.41250217656277,13.926121923197439,2.7031128271869846
SP,355490,TRES FRONTEIRAS,2016–2019,3,25009,12.039364559921749,15.850985167235303,11.99568155464033,2.5646171141702565
SP,355490,TRES FRONTEIRAS,2020–2024,3,33954,8.785745152338714,0.0,8.835483300936561,2.2859965915524634
SP,355495,TUIUTI,2001–2005,1,26159,3.689356207341819,0.0,3.8227761000038223,1.5733497166220958
SP,355495,TUIUTI,2006–2010,0,28614,0.0,0.0,0.0,0.0
SP,355495,TUIUTI,2011–2015,2,30661,6.5242211710977,0.0,6.522944457127947,2.0179576114759854
SP,355495,TUIUTI,2016–2019,3,25789,11.656647850505458,15.42686036978063,11.632866726123542,2.536301888130536
SP,355495,TUIUTI,2020–2024,2,33919,5.829204313611193,0.0,5.896400247648811,1.930999572229426
SP,355500,TUPA,2001–2005,135,316879,42.60675602972985,47.346990309649314,42.60301250635101,3.775126242150458
SP,355500,TUPA,2006–2010,161,317237,50.75198421416464,47.30443557924281,50.750700580323226,3.9464379698378673
SP,355500,TUPA,2011–2015,128,317944,40.257958536770374,39.314975860604825,40.258661902725,3.7198610762574225
SP,355500,TUPA,2016–2019,63,255033,24.707904956989182,23.52226163665861,24.702685534813142,3.2465954819599188
SP,355500,TUPA,2020–2024,73,321754,22.677562748967,20.35958153229343,22.688140629176328,3.1649745275081256
SP,355510,TUPI PAULISTA,2001–2005,24,67872,35.28043712336148,29.89313205291084,35.36067892503536,3.5934879414406558
SP,355510,TUPI PAULISTA,2006–2010,57,70338,80.92323883463457,84.09839512229308,81.03727714748784,4.407173743324877
SP,355510,TUPI PAULISTA,2011–2015,122,73255,165.93021619945466,187.8060232074586,166.54153300116033,5.121231278744446
SP,355510,TUPI PAULISTA,2016–2019,236,60963,387.211254781616,387.75527462582875,387.1200564276693,5.96131471554426
SP,355510,TUPI PAULISTA,2020–2024,150,79382,189.03854419529725,170.3040242210168,188.95971378902019,5.24681201698901
SP,355520,TURIUBA,2001–2005,0,9526,0.0,0.0,0.0,0.0
SP,355520,TURIUBA,2006–2010,1,9614,10.384215991692626,0.0,10.401497815685458,2.433744734110719
SP,355520,TURIUBA,2011–2015,1,9507,10.465724751439037,0.0,10.518565267697486,2.443960104777062
SP,355520,TURIUBA,2016–2019,0,7437,0.0,0.0,0.0,0.0
SP,355520,TURIUBA,2020–2024,0,9148,0.0,0.0,0.0,0.0
SP,355530,TURMALINA,2001–2005,0,11214,0.0,0.0,0.0,0.0
SP,355530,TURMALINA,2006–2010,0,10254,0.0,0.0,0.0,0.0
SP,355530,TURMALINA,2011–2015,2,9481,21.108282204321274,0.0,21.09482122139015,3.095343247189486
SP,355530,TURMALINA,2016–2019,0,7115,0.0,0.0,0.0,0.0
SP,355530,TURMALINA,2020–2024,4,8421,47.4208441216691,59.06674542232723,47.50029687685548,3.881569919096981
SP,355535,UBARANA,2001–2005,1,22590,4.633920296570899,0.0,4.426737494466578,1.6913381236269909
SP,355535,UBARANA,2006–2010,6,25290,23.304275003050932,19.338619222587507,23.724792408066428,3.2078064814398153
SP,355535,UBARANA,2011–2015,8,26540,30.148266942591356,37.58691975192633,30.143180105501127,3.4385952840401317
SP,355535,UBARANA,2016–2019,7,21346,32.790022046208925,37.43216602142944,32.793029138948754,3.52025454272625
SP,355535,UBARANA,2020–2024,0,26942,0.0,0.0,0.0,0.0
SP,355540,UBATUBA,2001–2005,179,351292,50.992341878158605,52.677287546804486,50.954761281213344,3.950373364571955
SP,355540,UBATUBA,2006–2010,211,381371,55.48974361558161,51.60158416863398,55.326702869384405,4.031168718784239
SP,355540,UBATUBA,2011–2015,210,410723,51.064597355098165,50.61478445508863,51.12934995118364,3.953728128937901
SP,355540,UBATUBA,2016–2019,173,349588,49.354623847421834,49.16844885394954,49.48682449054315,3.9217124010633175
SP,355540,UBATUBA,2020–2024,414,466511,88.61309027685655,85.92310399801238,88.7438881398295,4.496959926329002
SP,355550,UBIRAJARA,2001–2005,0,21178,0.0,0.0,0.0,0.0
SP,355550,UBIRAJARA,2006–2010,1,21858,4.51773209848656,0.0,4.574983987556044,1.718289445154801
SP,355550,UBIRAJARA,2011–2015,0,22972,0.0,0.0,0.0,0.0
SP,355550,UBIRAJARA,2016–2019,3,19423,15.290004101615772,10.109179134654266,15.44560572517119,2.8000583123571046
SP,355550,UBIRAJARA,2020–2024,3,25671,11.836449363349947,0.0,11.68633867009466,2.5405257192210158
SP,355560,UCHOA,2001–2005,3,45820,6.547455337936093,10.86130118388183,6.547359231776516,2.0211977314512937
SP,355560,UCHOA,2006–2010,5,46911,10.688842015025012,0.0,10.658480953294536,2.456033893987219
SP,355560,UCHOA,2011–2015,8,48472,16.490588544233777,10.476689366160294,16.50437365901964,2.8624507730763757
SP,355560,UCHOA,2016–2019,10,40153,24.906778494132176,24.77204884447086,24.904739371902473,3.254425939297494
SP,355560,UCHOA,2020–2024,13,52079,24.83610569662155,19.54270080125073,24.962076844793486,3.2566368903614027
SP,355570,UNIAO PAULISTA,2001–2005,0,7118,0.0,0.0,0.0,0.0
SP,355570,UNIAO PAULISTA,2006–2010,1,7736,12.507817385866165,0.0,12.926577042399174,2.6337990319967477
SP,355570,UNIAO PAULISTA,2011–2015,4,8000,50.01563477173234,62.5,50.0,3.9318256327243257
SP,355570,UNIAO PAULISTA,2016–2019,1,6406,15.61524047470331,0.0,15.610365282547612,2.81002691510811
SP,355570,UNIAO PAULISTA,2020–2024,0,8051,0.0,0.0,0.0,0.0
SP,355580,URANIA,2001–2005,6,44140,13.593626254827011,11.328877308258752,13.593112822836428,2.6805496929540453
SP,355580,URANIA,2006–2010,6,44170,13.582086818880834,11.319900384876613,13.583880461851935,2.679916840815887
SP,355580,URANIA,2011–2015,10,44176,22.637238256932655,22.637238256932655,22.636725823976818,3.1628016814218523
SP,355580,URANIA,2016–2019,14,35336,39.61965134706814,45.27960153950645,39.61965134706815,3.7042519728329832
SP,355580,URANIA,2020–2024,10,44375,22.535826025919654,22.642363862787278,22.535211267605636,3.1584976515540784
SP,355590,URU,2001–2005,1,6782,14.914243102162564,0.0,14.74491300501327,2.7565173292924565
SP,355590,URU,2006–2010,1,6402,15.444015444015443,0.0,15.620118712902217,2.8106139321756927
SP,355590,URU,2011–2015,1,6420,15.710919088766692,0.0,15.576323987538942,2.8079754114663533
SP,355590,URU,2016–2019,2,5338,37.47366032717356,36.98224852071006,37.467216185837394,3.6498063508975442
SP,355590,URU,2020–2024,1,6947,14.255167498218105,0.0,14.394702749388227,2.734023472933365
SP,355600,URUPES,2001–2005,3,60457,4.974562613757458,8.211528986697324,4.962204542071224,1.7854403022942271
SP,355600,URUPES,2006–2010,3,62667,4.787525955554902,7.922047056959519,4.787208578677773,1.755650064568374
SP,355600,URUPES,2011–2015,2,64822,3.1056000209475196,0.0,3.0853722501619822,1.4074128502708787
SP,355600,URUPES,2016–2019,5,53395,9.322196714535192,7.51597143930853,9.364172675344133,2.338354923632483
SP,355600,URUPES,2020–2024,6,68894,8.738576208816921,7.123521869212138,8.709031265422242,2.2730565106343668
SP,355610,VALENTIM GENTIL,2001–2005,2,46389,4.319394154196578,0.0,4.311366918881631,1.6698492256442967
SP,355610,VALENTIM GENTIL,2006–2010,7,52534,13.437277671543825,10.009008107296566,13.324704001218258,2.6619855992960977
SP,355610,VALENTIM GENTIL,2011–2015,0,58689,0.0,0.0,0.0,0.0
SP,355610,VALENTIM GENTIL,2016–2019,4,51458,7.776359241225175,3.770454716838851,7.77332970577947,2.171716404313937
SP,355610,VALENTIM GENTIL,2020–2024,11,70289,15.583119137904044,14.777597162701344,15.649674913571115,2.8123906915253998
SP,355620,VALINHOS,2001–2005,86,447782,19.23153315012777,19.610620240339045,19.20577423835706,3.0059684169428773
SP,355620,VALINHOS,2006–2010,68,508005,13.402132782802756,13.466199838405602,13.385695022686786,2.6662343116296525
SP,355620,VALINHOS,2011–2015,76,557027,13.673970183038369,14.364849213973407,13.643862864816247,2.684021330615415
SP,355620,VALINHOS,2016–2019,48,474625,10.080212950245514,9.650846028300517,10.113247300500394,2.40813784721789
SP,355620,VALINHOS,2020–2024,90,633942,14.135903943384184,15.234961188936373,14.196882364632726,2.7210902992248402
SP,355630,VALPARAISO,2001–2005,28,98506,28.230958629943633,21.119324181626187,28.42466448744239,3.3818332507854083
SP,355630,VALPARAISO,2006–2010,187,108601,172.3210216559377,175.01842299189389,172.18994300236645,5.154388928636252
SP,355630,VALPARAISO,2011–2015,170,114909,148.0569098150135,161.9610418034581,147.94315501831886,5.003564723207857
SP,355630,VALPARAISO,2016–2019,247,94414,261.7722218868341,216.71996130660605,261.61374372444766,5.570684297606726
SP,355630,VALPARAISO,2020–2024,192,121498,158.24160160597447,158.63076601962013,158.02729263033135,5.069075839252844
SP,355635,VARGEM,2001–2005,4,37415,10.82836854697095,0.0,10.690899371909662,2.458810707675147
SP,355635,VARGEM,2006–2010,2,42028,4.930723741639921,0.0,4.75873227372228,1.7507173591164806
SP,355635,VARGEM,2011–2015,0,46013,0.0,0.0,0.0,0.0
SP,355635,VARGEM,2016–2019,2,39344,5.0464271295922485,0.0,5.08336722244815,1.8055583621582683
SP,355635,VARGEM,2020–2024,6,52537,11.369395083817935,9.799118079372857,11.42052267925462,2.519350159295735
SP,355640,VARGEM GRANDE DO SUL,2001–2005,39,185846,20.97482692612161,19.13195583251339,20.9851167095337,3.0903657112169864
SP,355640,VARGEM GRANDE DO SUL,2006–2010,46,193283,23.826310399878043,20.69643503906452,23.79929947279378,3.210815405707214
SP,355640,VARGEM GRANDE DO SUL,2011–2015,32,197406,16.219590781024436,12.664319546110788,16.21024690232313,2.8455049565658106
SP,355640,VARGEM GRANDE DO SUL,2016–2019,25,159222,15.698582603080377,16.31925144085352,15.70134780369547,2.8154894229742022
SP,355640,VARGEM GRANDE DO SUL,2020–2024,29,202082,14.335090027825796,10.003251056593392,14.350610148355619,2.7311552223217745
SP,355645,VARGEM GRANDE PAULISTA,2001–2005,94,177564,53.071737277006186,52.134623182529104,52.9386587371314,3.9878474515724536
SP,355645,VARGEM GRANDE PAULISTA,2006–2010,38,203663,19.06802794559622,14.342400917913658,18.658273716875424,2.9784983039907003
SP,355645,VARGEM GRANDE PAULISTA,2011–2015,66,223751,29.464447403823584,22.648517654519512,29.497074873408387,3.417630773224223
SP,355645,VARGEM GRANDE PAULISTA,2016–2019,53,189996,27.835463447831913,26.650017469674722,27.89532411208657,3.3636797865985635
SP,355645,VARGEM GRANDE PAULISTA,2020–2024,87,252616,34.16000539302347,25.785976395913917,34.43962377679957,3.5678305099017393
SP,355650,VARZEA PAULISTA,2001–2005,99,484469,20.439641629434036,19.120661999808796,20.434744018709143,3.0650131577677215
SP,355650,VARZEA PAULISTA,2006–2010,121,520432,23.26312242297994,20.840043195725897,23.249915454852893,3.1884131309795958
SP,355650,VARZEA PAULISTA,2011–2015,132,546004,24.196648309759535,24.121647322961024,24.17564706485667,3.225877140949856
SP,355650,VARZEA PAULISTA,2016–2019,126,449754,28.015215632152987,26.074668379138085,28.015315038887923,3.367823795377454
SP,355650,VARZEA PAULISTA,2020–2024,172,582303,29.47106925649418,30.942664079748443,29.537886632904176,3.4189680974256644
SP,355660,VERA CRUZ,2001–2005,10,54947,18.220870981571803,9.125752874612155,18.199355742806702,2.954876723408601
SP,355660,VERA CRUZ,2006–2010,7,54157,12.88830756573617,9.205560158335635,12.92538360692062,2.6337133335072007
SP,355660,VERA CRUZ,2011–2015,15,53090,28.281645123746756,27.99029669714499,28.2539084573366,3.376013187224224
SP,355660,VERA CRUZ,2016–2019,11,41578,26.428635061719824,24.018368417363945,26.45629900428111,3.312595613553694
SP,355660,VERA CRUZ,2020–2024,12,51202,23.427887948479032,19.561815336463223,23.436584508417642,3.1960813744727
SP,355670,VINHEDO,2001–2005,31,258388,11.958783589670317,12.773023374632777,11.997461182407852,2.564754044728312
SP,355670,VINHEDO,2006–2010,45,299915,15.078129879298558,12.576441181556648,15.004251204507943,2.7728543872294593
SP,355670,VINHEDO,2011–2015,52,333192,15.636860326074668,14.780218156019984,15.606617205695215,2.8098012427810324
SP,355670,VINHEDO,2016–2019,64,285680,22.24284402980676,16.219987268560768,22.40268832259871,3.1528509013459542
SP,355670,VINHEDO,2020–2024,119,383236,31.164145182846134,31.55171325802991,31.05136260685322,3.4673396974973625
SP,355680,VIRADOURO,2001–2005,4,81761,4.932278636788932,6.06685676151186,4.892308068639082,1.7736477831532584
SP,355680,VIRADOURO,2006–2010,14,85112,16.450420574107916,17.767249037607343,16.448914371651473,2.8592774330541446
SP,355680,VIRADOURO,2011–2015,5,86631,5.772274024422793,5.7683433317951085,5.771606007087533,1.9127382828807373
SP,355680,VIRADOURO,2016–2019,17,69480,24.462923149799607,28.768702035782933,24.467472654001153,3.2374020557208776
SP,355680,VIRADOURO,2020–2024,20,87440,22.864386113755167,22.970024118525323,22.872827081427264,3.1727408699286834
SP,355690,VISTA ALEGRE DO ALTO,2001–2005,4,26601,15.50079644339635,18.13894431344096,15.037028683132213,2.7749003410847912
SP,355690,VISTA ALEGRE DO ALTO,2006–2010,3,32016,9.64071863902596,0.0,9.37031484257871,2.3389473826849607
SP,355690,VISTA ALEGRE DO ALTO,2011–2015,4,35872,11.268515789690118,13.751375137513751,11.150758251561106,2.4973915753751816
SP,355690,VISTA ALEGRE DO ALTO,2016–2019,3,30511,9.900990099009901,0.0,9.832519419225852,2.3825526673121438
SP,355690,VISTA ALEGRE DO ALTO,2020–2024,4,40543,9.967332980378867,0.0,9.866068125200405,2.3856449176845356
SP,355695,VITORIA BRASIL,2001–2005,2,8467,23.536678510022302,0.0,23.62111727884729,3.2036045006708678
SP,355695,VITORIA BRASIL,2006–2010,4,8622,46.47923484700536,57.57052389176742,46.39294827186268,3.8584734469977735
SP,355695,VITORIA BRASIL,2011–2015,3,8756,34.31929593286353,0.0,34.26222019186844,3.562812141291129
SP,355695,VITORIA BRASIL,2016–2019,1,7090,14.164305949008497,0.0,14.104372355430183,2.7149842618687474
SP,355695,VITORIA BRASIL,2020–2024,3,9003,33.40875810658188,55.24861878453039,33.32222592469177,3.53579313046214
SP,355700,VOTORANTIM,2001–2005,178,498186,35.70510430853837,36.136959074893845,35.7296270870719,3.603583706964133
SP,355700,VOTORANTIM,2006–2010,175,530588,32.97617313594132,32.98743649918474,32.98227626708482,3.5258391024370304
SP,355700,VOTORANTIM,2011–2015,168,566611,29.731788283594643,31.310384312602874,29.64997149720002,3.4226317324372535
SP,355700,VOTORANTIM,2016–2019,159,481617,33.03943817400325,33.62735390710643,33.013784812413185,3.526765878108544
SP,355700,VOTORANTIM,2020–2024,251,641863,38.97476582099034,39.61682605836351,39.104918027678806,3.6914989708741186
SP,355710,VOTUPORANGA,2001–2005,122,391299,31.214697687515645,32.85358672715096,31.17820387989747,3.471289325211551
SP,355710,VOTUPORANGA,2006–2010,132,414048,31.847547757674818,28.660138524002868,31.880361697194527,3.4928755706504218
SP,355710,VOTUPORANGA,2011–2015,98,437710,22.452445800524078,23.991500154231073,22.38925315848393,3.152276650136933
SP,355710,VOTUPORANGA,2016–2019,84,367908,22.81459215985819,26.345326429974264,22.83179490524805,3.1710206095182962
SP,355710,VOTUPORANGA,2020–2024,120,485285,24.693566441366468,25.387959760083778,24.727737309003988,3.247569682628976
SP,355715,ZACARIAS,2001–2005,0,10284,0.0,0.0,0.0,0.0
SP,355715,ZACARIAS,2006–2010,2,11262,17.76787868136619,0.0,17.75883502042266,2.9316648425252563
SP,355715,ZACARIAS,2011–2015,0,12100,0.0,0.0,0.0,0.0
SP,355715,ZACARIAS,2016–2019,2,10209,19.708316909735906,0.0,19.590557351356647,3.0248325897047446
SP,355715,ZACARIAS,2020–2024,2,13468,14.673172768873178,0.0,14.85001485001485,2.763170437232305
SP,355720,CHAVANTES,2001–2005,21,60850,34.51652624330714,32.82455276546857,34.511092851273624,3.5698451223550878
SP,355720,CHAVANTES,2006–2010,22,60650,36.26177217642929,32.97609233305853,36.27370156636439,3.618288026143736
SP,355720,CHAVANTES,2011–2015,8,60690,13.182840009360234,16.45548790521639,13.181743285549512,2.6519554532900713
SP,355720,CHAVANTES,2016–2019,8,48698,16.427789156113548,16.427781619330336,16.427779374922995,2.8580654489441164
SP,355720,CHAVANTES,2020–2024,8,61331,13.01131381813929,16.11473692691967,13.043974499029856,2.6421934425134417
SP,355730,ESTIVA GERBI,2001–2005,2,45991,4.404773809712026,0.0,4.348676915048597,1.67684922472445
SP,355730,ESTIVA GERBI,2006–2010,1,48979,2.016535591853196,0.0,2.0416913371036567,1.1124137215961525
SP,355730,ESTIVA GERBI,2011–2015,2,51720,3.886418554005727,0.0,3.8669760247486464,1.5824728047550762
SP,355730,ESTIVA GERBI,2016–2019,4,43237,9.16235851874034,4.648568240981778,9.251335661586142,2.3274080055424373
SP,355730,ESTIVA GERBI,2020–2024,5,56552,8.76401991177751,8.853474988933156,8.841420285754705,2.286600038631639
