estado,cod_mun6,municipio,casos_acumulados,pop_pessoa_ano,pop_media,incidencia_media_anual,incidencia_mediana_anual,incidencia_max_anual,anos_com_casos,anos_zero,incidencia_periodo_100mil_pessoa_ano,log_casos_acumulados_mais1,log_inc_periodo_mais1
RJ,330010,ANGRA DOS REIS,2661,3827302,159470.91666666666,70.32065769569473,69.08778598949047,110.9168043006574,24,0,69.52678414193602,7.8868329989550565,4.255992554574962
RJ,330015,APERIBE,74,242299,10095.791666666666,30.77852776848935,29.093617510604606,66.30566913471102,24,0,30.540778129501152,4.31748811353631,3.4512812524259076
RJ,330020,ARARUAMA,1159,2709360,112890.0,43.103813707372744,41.81202905914432,61.636186967934684,24,0,42.777630141435615,7.05617528410041,3.779122959552273
RJ,330022,AREAL,78,271160,11298.333333333334,29.7130373313273,21.136109280849947,119.49810794662419,21,3,28.76530461720018,4.3694478524670215,3.393343440626568
RJ,330023,ARMACAO DOS BUZIOS,417,721104,30046.0,60.40668768027948,53.70221860533242,106.71323244082265,24,0,57.82799707115756,6.035481432524756,4.074617882251529
RJ,330025,ARRAIAL DO CABO,437,677602,28233.416666666668,64.00370916431046,64.7260618365768,109.68253001035889,24,0,64.49213550137101,6.082218910376446,4.181930066751026
RJ,330030,BARRA DO PIRAI,754,2238328,93263.66666666667,33.73805504380989,33.59924661999037,51.62101199627431,24,0,33.685858372856885,6.626717749249025,3.546332064198824
RJ,330040,BARRA MANSA,1467,4185415,174392.29166666666,35.04642801237562,36.72496781315343,50.503021572824785,24,0,35.05028772535101,7.291656209174461,3.58491484498485
RJ,330045,BELFORD ROXO,7931,11274046,469751.9166666667,70.74959238247278,67.14329593893552,105.11163927292203,24,0,70.34741564829521,8.978660489639687,4.2675611225001475
RJ,330050,BOM JARDIM,144,621399,25891.625,23.51249579856763,22.650966606444683,42.69125683060109,24,0,23.173516532855704,4.976733742420574,3.185257675769072
RJ,330060,BOM JESUS DO ITABAPOANA,510,842855,35118.958333333336,60.81256777594942,55.32421822062565,147.73188111928624,24,0,60.50862841176715,6.236369590203704,4.119177464349763
RJ,330070,CABO FRIO,2862,4506793,187783.04166666666,64.01833146475651,63.025834078668396,83.84496794958483,24,0,63.504136977225265,7.959625305098115,4.166729360926684
RJ,330080,CACHOEIRAS DE MACACU,428,1303167,54298.625,32.70804698033145,33.00126690876828,65.08632502055357,23,1,32.84306616112901,6.061456918928017,3.521734138231777
RJ,330090,CAMBUCI,99,354021,14750.875,27.959909955844367,27.11226300786094,60.84369929691726,24,0,27.96444278729228,4.605170185988092,3.366068966914634
RJ,330093,CARAPEBUS,49,11088911,462037.9583333333,0.43696198741236597,0.4179665551156677,1.253892290652233,19,5,0.44188288642590784,3.912023005428146,0.36594981949375466
RJ,330095,COMENDADOR LEVY GASPARIAN,87,473095,19712.291666666668,18.35879440269554,15.342142488065235,50.426100549644495,23,1,18.389541212652848,4.477336814478207,2.9647338079459
RJ,330100,CAMPOS DOS GOYTACAZES,6999,11044343,460180.9583333333,62.481171645159236,56.7647516226327,110.96010425460155,24,0,63.371809441267814,8.85366542803745,4.164675795678266
RJ,330110,CANTAGALO,174,306082,12753.416666666666,56.69602243161062,43.05144062274768,133.97430845614312,23,1,56.847511451179756,5.1647859739235145,4.057810435448725
RJ,330115,CARDOSO MOREIRA,53,407334,16972.25,13.258277140861232,11.569903713088074,38.73216706474727,19,5,13.011435333166395,3.9889840465642745,2.639873805719796
RJ,330120,CARMO,174,876302,36512.583333333336,20.978525845217373,20.10313619121945,54.93211959507181,24,0,19.856168307273062,5.1647859739235145,3.0376497465676193
RJ,330130,CASIMIRO DE ABREU,273,200352,8348.0,136.43249249570965,110.05844194666984,401.2539184952978,24,0,136.26018207954002,5.6131281063880705,4.921878264009844
RJ,330140,CONCEICAO DE MACABU,208,497976,20749.0,42.256976270458196,33.382254232366876,126.23606143488324,24,0,41.76908124086302,5.342334251964811,3.755815440616062
RJ,330150,CORDEIRO,156,485936,20247.333333333332,32.28879433536194,28.608626284563634,73.86693399461826,24,0,32.10299298673076,5.056245805348308,3.4996237008549858
RJ,330160,DUAS BARRAS,85,260596,10858.166666666666,32.726869545178864,32.704025758372644,65.86375611592021,21,3,32.6175382584537,4.454347296253507,3.5150479027669603
RJ,330170,DUQUE DE CAXIAS,22001,19841999,826749.9583333334,110.97354471982958,114.59413589514787,149.53963247219278,24,0,110.88096516888243,9.99888863729938,4.717435495118879
RJ,330180,ENGENHEIRO PAULO DE FRONTIN,138,304851,12702.125,44.99167285465435,39.15545488090233,159.68367424530453,24,0,45.26801617839535,4.9344739331306915,3.83445092710015
RJ,330185,GUAPIMIRIM,609,1177019,49042.458333333336,51.97868088254962,49.53151065468954,79.32769776147153,24,0,51.74088098832729,6.413458957167357,3.9653908851528463
RJ,330187,IGUABA GRANDE,220,555456,23144.0,40.09264843600638,41.78221719906381,69.58942240779402,24,0,39.60709759188847,5.3981627015177525,3.703942868863081
RJ,330190,ITABORAI,3552,5167694,215320.58333333334,69.0874757559141,65.3612385085187,100.9061770408769,24,0,68.73471997374457,8.175547596021026,4.244698328225691
RJ,330200,ITAGUAI,1730,2565981,106915.875,68.13324219703065,65.0694080527287,103.10866705381797,24,0,67.42060833653873,7.456454555176209,4.225674070719209
RJ,330205,ITALVA,109,331644,13818.5,33.281971677403874,29.541877058862166,69.78367062107466,24,0,32.86656776543522,4.700480365792417,3.5224283261600555
RJ,330210,ITAOCARA,135,551300,22970.833333333332,24.463500697211696,21.83167785808535,52.38573361854454,24,0,24.487574823145295,4.912654885736052,3.238191071576315
RJ,330220,ITAPERUNA,1382,2311651,96318.79166666667,60.0896779016158,56.77385367291709,90.42408897730355,24,0,59.78411100983669,7.232010331664759,4.1073284227438895
RJ,330225,ITATIAIA,269,692697,28862.375,38.21962256809923,35.30273463780253,83.81667616588997,24,0,38.83371806143234,5.598421958998375,3.6847137411028132
RJ,330227,JAPERI,2727,2251014,93792.25,121.15914690880906,104.02584702980053,288.7316361785634,24,0,121.14540380468534,7.911324018963353,4.805212169527013
RJ,330230,LAJE DO MURIAE,95,180652,7527.166666666667,52.65255743635834,54.01791133271707,108.68088574921885,22,2,52.587294909549854,4.564348191467836,3.9813120047098645
RJ,330240,MACAE,2825,4957226,206551.08333333334,57.89335315330893,56.41701550182758,75.96999875685457,24,0,56.98751680879589,7.946617563244473,4.060227759947118
RJ,330245,MACUCO,51,126225,5259.375,40.123691880212355,37.48599676182253,124.95537308104248,18,6,40.4040404040404,3.9512437185814275,3.7233784703697475
RJ,330250,MAGE,4510,5387978,224499.08333333334,83.71028919423229,84.80552244248196,127.38488256834137,24,0,83.70487036138604,8.414274137408396,4.439173101319937
RJ,330260,MANGARATIBA,514,862878,35953.25,60.07879522579564,60.09685341702925,115.96892032935175,24,0,59.56809653276593,6.244166900663736,4.103768294591275
RJ,330270,MARICA,1680,3395562,141481.75,52.29712413138253,49.29517213741292,92.8879189748755,24,0,49.47634588913411,7.427144133408616,3.921504828313626
RJ,330280,MENDES,224,424639,17693.291666666668,52.830585623295725,61.68355907485233,121.01653892698668,24,0,52.75068940912163,5.41610040220442,3.9843564931417332
RJ,330285,MESQUITA,3155,4038670,168277.91666666666,78.00610383446785,80.6221063439064,114.81124911051181,23,1,78.11977705531771,8.057060681965766,4.37096286950611
RJ,330290,MIGUEL PEREIRA,206,606732,25280.5,34.509007550515406,25.233534084044923,87.05745792222866,22,2,33.95238754507756,5.332718793265369,3.5539867795104603
RJ,330300,MIRACEMA,312,647839,26993.291666666668,48.14652533019635,46.95029440786071,100.42027745750734,24,0,48.16011385544865,5.746203190540153,3.895082600713229
RJ,330310,NATIVIDADE,99,362807,15116.958333333334,27.29133151748915,26.499739637358843,72.89112716188457,24,0,27.287235362051998,4.605170185988092,3.342410655619456
RJ,330320,NILOPOLIS,3747,3683170,153465.41666666666,101.41503807685694,92.17262506664017,176.11105355847923,24,0,101.7330180252337,8.228977643358313,4.632133565023388
RJ,330330,NITEROI,12962,11576382,482349.25,112.49284674193693,100.8548192858137,198.18775043921522,24,0,111.96935277360406,9.469854424600042,4.727116567534181
RJ,330340,NOVA FRIBURGO,1256,4417187,184049.45833333334,28.31924363632694,28.599445045518205,39.48636141076872,24,0,28.43438595649222,7.136483208590247,3.3821635812635558
RJ,330350,NOVA IGUACU,18868,18916375,788182.2916666666,99.86404630762031,94.15970456534751,165.3574767556705,24,0,99.74426918476716,9.845275642787714,4.612585317668204
RJ,330360,PARACAMBI,1190,1053975,43915.625,111.61883362059201,113.61499195368965,244.0370087428911,24,0,112.9059038402239,7.0825485693553,4.735372702649982
RJ,330370,PARAIBA DO SUL,347,981105,40879.375,35.07796660004518,33.02243482821881,62.95105555430652,23,1,35.368283720906526,5.8522024797744745,3.5936970684685194
RJ,330380,PARATY,584,930993,38791.375,60.679815452244036,62.0603297533387,103.88347368653714,24,0,62.7287208389322,6.371611847231857,4.154635337556152
RJ,330385,PATY DO ALFERES,176,656070,27336.25,27.01133256037558,24.164225611902722,51.85480654168328,24,0,26.826405718901945,5.176149732573829,3.3259854158819926
RJ,330390,PETROPOLIS,3073,6937695,289070.625,44.346320139558536,41.32433111849929,77.92361398589722,24,0,44.29425046791477,8.03073492409854,3.8131801031957218
RJ,330395,PINHEIRAL,258,544785,22699.375,47.79099704698546,43.89272225663083,93.61542782250515,24,0,47.35813210716154,5.556828061699537,3.8786344002521163
RJ,330400,PIRAI,343,624241,26010.041666666668,55.03367054762387,54.23795267865497,114.10135347812401,24,0,54.946727305639975,5.840641657373398,4.024399939850357
RJ,330410,PORCIUNCULA,188,414732,17280.5,45.587049811862386,34.79798045982483,118.51015801354401,24,0,45.330478477667505,5.241747015059643,3.8358000269743537
RJ,330411,PORTO REAL,148,409240,17051.666666666668,36.05786942571501,32.62021831598687,65.57377049180327,24,0,36.16459779102727,5.003946305945459,3.6153566358673106
RJ,330412,QUATIS,117,305669,12736.208333333334,39.129367374373594,34.15150080228502,147.67199444058375,24,0,38.2766979968528,4.770684624465665,3.6706314167361764
RJ,330414,QUEIMADOS,2636,3272183,136340.95833333334,81.26755607305833,78.40995382991116,139.9641691726918,23,1,80.55784166105624,7.877397186353287,4.401312482151785
RJ,330415,QUISSAMA,142,473321,19721.708333333332,30.537208793524716,27.3660035908949,65.0110518788194,24,0,30.000781710509358,4.962844630259907,3.4340124206352605
RJ,330420,RESENDE,1283,2899220,120800.83333333333,44.10366705427092,41.17362718785176,77.70684909620398,24,0,44.25328191720532,7.157735484249907,3.81227519607289
RJ,330430,RIO BONITO,714,1316724,54863.5,54.207597185037145,54.71314587968257,92.40173430947473,24,0,54.22548689019111,6.5722825426940075,4.011424565748821
RJ,330440,RIO CLARO,80,413363,17223.458333333332,19.37905093272435,17.224551634794093,50.92225868507412,22,2,19.353449631437744,4.394449154672439,3.013250412580916
RJ,330450,RIO DAS FLORES,32,204954,8539.75,15.730900581774618,11.955448985096641,46.72351360822334,17,7,15.61325956068191,3.4965075614664802,2.810201145232323
RJ,330452,RIO DAS OSTRAS,1448,2594835,108118.125,58.4138890008013,55.90579392704878,87.76654100093751,24,0,55.803162821528154,7.278628942320682,4.039592007654447
RJ,330455,RIO DE JANEIRO,196776,149424025,6226001.041666667,131.82125884488292,129.89395181795388,153.79684043891226,24,0,131.68966637058531,12.18982638685177,4.888013066192824
RJ,330460,SANTA MARIA MADALENA,35,248163,10340.125,14.1071002220185,14.303338631817244,47.94323520951194,14,10,14.103633498950286,3.58351893845611,2.714935343943903
RJ,330470,SANTO ANTONIO DE PADUA,424,975308,40637.833333333336,43.454819117913566,44.48805420634774,88.7423935091278,24,0,43.47344633695202,6.052089168924417,3.7948922995398475
RJ,330475,SAO FRANCISCO DE ITABAPOANA,129,973681,40570.041666666664,13.079931858559208,10.646077622545977,58.01406260877637,22,2,13.248692333526073,4.867534450455582,2.6566651364355507
RJ,330480,SAO FIDELIS,252,963479,40144.958333333336,25.802724810427375,23.913832777274656,74.06461499169966,24,0,26.15521459211877,5.53338948872752,3.301569093945688
RJ,330490,SAO GONCALO,14271,22702586,945941.0833333334,62.99463187859419,60.62154623944934,84.77435856845894,24,0,62.860680276687425,9.566054854819791,4.156703839855758
RJ,330500,SAO JOAO DA BARRA,166,797770,33240.416666666664,19.945739110985027,13.39791200962178,61.10358385802715,24,0,20.80800230642917,5.117993812416755,3.0822769807148633
RJ,330510,SAO JOAO DE MERITI,9864,10853509,452229.5416666667,90.8330166218551,89.5242349605081,104.64971777279239,24,0,90.88304989658184,9.196748418456716,4.520516571616754
RJ,330513,SAO JOSE DE UBA,35,166317,6929.875,21.139464983255717,21.325422981788222,70.72135785007072,18,6,21.04415062801758,3.58351893845611,3.0930472890595917
RJ,330515,SAO JOSE DO VALE DO RIO PRETO,100,498094,20753.916666666668,20.316159325871453,19.198760952553265,39.89428015758241,23,1,20.076531738989026,4.61512051684126,3.0481601816259043
RJ,330520,SAO PEDRO DA ALDEIA,784,2135928,88997.0,37.18006190455336,36.29786533422967,57.68792175907914,24,0,36.70535710941567,6.665683717782408,3.6298021827519333
RJ,330530,SAO SEBASTIAO DO ALTO,74,201713,8404.708333333334,36.53895539031251,29.66551725267358,117.67474699929394,22,2,36.68578624084714,4.31748811353631,3.6292830005738037
RJ,330540,SAPUCAIA,148,421513,17563.041666666668,35.08232421707657,36.95160619304319,69.64596633778294,24,0,35.11160984358727,5.003946305945459,3.5866144159513325
RJ,330550,SAQUAREMA,859,1813410,75558.75,46.646514800331204,45.169704833121145,71.34239101925196,24,0,47.369320782393395,6.756932389247553,3.8788657446108794
RJ,330555,SEROPEDICA,1009,1843055,76793.95833333333,55.51667916453528,46.08273597719328,127.3956685472694,24,0,54.74606020981468,6.917705609835305,4.020806738960817
RJ,330560,SILVA JARDIM,158,513033,21376.375,30.832325907925853,32.786117582966696,56.20345651257552,24,0,30.797239163952415,5.0689042022202315,3.459379467273531
RJ,330570,SUMIDOURO,72,357635,14901.458333333334,20.105461751038664,19.742768548845962,39.92812936713915,20,4,20.132257748822123,4.290459441148391,3.050800676313722
RJ,330575,TANGUA,289,721555,30064.791666666668,40.37022483045879,39.28449240507919,89.11663139133341,24,0,40.0523868589366,5.66988092298052,3.714848979370962
RJ,330580,TERESOPOLIS,1535,3839816,159992.33333333334,40.16695505157784,37.40190785369263,64.39420452159305,24,0,39.97587384395502,7.336936913707618,3.7129834506735113
RJ,330590,TRAJANO DE MORAES,39,246440,10268.333333333334,15.94463074691467,9.713924934275667,99.37394415184338,17,7,15.825353027105988,3.6888794541139363,2.8228868576052273
RJ,330600,TRES RIOS,1147,1847181,76965.875,61.84322361697736,59.70053973982269,103.69194531209996,24,0,62.094618773146756,7.045776576879511,4.144635484977844
RJ,330610,VALENCA,512,1671861,69660.875,30.70181906849706,27.106260800817907,50.71875724553675,24,0,30.62455551029661,6.240275845170769,3.4539338919385276
RJ,330615,VARRE-SAI,8,226554,9439.75,3.5155360599545395,0.0,20.848535390388825,6,18,3.5311669624018998,2.1972245773362196,1.5109795139140418
RJ,330620,VASSOURAS,452,811493,33812.208333333336,56.18553533548934,53.87856539664875,109.29985634876023,24,0,55.69980270932712,6.115892125483034,4.037770731174339
RJ,330630,VOLTA REDONDA,4051,6174986,257291.08333333334,65.16435713742543,64.31240750978796,110.8902685156052,24,0,65.6033876028221,8.306965865368573,4.1987554411600065
SP,350010,ADAMANTINA,129,818748,34114.5,15.749560568173175,14.840321117944594,34.820962219255996,24,0,15.755763678201353,4.867534450455582,2.8187422992733078
SP,350020,ADOLFO,17,92716,3863.1666666666665,18.07615638244288,0.0,82.01202843083652,11,13,18.335562362483284,2.8903717578961645,2.9619460098436012
SP,350030,AGUAI,211,753910,31412.916666666668,27.918917412189938,25.740797954311688,57.77183167112624,24,0,27.987425554774443,5.356586274672012,3.366862134394633
SP,350040,AGUAS DA PRATA,17,178272,7428.0,9.689377424818538,0.0,54.72704884389109,9,15,9.535989947944714,2.8903717578961645,2.354797010373015
SP,350050,AGUAS DE LINDOIA,64,415578,17315.75,15.523030829162813,11.771405070880618,60.97560975609756,22,2,15.400237741170129,4.174387269895637,2.7972958311378937
SP,350055,AGUAS DE SANTA BARBARA,21,146058,6085.75,13.52685926336518,15.136193220038868,43.566656985187336,15,9,14.377849895247092,3.091042453358316,2.7329281555561784
SP,350060,AGUAS DE SAO PEDRO,10,61706,2571.0833333333335,15.768596323085271,0.0,73.5564545788893,9,15,16.20587949308009,2.3978952727983707,2.845251156401533
SP,350070,AGUDOS,240,847637,35318.208333333336,28.215557990246293,28.957279751019353,56.964600569646,24,0,28.31400705726626,5.484796933490655,3.378065458352377
SP,350075,ALAMBARI,10,122049,5085.375,7.043709716142871,0.0,47.39336492890995,7,17,8.193430507419151,2.3978952727983707,2.2184891537012796
SP,350080,ALFREDO MARCONDES,7,97304,4054.3333333333335,6.961389655350096,0.0,50.27652086475615,5,19,7.193948861300665,2.0794415416798357,2.1033959381118756
SP,350090,ALTAIR,19,87170,3632.0833333333335,21.71402681052488,26.522073708926133,81.74386920980926,13,11,21.796489617987838,2.995732273553991,3.126606559983362
SP,350100,ALTINOPOLIS,48,384710,16029.583333333334,12.305503386964913,12.508796970380164,30.671083302662247,19,5,12.476930675053936,3.8918202981106265,2.600979384828844
SP,350110,ALTO ALEGRE,39,96987,4041.125,41.56190774887269,11.95886151638364,362.50647332988086,12,12,40.21157474713106,3.6888794541139363,3.718719157363444
SP,350115,ALUMINIO,81,401213,16717.208333333332,20.062764860943876,17.55671635356387,69.36015259233571,23,1,20.188777532133805,4.406719247264253,3.0534716798247987
SP,350120,ALVARES FLORENCE,8,95621,3984.2083333333335,8.212396617187041,0.0,51.26890540886952,6,18,8.366363037408101,2.1972245773362196,2.2371248712111043
SP,350130,ALVARES MACHADO,83,593196,24716.5,13.58683283654365,8.74477486654244,44.028618602091356,24,0,13.992002643308451,4.430816798843313,2.707516901810649
SP,350140,ALVARO DE CARVALHO,410,110580,4607.5,363.08510846395507,422.70071460730446,723.0965546575925,22,2,370.7722915536263,6.018593214496234,5.918281547372032
SP,350150,ALVINLANDIA,12,70334,2930.5833333333335,17.153192261146366,0.0,102.31923601637108,8,16,17.061449654505644,2.5649493574615367,2.893779813566234
SP,350160,AMERICANA,1198,5162859,215119.125,23.43289370857441,22.430412867954608,37.23441390705359,24,0,23.20419751924273,7.089243155027514,3.1865260693300965
SP,350170,AMERICO BRASILIENSE,839,787240,32801.666666666664,110.95845860924025,57.784648295270415,329.8216401421755,24,0,106.57486916315227,6.733401891837359,4.678187062485507
SP,350180,AMERICO DE CAMPOS,15,137984,5749.333333333333,10.904021935521188,0.0,71.36485280999108,11,13,10.87082560296846,2.772588722239781,2.474083759949117
SP,350190,AMPARO,433,1576107,65671.125,27.756231714029237,26.979632156325785,65.01950585175553,24,0,27.47275407063099,6.073044534100405,3.3489476324958067
SP,350200,ANALANDIA,8,102363,4265.125,7.5220405584917245,0.0,43.58247984310307,7,17,7.815323896329728,2.1972245773362196,2.1764915589444778
SP,350210,ANDRADINA,608,1367240,56968.333333333336,44.261333297282526,45.22271647139766,62.19012904451777,24,0,44.469149527515285,6.411818267709897,3.817034063626705
SP,350220,ANGATUBA,100,535588,22316.166666666668,18.44321337348826,18.84978909607705,33.96162336559688,23,1,18.67106805977729,4.61512051684126,2.979148929847897
SP,350230,ANHEMBI,32,130752,5448.0,24.621326943445442,19.376874434166027,70.54673721340389,15,9,24.47381302006853,3.4965075614664802,3.237650984110345
SP,350240,ANHUMAS,12,90745,3781.0416666666665,13.245786163431438,0.0,57.045065601825435,9,15,13.223869083696071,2.5649493574615367,2.65492147482706
SP,350250,APARECIDA,416,819785,34157.708333333336,50.744254817887544,49.28753515038092,80.148847860312,24,0,50.745012411790896,6.0330862217988015,3.946328048984653
SP,350260,APARECIDA DOESTE,8,105872,4411.333333333333,7.781282850832896,0.0,46.24277456647399,7,17,7.55629439322956,2.1972245773362196,2.1466671984390655
SP,350270,APIAI,84,608616,25359.0,13.701441258410325,11.95445924369807,31.51964067609629,23,1,13.801806064907922,4.442651256490317,2.6947492047375396
SP,350275,ARACARIGUAMA,159,418881,17453.375,36.35897500600331,31.390060021658982,76.68711656441718,24,0,37.958274545754044,5.075173815233827,3.6624911899536103
SP,350280,ARACATUBA,1276,4469001,186208.375,28.803337287908366,25.235925788492438,59.25560874870928,24,0,28.552242436284978,7.152268856032539,3.386159627141594
SP,350290,ARACOIABA DA SERRA,114,664185,27674.375,16.740736091428243,16.27629563474961,30.262680062946373,23,1,17.1638925901669,4.74493212836325,2.899435699882331
SP,350300,ARAMINA,4,124298,5179.083333333333,3.258375722346758,0.0,41.657987919183505,2,22,3.2180726962622086,1.6094379124341003,1.4393783166786227
SP,350310,ARANDU,24,153327,6388.625,15.805672397998485,14.667377395051403,49.366463715649175,15,9,15.652820442583497,3.2188758248682006,2.81257959803154
SP,350315,ARAPEI,10,59030,2459.5833333333335,16.811526556447127,0.0,201.6942315449778,5,19,16.940538709130948,2.3978952727983707,2.887062884559459
SP,350320,ARARAQUARA,1130,5182555,215939.79166666666,22.123453604848418,20.18260316966574,34.6067537242815,24,0,21.803917179846618,7.030857476116121,3.1269323273370353
SP,350330,ARARAS,911,2892456,120519.0,31.666379955242423,30.382758644801847,54.21928897946211,24,0,31.495725431951254,6.815639990074331,3.4811085555147674
SP,350335,ARCO-IRIS,2,48317,2013.2083333333333,4.11725955204216,0.0,98.81422924901185,1,23,4.1393298424984994,1.0986122886681098,1.6369226901298857
SP,350340,AREALVA,28,188131,7838.791666666667,14.91934799601822,12.734016745564439,41.084634346754314,16,8,14.88324624862463,3.367295829986474,2.765264858644225
SP,350350,AREIAS,25,87327,3638.625,28.6825803965713,27.273967505706594,138.54253255749515,14,10,28.62803027700482,3.258096538021482,3.388720882055638
SP,350360,AREIOPOLIS,36,248971,10373.791666666666,14.608020057333382,9.633981469491427,49.35834155972359,14,10,14.459515365243341,3.6109179126442243,2.7382246950122577
SP,350370,ARIRANHA,10,192130,8005.416666666667,5.2418761775532,0.0,25.799793601651185,8,16,5.204809243741217,2.3978952727983707,1.8253246758377162
SP,350380,ARTUR NOGUEIRA,136,1071203,44633.458333333336,12.238043490260443,9.169127976000446,31.980736309423033,22,2,12.696006265852503,4.919980925828125,2.6171042768943535
SP,350390,ARUJA,605,1827176,76132.33333333333,33.312295401973664,33.0849318083247,49.508218364248464,24,0,33.111205488688555,6.406879986069314,3.5296259370165215
SP,350395,ASPASIA,5,43973,1832.2083333333333,11.328593070794433,0.0,54.97526113249038,5,19,11.370613785732154,1.791759469228055,2.515323804068501
SP,350400,ASSIS,868,2305068,96044.5,37.5551996135093,36.524442852064126,57.74783445620789,24,0,37.65615591383855,6.767343125265392,3.654706035671314
SP,350410,ATIBAIA,866,3244233,135176.375,26.503840540415624,28.14395367889211,35.92882311042755,24,0,26.693520471556756,6.7650389767805414,3.321198467835871
SP,350420,AURIFLAMA,56,333637,13901.541666666666,16.808565754113257,21.272917052201365,36.273940800928614,23,1,16.784709129982584,4.04305126783455,2.878339050472333
SP,350430,AVAI,5,113318,4721.583333333333,4.483787233839796,0.0,22.306491188935983,5,19,4.412361672461568,1.791759469228055,1.6886855359510407
SP,350440,AVANHANDAVA,306,259629,10817.875,115.61297877979756,106.44906767870347,247.83147459727385,23,1,117.86048553898063,5.726847747587197,4.777950414895514
SP,350450,AVARE,732,2048631,85359.625,35.96405960757843,35.497704051988975,52.69672422456158,24,0,35.73117852849049,6.597145701886651,3.6036259455811974
SP,350460,BADY BASSITT,80,438394,18266.416666666668,15.553709991413607,14.501693586318478,47.688921496698455,19,5,18.248424932822985,4.394449154672439,2.9574292357146845
SP,350470,BALBINOS,657,77768,3240.3333333333335,736.0132473665127,799.1784443730955,1942.7671304804412,20,4,844.8204917189589,6.489204931325317,6.740307152362496
SP,350480,BALSAMO,26,204438,8518.25,12.918260378047416,11.769630085844756,40.016006402561025,15,9,12.717792191275596,3.295836866004329,2.618693690345651
SP,350490,BANANAL,151,241081,10045.041666666666,62.86776552192537,51.08329197559455,150.52684395383844,21,3,62.634550213413746,5.0238805208462765,4.153156565192641
SP,350500,BARAO DE ANTONINA,15,76915,3204.7916666666665,19.16808815076927,0.0,83.93956351426972,10,14,19.502047715010075,2.772588722239781,3.0205247696929116
SP,350510,BARBOSA,37,146534,6105.583333333333,25.02370104399249,16.47670739812574,82.59002312520647,17,7,25.250112601853495,3.6375861597263857,3.2676702786228513
SP,350520,BARIRI,119,743986,30999.416666666668,15.962674800666349,12.732569476027379,43.20320938126832,24,0,15.994924635678629,4.787491742782046,2.8329147486386077
SP,350530,BARRA BONITA,206,840529,35022.041666666664,24.493100266302964,22.993431490038223,47.96975083947064,23,1,24.508375082834743,5.332718793265369,3.2390068328625072
SP,350535,BARRA DO CHAPEU,10,123600,5150.0,8.261981919608838,0.0,40.62563477554337,7,17,8.090614886731391,2.3978952727983707,2.207242550206498
SP,350540,BARRA DO TURVO,40,179903,7495.958333333333,21.937801585805882,19.784182087847007,62.861453356801604,17,7,22.234203987704486,3.713572066704308,3.1456255027593993
SP,350550,BARRETOS,910,2746571,114440.45833333333,33.11190437366101,32.7259703416063,51.342812006319114,24,0,33.13222195967263,6.814542897259958,3.5302418636320008
SP,350560,BARRINHA,159,695800,28991.666666666668,22.52492843489482,21.607054410917463,42.56433763342283,23,1,22.851394078758265,5.075173815233827,3.171842667565652
SP,350570,BARUERI,2964,6271829,261326.20833333334,47.79116054483266,45.18004130561877,75.24134014764338,24,0,47.25894153045308,7.994632311431825,3.8765811273093056
SP,350580,BASTOS,74,500858,20869.083333333332,14.640399356046634,11.971784043438191,50.2283105022831,23,1,14.774646706252073,4.31748811353631,2.7584040123763014
SP,350590,BATATAIS,148,1349353,56223.041666666664,11.084624069821459,10.665133826983006,32.603275670284994,24,0,10.968219583756067,5.003946305945459,2.4822547686370076
SP,350600,BAURU,4808,8441824,351742.6666666667,56.40042008056636,57.04821550103124,77.74814142216673,24,0,56.954515990856954,8.478244441277663,4.059658495841025
SP,350610,BEBEDOURO,494,1813949,75581.20833333333,27.248333633742863,29.019020943916033,39.51319740793425,24,0,27.233400718542804,6.20455776256869,3.3405056997122977
SP,350620,BENTO DE ABREU,16,62365,2598.5416666666665,25.69200308703731,18.69857890800299,114.72275334608031,12,12,25.65541569790748,2.833213344056216,3.282992345647675
SP,350630,BERNARDINO DE CAMPOS,189,265726,11071.916666666666,69.83512719266608,37.218045386172676,248.82253621256555,23,1,71.1258966002574,5.247024072160486,4.278413155950406
SP,350635,BERTIOGA,1018,1197315,49888.125,83.48773913353631,76.10450617769916,176.45387525608243,24,0,85.02357357921683,6.926577033222725,4.454621370078088
SP,350640,BILAC,13,167213,6967.208333333333,7.839856387543118,0.0,45.13314277117497,9,15,7.774515139373135,2.6390573296152584,2.1718515130530363
SP,350650,BIRIGUI,631,2635065,109794.375,24.30097430131494,22.93207639270487,43.69252654575014,24,0,23.946278365049817,6.448889394146858,3.2167246473460547
SP,350660,BIRITIBA MIRIM,172,678313,28263.041666666668,24.935026184116424,24.744884936634513,48.0703200109875,24,0,25.35702544400594,5.153291594497779,3.2717348597163847
SP,350670,BOA ESPERANCA DO SUL,89,317115,13213.125,28.109237475338613,23.03542582647715,68.48272713437834,23,1,28.065528278384814,4.499809670330265,3.3695528767453986
SP,350680,BOCAINA,55,257775,10740.625,21.441717047412894,19.626105663582813,54.754517247672936,21,3,21.336436815051886,4.02535169073515,3.106219282936545
SP,350690,BOFETE,49,227581,9482.541666666666,22.163208301281312,19.25484893169186,75.26342197691922,22,2,21.530795628809084,3.912023005428146,3.1148830680154322
SP,350700,BOITUVA,245,1201907,50079.458333333336,20.79068535583905,19.137092344735624,40.77084069473513,24,0,20.3842726600311,5.5053315359323625,3.0626557294114787
SP,350710,BOM JESUS DOS PERDOES,87,462176,19257.333333333332,19.837930191479277,13.823049278447908,66.77350427350427,23,1,18.823997784393825,4.477336814478207,2.9868932131229498
SP,350715,BOM SUCESSO DE ITARARE,14,84090,3503.75,16.691730065694525,0.0,57.72005772005772,11,13,16.648828635985254,2.70805020110221,2.8706694149438396
SP,350720,BORA,142,20160,840.0,739.0165759377086,0.0,17000.0,5,19,704.3650793650794,4.962844630259907,6.558715511848851
SP,350730,BORACEIA,8,103911,4329.625,7.256919201577902,0.0,63.62672322375398,6,18,7.698896170761517,2.1972245773362196,2.163196140687017
SP,350740,BORBOREMA,53,340279,14178.291666666666,15.607824006636918,14.034102869974038,36.46441073512252,22,2,15.575454259592863,3.9889840465642745,2.8079229420066585
SP,350745,BOREBI,10,56969,2373.7083333333335,17.10432657341384,0.0,74.76635514018692,8,16,17.553406238480576,2.3978952727983707,2.9206533969124235
SP,350750,BOTUCATU,1033,3124851,130202.125,32.79698692494668,30.5050224153733,63.15172201213416,24,0,33.05757618523251,6.9411900550683745,3.528052509614617
SP,350760,BRAGANCA PAULISTA,1163,3682979,153457.45833333334,32.378093183301225,30.71407065693689,63.51665375677769,24,0,31.577698379491167,7.059617628291383,3.483627955481699
SP,350770,BRAUNA,16,120551,5022.958333333333,13.15961959000682,9.147457006952067,55.442616891517275,12,12,13.272390938275086,2.833213344056216,2.658326967438053
SP,350775,BREJO ALEGRE,18,60528,2522.0,30.105593605442092,0.0,171.45306472353192,11,13,29.73830293417922,2.9444389791664403,3.4255095295005757
SP,350780,BRODOWSKI,68,523553,21814.708333333332,12.664134762216442,9.33758072996358,31.744772032855842,21,3,12.988178847222727,4.23410650459726,2.638212604880239
SP,350790,BROTAS,54,525755,21906.458333333332,10.39921247263001,9.71598686418378,17.614161786076004,22,2,10.27094369050223,4.007333185232471,2.4222280592845684
SP,350800,BURI,89,456097,19004.041666666668,19.262334416395742,21.238737989892293,39.098773275988464,23,1,19.513392984387092,4.499809670330265,3.021077989137731
SP,350810,BURITAMA,85,378472,15769.666666666666,22.30205901866149,20.424151693463557,64.27194172677284,23,1,22.458728783106807,4.454347296253507,3.155242655188847
SP,350820,BURITIZAL,2,98226,4092.75,1.873922494565625,0.0,44.974139869575,1,23,2.036120782684829,1.0986122886681098,1.110580642235068
SP,350830,CABRALIA PAULISTA,9,105583,4399.291666666667,8.474707548536118,0.0,45.850527281063734,8,16,8.524099523597549,2.302585092994046,2.253825378338765
SP,350840,CABREUVA,259,1006116,41921.5,25.395996108309095,22.029101883747632,48.92471974644232,24,0,25.742558512139755,5.560681631015528,3.286256248178919
SP,350850,CACAPAVA,641,2095570,87315.41666666667,30.96147944677941,29.401802022506846,49.03563255966002,24,0,30.58833634762857,6.464588303689961,3.4527879495344695
SP,350860,CACHOEIRA PAULISTA,192,722783,30115.958333333332,26.424139197507525,19.883090296960365,92.35884489871313,24,0,26.56398946848501,5.262690188904886,3.3165101914198996
SP,350870,CACONDE,54,432109,18004.541666666668,12.444738623090949,10.84835565207744,27.182776992497555,22,2,12.49684686039865,4.007333185232471,2.6024560922672255
SP,350880,CAFELANDIA,60,395647,16485.291666666668,15.265555911023403,12.03297190678244,44.1000441000441,21,3,15.1650334768114,4.110873864173311,2.7828504821193536
SP,350890,CAIABU,5,94705,3946.0416666666665,5.161653445021483,0.0,25.7201646090535,5,19,5.279552293965472,1.791759469228055,1.8372986871689703
SP,350900,CAIEIRAS,648,2081662,86735.91666666667,31.179156623883046,31.43626497544255,49.572437724625104,24,0,31.128972907225094,6.47543271670409,3.4697582058326635
SP,350910,CAIUA,177,120768,5032.0,140.4123543519221,116.31079247276242,416.28959276018105,21,3,146.56200317965025,5.181783550292085,4.994248447993137
SP,350920,CAJAMAR,504,1715511,71479.625,29.865602174921268,29.507669289710513,59.21300532917048,24,0,29.37900135877881,6.22455842927536,3.413751624961075
SP,350925,CAJATI,283,687079,28628.291666666668,41.224941344529356,36.42192851662935,91.18008065930212,24,0,41.18885892306416,5.648974238161206,3.7421561796236382
SP,350930,CAJOBI,19,226435,9434.791666666666,8.455139841581584,5.147740142077628,54.15944540727903,12,12,8.390928964161901,2.995732273553991,2.239744219547451
SP,350940,CAJURU,61,553453,23060.541666666668,10.8252489599514,2.3783475241402274,74.32795143907173,12,12,11.021712774165106,4.127134385045092,2.4867144126467404
SP,350945,CAMPINA DO MONTE ALEGRE,22,135425,5642.708333333333,15.883734084713765,0.0,83.12551953449709,10,14,16.24515414436035,3.1354942159291497,2.847531184844672
SP,350950,CAMPINAS,11590,25982596,1082608.1666666667,44.888907830374016,42.98917977318444,66.22874735824854,24,0,44.60678217064993,9.357984213888745,3.8200564372733594
SP,350960,CAMPO LIMPO PAULISTA,511,1763032,73459.66666666667,29.14766847842804,29.00435195786467,52.499737501312495,24,0,28.984159107718973,6.238324625039508,3.400669212462656
SP,350970,CAMPOS DO JORDAO,3458,1119379,46640.791666666664,323.5390662759084,24.118128259896192,1768.5257679731037,24,0,308.92128582008417,8.148734808937169,5.7363183485274805
SP,350980,CAMPOS NOVOS PAULISTA,21,110392,4599.666666666667,19.115423576667308,20.141539241174712,114.7842056932966,13,11,19.023117617218638,3.091042453358316,2.99688748689897
SP,350990,CANANEIA,212,294582,12274.25,71.96077531215498,65.28768901481286,130.3674733154078,24,0,71.96637948007685,5.3612921657094255,4.289998779992891
SP,350995,CANAS,12,106405,4433.541666666667,11.634394384628616,0.0,53.23396326856535,9,15,11.27766552323669,2.5649493574615367,2.5077818006759927
SP,351000,CANDIDO MOTA,144,711866,29661.083333333332,20.23634855843186,16.816914740178937,44.03794037940379,24,0,20.228526155203365,4.976733742420574,3.0553458505640494
SP,351010,CANDIDO RODRIGUES,6,65737,2739.0416666666665,9.10737374681055,0.0,38.19709702062643,6,18,9.127279918462966,1.9459101490553132,2.3152327647761823
SP,351015,CANITAR,38,116632,4859.666666666667,33.39019621198941,19.68373711832953,98.01519235481499,16,8,32.58110981548803,3.6635616461296463,3.5139637009986737
SP,351020,CAPAO BONITO,312,1113706,46404.416666666664,28.000028446415456,26.924169964141086,45.33287280891115,24,0,28.014574762100587,5.746203190540153,3.3677982817399164
SP,351030,CAPELA DO ALTO,394,450451,18768.791666666668,80.45786167920626,56.3437657850081,214.4607843137255,23,1,87.46789328917019,5.978885764901122,4.4826396984975165
SP,351040,CAPIVARI,326,1147420,47809.166666666664,28.311763341404838,26.260811300268813,52.7212263768351,24,0,28.411566819473254,5.7899601708972535,3.3813880262054323
SP,351050,CARAGUATATUBA,2089,2605846,108576.91666666667,78.95238145317961,80.46427027148653,108.44603215105894,24,0,80.16590389455094,7.644919344958857,4.3964952562073085
SP,351060,CARAPICUIBA,4803,8920408,371683.6666666667,53.49248891467875,49.83538138697822,80.98176382356162,24,0,53.84282871366421,8.477204183199873,4.004471434575815
SP,351070,CARDOSO,49,278710,11612.916666666666,17.602530319622666,12.892590602937567,43.790506218251885,21,3,17.580998170141008,3.912023005428146,2.922139454770499
SP,351080,CASA BRANCA,476,671664,27986.0,70.66620423018723,74.50640359651527,116.8100244239142,24,0,70.86876771719193,6.1675164908883415,4.274841785336306
SP,351090,CASSIA DOS COQUEIROS,2,65743,2739.2916666666665,2.9333107011015245,0.0,35.373187124159884,2,22,3.0421489740352587,1.0986122886681098,1.3967764748176474
SP,351100,CASTILHO,111,435091,18128.791666666668,25.09338225286017,22.29303852888691,68.56695072974826,23,1,25.511904406204682,4.718498871295094,3.277593854997437
SP,351110,CATANDUVA,583,2706171,112757.125,21.622079687890047,21.272170949265902,39.17691174001455,24,0,21.543354060035377,6.369900982828227,3.1154403023343464
SP,351120,CATIGUA,14,167532,6980.5,8.34734114979383,0.0,42.83878337855205,10,14,8.356612468065803,2.70805020110221,2.2360833091772343
SP,351130,CEDRAL,24,223612,9317.166666666666,9.798666256479514,8.895976273477078,37.993920972644375,13,11,10.732876589807345,3.2188758248682006,2.4623948661732102
SP,351140,CERQUEIRA CESAR,364,443314,18471.416666666668,76.78007863533453,50.13139011712817,309.15817748720286,24,0,82.10884384431802,5.8998973535824915,4.420151120318108
SP,351150,CERQUILHO,129,947697,39487.375,13.26991972919141,12.625119370783997,25.96447194755177,24,0,13.611945590204463,4.867534450455582,2.681839385288303
SP,351160,CESARIO LANGE,60,390508,16271.166666666666,15.005831823885122,14.859247554203957,31.102264244837027,20,4,15.364602005592715,4.110873864173311,2.7951205878036207
SP,351170,CHARQUEADA,55,356784,14866.0,15.1338223761621,12.969609576191527,38.9079826211011,19,5,15.415489483833355,4.02535169073515,2.7982253698104227
SP,351190,CLEMENTINA,11,161169,6715.375,6.817104832280744,0.0,30.679552078539654,9,15,6.825133865693775,2.4849066497880004,2.0573408437167906
SP,351200,COLINA,87,423639,17651.625,20.568010744541237,19.64336804508323,42.45833775607685,22,2,20.53635288535758,4.477336814478207,3.0697423391637684
SP,351210,COLOMBIA,18,149240,6218.333333333333,11.662559823768914,0.0,89.48545861297539,9,15,12.061109622085231,2.9444389791664403,2.569639083645319
SP,351220,CONCHAL,215,619283,25803.458333333332,34.92170124948794,29.250809844009183,64.09999599375026,24,0,34.717568542976316,5.375278407684165,3.5756426837859587
SP,351230,CONCHAS,133,375757,15656.541666666666,35.473021706804964,29.3112068644351,82.69720101781171,24,0,35.39521552492701,4.897839799950911,3.5944373243806034
SP,351240,CORDEIROPOLIS,59,519295,21637.291666666668,10.497598062193571,4.400413556630836,40.092658588738416,13,11,11.361557496220838,4.0943445622221,2.514591455111926
SP,351250,COROADOS,21,123420,5142.5,16.960750624392126,18.707443235132352,41.58004158004158,14,10,17.01507049100632,3.091042453358316,2.8912086570986637
SP,351260,CORONEL MACEDO,25,116399,4849.958333333333,21.685530944549573,20.658357648408703,89.88764044943821,14,10,21.477847747832886,3.258096538021482,3.1125302796872867
SP,351270,CORUMBATAI,7,95454,3977.25,7.182366175856529,0.0,48.309178743961354,6,18,7.333375238334694,2.0794415416798357,2.120268564787611
SP,351280,COSMOPOLIS,329,1353525,56396.875,24.117219508805686,21.42092461118463,60.62953668929047,24,0,24.306902347573928,5.799092654460526,3.2310771785870593
SP,351290,COSMORAMA,27,186726,7780.25,14.515782448657776,12.708884010591092,55.088830739567555,19,5,14.459689598663282,3.332204510175204,2.7382359652515893
SP,351300,COTIA,1707,5198960,216623.33333333334,32.24695131102841,32.27560611566197,47.73452634806483,24,0,32.83348977487805,7.443078374348516,3.5214511336910634
SP,351310,CRAVINHOS,98,760420,31684.166666666668,12.836981981906769,9.998528608959706,34.06226582192247,23,1,12.88761473922306,4.59511985013459,2.630997416981883
SP,351320,CRISTAIS PAULISTA,9,191838,7993.25,4.720727190415004,0.0,25.490695895997963,7,17,4.691458418040221,2.302585092994046,1.7389665277809068
SP,351330,CRUZALIA,6,54656,2277.3333333333335,11.381544475789175,0.0,93.10986964618249,5,19,10.97775175644028,1.9459101490553132,2.4830509086684374
SP,351340,CRUZEIRO,962,1817441,75726.70833333333,52.90674852089106,52.67939199305877,81.77676241903453,24,0,52.931566966960695,6.870053411798126,3.9877159644983395
SP,351350,CUBATAO,3081,2752137,114672.375,112.10580033454931,108.51780840991091,160.75493995585757,24,0,111.94936879959101,8.033334015880062,4.726939654581364
SP,351360,CUNHA,70,532826,22201.083333333332,13.11387343038137,9.091959744923027,35.41076487252125,20,4,13.137497044063165,4.2626798770413155,2.6488306323573836
SP,351370,DESCALVADO,118,742844,30951.833333333332,15.831067173156187,16.010301779721345,36.44314868804665,24,0,15.884896425090599,4.77912349311153,2.8264195196813526
SP,351380,DIADEMA,4227,9210565,383773.5416666667,45.76363493618851,44.1673572482898,68.98454746136866,24,0,45.89295010675241,8.349484346990128,3.8478673466001645
SP,351385,DIRCE REIS,4,39678,1653.25,10.038092796831274,0.0,60.938452163315056,4,20,10.081153283935683,1.6094379124341003,2.4052457629002673
SP,351390,DIVINOLANDIA,17,272390,11349.583333333334,6.246949978361813,8.52743432763009,17.88428865241885,14,10,6.241051433606226,2.8903717578961645,1.9797664214896222
SP,351400,DOBRADA,18,193433,8059.708333333333,9.264705080372508,11.22621807364651,27.151778441487917,13,11,9.305547657328377,2.9444389791664403,2.3326823577462377
SP,351410,DOIS CORREGOS,64,582394,24266.416666666668,11.227604342355201,8.10816436220998,48.381421534130894,18,6,10.989124201142182,4.174387269895637,2.4839999222633304
SP,351420,DOLCINOPOLIS,6,51557,2148.2083333333335,11.737023381558286,0.0,47.70992366412214,6,18,11.637604980894933,1.9459101490553132,2.5366768914056514
SP,351430,DOURADO,13,202345,8431.041666666666,6.4337539155848225,5.807875479149727,23.236900197513652,12,12,6.424670735624799,2.6390573296152584,2.004808338335081
SP,351440,DRACENA,683,1046137,43589.041666666664,64.92628138129719,66.1171235790914,136.39514343849922,24,0,65.28781603174345,6.52795791762255,4.194006110043714
SP,351450,DUARTINA,60,295982,12332.583333333334,20.29426498133447,16.21534354862289,65.03007641033977,20,4,20.271502996803857,4.110873864173311,3.0573682894708862
SP,351460,DUMONT,18,198244,8260.166666666666,8.591559370826063,0.0,32.07526996685556,9,15,9.079719941082706,2.9444389791664403,2.3105254786345033
SP,351470,ECHAPORA,19,153064,6377.666666666667,12.373047794844089,0.0,46.3893613731251,11,13,12.413108242303872,2.995732273553991,2.596232455842202
SP,351480,ELDORADO,122,335685,13986.875,36.81759306243697,31.93144904209808,99.47203305532176,24,0,36.343595930708844,4.812184355372417,3.620161435852506
SP,351490,ELIAS FAUSTO,61,386646,16110.25,15.601265873981385,13.342613890238656,39.10614525139665,20,4,15.776705306662942,4.127134385045092,2.8199913353161716
SP,351492,ELISIARIO,4,72577,3024.0416666666665,5.318007205752618,0.0,32.66906239790918,4,20,5.511387905259242,1.6094379124341003,1.87355262938982
SP,351495,EMBAUBA,3,57588,2399.5,5.145534036487522,0.0,41.85851820845542,3,21,5.209418628881017,1.3862943611198906,1.82606727302522
SP,351500,EMBU DAS ARTES,2631,5716443,238185.125,45.731443880841205,45.24038237090866,74.03893985492995,24,0,46.02512436492413,7.875499292445208,3.850682019839081
SP,351510,EMBU-GUACU,662,1517828,63242.833333333336,43.30524928093172,44.21283036651488,62.028967527835505,24,0,43.61495505419586,6.4967749901858625,3.7980691179369677
SP,351512,EMILIANOPOLIS,11,71922,2996.75,15.222839403463203,0.0,66.33499170812604,8,16,15.294346653318874,2.4849066497880004,2.790818216568174
SP,351515,ENGENHEIRO COELHO,82,382311,15929.625,19.386593729419083,16.47818212753694,58.06526535826269,21,3,21.448506582337416,4.418840607796598,3.1112240900306993
SP,351518,ESPIRITO SANTO DO PINHAL,247,982720,40946.666666666664,25.228571636899485,24.363795080922287,54.66381752223824,24,0,25.134321068056007,5.5134287461649825,3.263249433945534
SP,351519,ESPIRITO SANTO DO TURVO,31,98586,4107.75,31.160944644962086,23.95211779462209,117.813383600377,17,7,31.444627026149757,3.4657359027997265,3.4795348524345426
SP,351520,ESTRELA DOESTE,33,207391,8641.291666666666,15.985159174595232,16.42971061243707,36.50079085046843,17,7,15.911973036438416,3.5263605246161616,2.8280218347816732
SP,351530,ESTRELA DO NORTE,3,63666,2652.75,4.705518993667789,0.0,38.16793893129771,3,21,4.712091226086137,1.3862943611198906,1.7425851958632044
SP,351535,EUCLIDES DA CUNHA PAULISTA,35,218413,9100.541666666666,15.332401726783205,10.72675665668934,74.1997032011872,14,10,16.02468717521393,3.58351893845611,2.8346644774299903
SP,351540,FARTURA,97,377911,15746.291666666666,25.543954256340616,22.206400422255108,52.97311614355715,24,0,25.667419048400284,4.584967478670572,3.2834425599227663
SP,351550,FERNANDOPOLIS,394,1596551,66522.95833333333,24.632239111051472,24.143709794123055,41.921815813507806,24,0,24.678196938275068,5.978885764901122,3.245642263672742
SP,351560,FERNANDO PRESTES,12,135990,5666.25,8.658921992510992,0.0,52.011095700416085,9,15,8.824178248400617,2.5649493574615367,2.28484651541777
SP,351565,FERNAO,7,37746,1572.75,18.768583572841475,0.0,125.54927809165098,5,19,18.54501139193557,2.0794415416798357,2.9727200821015183
SP,351570,FERRAZ DE VASCONCELOS,1921,4020599,167524.95833333334,47.88477950284844,47.4608045830833,75.97786971867467,24,0,47.77895035043286,7.561121589530238,3.8872988745249515
SP,351580,FLORA RICA,7,41595,1733.125,16.537751056376646,0.0,156.98587127158558,5,19,16.828945786753216,2.0794415416798357,2.8808233043139935
SP,351590,FLOREAL,14,70761,2948.375,19.02705557877736,0.0,160.72002571520412,8,16,19.784909766679387,2.70805020110221,3.034227231424039
SP,351600,FLORIDA PAULISTA,510,301557,12564.875,165.8038023988317,157.61662238737176,442.37485448195577,23,1,169.12225549398622,6.236369590203704,5.13651732855046
SP,351610,FLORINEA,247,77789,3241.2083333333335,281.6108239709692,47.27177904107877,1175.5057408419902,17,7,317.5256141613853,5.5134287461649825,5.763702893007443
SP,351620,FRANCA,1621,7808055,325335.625,20.5803022300756,21.02320850108716,31.486146095717885,24,0,20.7606119577795,7.3914152346753585,3.0801015446520155
SP,351630,FRANCISCO MORATO,1485,3710450,154602.08333333334,39.76264683516762,36.95635872780467,61.365110720192625,24,0,40.02209974531391,7.303843225277705,3.714110939664579
SP,351640,FRANCO DA ROCHA,2670,3167730,131988.75,82.68744436491573,77.11249614525047,138.67333448295685,24,0,84.28748662291294,7.890208213109961,4.446027745294547
SP,351650,GABRIEL MONTEIRO,9,65612,2733.8333333333335,13.663683657508514,0.0,109.48905109489053,6,18,13.717002987258429,2.302585092994046,2.6890034911620755
SP,351660,GALIA,69,166634,6943.083333333333,44.084414913076365,15.13069994755301,388.5003885003885,14,10,41.40811599073418,4.248495242049359,3.7473397587962283
SP,351670,GARCA,268,1027910,42829.583333333336,26.08175885116714,23.3288064190914,51.02632494491476,24,0,26.0723215067467,5.594711379601839,3.2985118593412777
SP,351680,GASTAO VIDIGAL,13,89562,3731.75,13.830208520988073,0.0,95.39709038874314,9,15,14.515084522453721,2.6390573296152584,2.7418127456749803
SP,351685,GAVIAO PEIXOTO,17,107252,4468.833333333333,15.668027078832049,0.0,126.34238787113075,8,16,15.850520270018276,2.8903717578961645,2.824381532880648
SP,351690,GENERAL SALGADO,33,253911,10579.625,13.06016229973291,9.332295202039337,48.21135859608524,15,9,12.996679939033756,3.5263605246161616,2.6388201542795375
SP,351700,GETULINA,502,252198,10508.25,198.6037691195327,199.0776469079196,401.8754186202277,23,1,199.04995281485182,6.220590170099739,5.298567099436442
SP,351710,GLICERIO,11,105321,4388.375,10.527163156862667,0.0,47.92715073088905,10,14,10.444260878647183,2.4849066497880004,2.4374883710349207
SP,351720,GUAICARA,37,254472,10603.0,14.362130180030597,9.271319739701294,45.46281142025823,15,9,14.539910088339777,3.6375861597263857,2.7434115591016424
SP,351730,GUAIMBE,38,130091,5420.458333333333,28.93866281523485,18.372422126904056,124.86621476988941,15,9,29.210322005365477,3.6635616461296463,3.4081836542416584
SP,351740,GUAIRA,142,902506,37604.416666666664,15.57192616574604,14.275864877460762,33.23193333162913,24,0,15.733967419607183,4.962844630259907,2.8174406309136524
SP,351750,GUAPIACU,69,443909,18496.208333333332,15.071999138404164,11.327271516516745,63.60456135568579,22,2,15.543726304265064,4.248495242049359,2.806006954684886
SP,351760,GUAPIARA,64,431947,17997.791666666668,14.935465789241803,13.66910938269216,34.99358450950659,23,1,14.816632596128692,4.174387269895637,2.761062082294592
SP,351770,GUARA,96,461869,19244.541666666668,20.91066157766829,20.4182120508422,74.50771687067589,16,8,20.78511439390823,4.574710978503383,3.081226910595703
SP,351780,GUARACAI,24,195980,8165.833333333333,12.254204536249835,5.711674663011195,59.90176111177668,12,12,12.246147566078172,3.2188758248682006,2.5837067604263844
SP,351790,GUARACI,60,237680,9903.333333333334,24.686052300315964,19.745064834907755,68.46635367762129,18,6,25.24402558061259,4.110873864173311,3.267438366204477
SP,351800,GUARANI DOESTE,2,47470,1977.9166666666667,4.20468812118327,0.0,50.78720162519045,2,22,4.213187276174426,1.0986122886681098,1.6511914299775234
SP,351810,GUARANTA,21,153681,6403.375,13.640054400094117,7.779679477205539,62.38303181534623,12,12,13.664669022195328,3.091042453358316,2.6854411329415395
SP,351820,GUARARAPES,138,731376,30474.0,18.83032886694484,19.773407538304284,37.65060240963856,24,0,18.868543676576753,4.9344739331306915,2.9891377613048076
SP,351830,GUARAREMA,88,648600,27025.0,12.693488704854317,11.336861865902925,40.078924651621655,17,7,13.56768424298489,4.48863636973214,2.678805667491402
SP,351840,GUARATINGUETA,831,2709857,112910.70833333333,30.747536950117624,30.82575585928297,39.14550945084442,24,0,30.665824801825337,6.723832440821209,3.4552380173735227
SP,351850,GUAREI,541,332800,13866.666666666666,154.08732995326284,152.55824542885455,344.0134907251265,23,1,162.56009615384616,6.295266001439646,5.097180483377451
SP,351860,GUARIBA,143,850033,35418.041666666664,16.728652157911792,13.619369302713913,69.16777335104028,24,0,16.822876288332335,4.969813299576001,2.8804828168928043
SP,351870,GUARUJA,8431,6843767,285156.9583333333,123.00801939781299,114.95087704175096,193.30030831052758,24,0,123.19238805178495,9.039789270781144,4.821831879793384
SP,351880,GUARULHOS,12437,29309277,1221219.875,42.142859797956,40.5680071604622,59.38913186319836,24,0,42.43366358030599,9.428511581663834,3.7712347989711428
SP,351885,GUATAPARA,8,167669,6986.208333333333,4.546672135045206,0.0,40.2036987402841,5,19,4.771305369507781,2.1972245773362196,1.7528982888164797
SP,351890,GUZOLANDIA,25,107662,4485.916666666667,23.309313965849338,22.081324508929434,65.06180871828238,16,8,23.22082071668741,3.258096538021482,3.187212623458652
SP,351900,HERCULANDIA,18,209378,8724.083333333334,8.841199023917747,0.0,62.03473945409429,10,14,8.596891746028714,2.9444389791664403,2.261439269591535
SP,351905,HOLAMBRA,22,283188,11799.5,8.409338924674142,6.960878071781423,39.77724741447892,13,11,7.768690763732927,3.1354942159291497,2.1711875094625435
SP,351907,HORTOLANDIA,2073,4816690,200695.41666666666,41.614314660485356,41.47941122225267,62.44993822886544,24,0,43.03785379586397,7.637234388789473,3.785049577603042
SP,351910,IACANGA,28,236131,9838.791666666666,12.043676425342225,9.647969739052158,49.07734589713388,14,10,11.857824682062077,3.367295829986474,2.5539525506959175
SP,351920,IACRI,10,153330,6388.75,6.543297528595588,0.0,32.37293622531564,9,15,6.521880910454576,2.3978952727983707,2.0178162277577756
SP,351925,IARAS,182,149965,6248.541666666667,117.32213586225187,97.42219418369325,345.2662184263129,22,2,121.36165105191212,5.209486152841421,4.806981012587484
SP,351930,IBATE,99,731468,30477.833333333332,13.536921216019644,13.038817829799981,28.401022436807725,23,1,13.534426659812869,4.605170185988092,2.6765200877435347
SP,351940,IBIRA,35,261869,10911.208333333334,13.176998245725736,9.927050663196752,43.531255441406934,17,7,13.365461356632514,3.58351893845611,2.6648268086320215
SP,351950,IBIRAREMA,42,153858,6410.75,27.13602873392465,16.298582824168363,92.86488159727597,18,6,27.29789806184924,3.7612001156935624,3.3427875284578947
SP,351960,IBITINGA,429,1306076,54419.833333333336,33.052020060234064,30.74851960427346,55.512599377465854,24,0,32.846480602966444,6.063785208687608,3.5218350235827227
SP,351970,IBIUNA,362,1717991,71582.95833333333,20.901766551658785,20.60993755525162,38.634402647744395,24,0,21.071123189818806,5.8944028342648505,3.0942701111267783
SP,351980,ICEM,67,179171,7465.458333333333,36.55631217553236,20.84387928478957,168.87503247596777,16,8,37.39444441343744,4.219507705176107,3.647912772393593
SP,351990,IEPE,50,181488,7562.0,27.444602184241987,13.541963251463429,104.18023180101576,20,4,27.55003085603456,3.9318256327243257,3.3516580168732237
SP,352000,IGARACU DO TIETE,207,555608,23150.333333333332,37.2736207558328,36.64049789181567,68.28851899274434,24,0,37.256482988005935,5.337538079701318,3.6443130357932656
SP,352010,IGARAPAVA,109,647512,26979.666666666668,16.77165900675882,15.057232034229836,54.82456140350877,19,5,16.833664858720766,4.700480365792417,2.8810879552696966
SP,352020,IGARATA,27,224694,9362.25,11.450688300854841,10.255431171811868,45.578851412944395,14,10,12.01634222542658,3.332204510175204,2.566205662243692
SP,352030,IGUAPE,448,689234,28718.083333333332,64.75472177802864,62.11747647805399,118.66015730946569,24,0,64.99969531392821,6.1070228877422545,4.189650125560137
SP,352040,ILHABELA,286,699677,29153.208333333332,41.001298977500674,38.077509052522686,74.32079055300174,24,0,40.876004213372745,5.659482215759621,3.7347129710725575
SP,352042,ILHA COMPRIDA,137,242012,10083.833333333334,55.786254221112564,51.760470068043375,143.31780723754926,24,0,56.6087632018247,4.927253685157205,4.053674695050462
SP,352044,ILHA SOLTEIRA,89,601840,25076.666666666668,14.813596289295047,12.232895983574135,37.018756169792695,23,1,14.787983517213876,4.499809670330265,2.7592491137928272
SP,352050,INDAIATUBA,1169,5044437,210184.875,23.394633161694703,22.421871907769237,45.46502816855006,24,0,23.17404301015158,7.064759027791802,3.1852794546262
SP,352060,INDIANA,13,118670,4944.583333333333,10.888397046150851,0.0,60.26516673362796,9,15,10.95474846212185,2.6390573296152584,2.4811285602976225
SP,352070,INDIAPORA,21,95595,3983.125,21.919202262847634,25.12878541993708,75.09386733416771,15,9,21.967676133689,3.091042453358316,3.1340878419569376
SP,352080,INUBIA PAULISTA,10,85647,3568.625,11.983363599042876,0.0,58.66823115283074,7,17,11.675832194939694,2.3978952727983707,2.539697203727458
SP,352090,IPAUSSU,72,323587,13482.791666666666,22.356251280022136,21.914611025619486,58.42827928717499,23,1,22.250584850442078,4.290459441148391,3.146330286574711
SP,352100,IPERO,620,700663,29194.291666666668,84.71720585432472,77.8725739802164,167.64714847441095,24,0,88.48761815594659,6.431331081933479,4.494100271084014
SP,352110,IPEUNA,26,143469,5977.875,16.62628435165273,7.476076555023923,101.24385305177898,12,12,18.122381838585337,3.295836866004329,2.9508594730124336
SP,352115,IPIGUA,19,121468,5061.166666666667,13.305999923112253,7.65579543714592,43.49086691794723,12,12,15.641979780682977,2.995732273553991,2.811928405520342
SP,352120,IPORANGA,24,102249,4260.375,24.07791686470237,0.0,146.66340747983378,11,13,23.4721121966963,3.2188758248682006,3.197534191534738
SP,352130,IPUA,49,331922,13830.083333333334,14.212352460488402,13.88665559841641,54.89980785067252,15,9,14.762504443815113,3.912023005428146,2.757633983214241
SP,352140,IRACEMAPOLIS,81,476630,19859.583333333332,17.05394933872787,15.308952823603772,38.66762415069325,22,2,16.99431424794914,4.406719247264253,2.890055832883176
SP,352150,IRAPUA,21,168403,7016.791666666667,12.51153450268486,6.8728522336769755,43.271311120726956,12,12,12.470086637411448,3.091042453358316,2.600471422280686
SP,352160,IRAPURU,435,179470,7477.916666666667,243.78560597574176,229.1000291473789,578.4146181148942,21,3,242.38034211845988,6.077642243349034,5.4946254136043535
SP,352170,ITABERA,60,434757,18114.875,13.725068577530886,11.170065098927287,59.51414813612509,18,6,13.800812867877918,4.110873864173311,2.6946821027670937
SP,352180,ITAI,222,573538,23897.416666666668,37.9850158603526,34.44728346397378,109.58046336881652,23,1,38.70711269349197,5.407171771460119,3.6815303326908593
SP,352190,ITAJOBI,23,368824,15367.666666666666,6.170531634305838,6.078910211140975,24.789291026276647,15,9,6.236036700431642,3.1780538303479458,1.9790736394427462
SP,352200,ITAJU,14,78309,3262.875,18.708948175066887,13.94700139470014,65.57377049180327,12,12,17.877893984088676,2.70805020110221,2.9379916070425445
SP,352210,ITANHAEM,2097,2236244,93176.83333333333,92.17931911527369,94.09721554548045,130.9793735003412,24,0,93.7733091737753,7.6487397889562425,4.551487820818833
SP,352215,ITAOCA,12,79202,3300.0833333333335,15.3283918409171,0.0,123.99256044637322,9,15,15.1511325471579,2.5649493574615367,2.7819901739689024
SP,352220,ITAPECERICA DA SERRA,1897,3614558,150606.58333333334,52.1805133883837,54.88241880790722,70.27496677910662,24,0,52.48221220962563,7.5485559791698735,3.979349116554473
SP,352230,ITAPETININGA,1465,3499974,145832.25,41.507810210811336,42.54267904345128,57.215762613773876,24,0,41.857453798228214,7.290292882446597,3.7578795808665597
SP,352240,ITAPEVA,622,2104479,87686.625,29.606967836187422,30.955024371286683,46.11923509561305,24,0,29.556008874405496,6.434546518787453,3.4195613561099356
SP,352250,ITAPEVI,2902,4917064,204877.66666666666,58.92340233842075,59.95674796751843,81.79184406169688,24,0,59.01895928139231,7.97349996402463,4.094660500331605
SP,352260,ITAPIRA,526,1653625,68901.04166666667,32.05442211151104,30.396119867905753,57.20823798627002,24,0,31.80890467911407,6.267200548541362,3.4906999626642845
SP,352265,ITAPIRAPUA PAULISTA,13,95459,3977.4583333333335,13.738708176083547,0.0,54.570259208731244,11,13,13.618412093149937,2.6390573296152584,2.682281836463278
SP,352270,ITAPOLIS,150,947459,39477.458333333336,15.881623743534888,13.722031539511072,42.52551530918551,24,0,15.831819635467076,5.017279836814924,2.823271120924401
SP,352280,ITAPORANGA,93,344601,14358.375,27.033133539440325,21.111406364377284,63.21112515802782,23,1,26.987733639774696,4.543294782270004,3.331766329894484
SP,352290,ITAPUI,58,296753,12364.708333333334,19.03670769708447,15.144325021910918,64.46933677169795,20,4,19.544874019807718,4.07753744390572,3.0226114704016407
SP,352300,ITAPURA,25,98982,4124.25,25.206683014267686,23.47830074757952,74.29420505200594,16,8,25.257117455699017,3.258096538021482,3.2679370934549956
SP,352310,ITAQUAQUECETUBA,3063,7913238,329718.25,38.836498393251176,39.093095286480185,50.45572330081342,24,0,38.70729023946961,8.027476530860483,3.681534804070636
SP,352320,ITARARE,262,1115524,46480.166666666664,23.533670055393618,22.71586836909725,38.439361906592346,24,0,23.48672014228291,5.572154032177765,3.1981309355877396
SP,352330,ITARIRI,180,363580,15149.166666666666,49.49845971392478,47.36494854261974,83.95221181788828,24,0,49.507673689421864,5.198497031265826,3.9221252789834145
SP,352340,ITATIBA,598,2514943,104789.29166666667,24.16759540435414,25.00896615505752,32.98036490418026,24,0,23.777874886230027,6.395261598115449,3.2099511132914222
SP,352350,ITATINGA,110,430318,17929.916666666668,24.613015515714427,11.229137912740462,109.10224438902742,20,4,25.56249099503158,4.709530201312334,3.2795001076740022
SP,352360,ITIRAPINA,607,365764,15240.166666666666,161.76582720076382,164.2158434145885,345.57788301548703,24,0,165.95400312769982,6.410174881966167,5.117718344105788
SP,352370,ITIRAPUA,8,138612,5775.5,5.705860057912365,0.0,85.91065292096219,4,20,5.771506074510143,2.1972245773362196,1.9127235251829808
SP,352380,ITOBI,12,185207,7716.958333333333,6.4585730573364515,0.0,38.50102669404517,8,16,6.479236745911332,2.5649493574615367,2.012130747463354
SP,352390,ITU,1197,3741020,155875.83333333334,32.004223756584004,31.884308040810772,42.29378135573445,24,0,31.996621242334978,7.088408778675395,3.496405169628705
SP,352400,ITUPEVA,212,1196828,49867.833333333336,17.871713432944322,16.224573211041466,42.21085563887372,23,1,17.71348932344497,5.3612921657094255,2.9292446180045735
SP,352410,ITUVERAVA,175,909359,37889.958333333336,19.12993824655757,17.090831242496478,41.45077720207254,20,4,19.244324848602147,5.170483995038151,3.0078744998839304
SP,352420,JABORANDI,12,154381,6432.541666666667,7.8817369295637585,0.0,62.76478895339715,9,15,7.772977244609117,2.5649493574615367,2.1716762293447656
SP,352430,JABOTICABAL,375,1704343,71014.29166666667,22.10252341760945,21.385773140383563,52.75652862041678,24,0,22.002613323726504,5.929589143389895,3.135607832245289
SP,352440,JACAREI,1659,5235646,218151.91666666666,32.01290666300014,31.210856660964666,48.29284782923649,24,0,31.686634275884963,7.414572881350589,3.4869662566066473
SP,352450,JACI,37,144883,6036.791666666667,24.205673792778455,24.458282932365638,70.7088562842496,15,9,25.537847780622986,3.6375861597263857,3.2785719321954274
SP,352460,JACUPIRANGA,96,402957,16789.875,23.879823742018676,23.57468465238361,48.87585532746823,24,0,23.823881952664927,4.574710978503383,3.211806171763556
SP,352470,JAGUARIUNA,279,1119485,46645.208333333336,25.928269767783586,27.376737451003464,41.90863916661677,24,0,24.922174035382344,5.634789603169249,3.2550987427886273
SP,352480,JALES,235,1141349,47556.208333333336,20.643692329480153,19.952101896377524,39.921837244973,24,0,20.589670644123753,5.4638318050256105,3.072214989390614
SP,352490,JAMBEIRO,3,130931,5455.458333333333,1.9011406844106464,0.0,45.627376425855516,1,23,2.291283194965287,1.3862943611198906,1.1912775176006234
SP,352500,JANDIRA,733,2611111,108796.29166666667,27.244289868307987,31.551805786491045,46.725907466308165,20,4,28.072341620099643,6.598509028614515,3.369787262413739
SP,352510,JARDINOPOLIS,359,937265,39052.708333333336,35.40625196119913,17.515965172239504,95.51098376313276,24,0,38.30293460227364,5.886104031450156,3.671299187900993
SP,352520,JARINU,164,653004,27208.5,24.650200710497185,22.97901850965089,49.380006584000874,24,0,25.114700675646702,5.10594547390058,3.262498400043778
SP,352530,JAU,780,3083876,128494.83333333333,25.172442773391182,24.44848311863204,36.40390128475435,24,0,25.292845756444162,6.660575149839686,3.269296877708548
SP,352540,JERIQUARA,4,82383,3432.625,4.650222688339051,0.0,30.09328919650918,4,20,4.855370646856755,1.6094379124341003,1.7673592993768326
SP,352550,JOANOPOLIS,29,285408,11892.0,10.275113348060147,7.94436853642668,49.91265285749938,13,11,10.160892476735059,3.4011973816621555,2.4124159247892596
SP,352560,JOAO RAMALHO,6,100188,4174.5,6.038382104018539,0.0,25.4323499491353,6,18,5.988741166606779,1.9459101490553132,1.9443004494132623
SP,352570,JOSE BONIFACIO,129,801952,33414.666666666664,15.742973008359412,13.387769247704664,49.13602489558594,24,0,16.08575076812577,4.867534450455582,2.8382448277171357
SP,352580,JULIO MESQUITA,19,103697,4320.708333333333,18.40487998254794,22.904380349951232,47.01457451810061,15,9,18.322612997483052,2.995732273553991,2.9612760679560712
SP,352585,JUMIRIM,7,66593,2774.7083333333335,10.369266107987642,0.0,107.21944245889921,5,19,10.511615334945114,2.0794415416798357,2.4433565547586524
SP,352590,JUNDIAI,3370,9301330,387555.4166666667,36.86471546999534,36.209102229721694,54.60796666168382,24,0,36.2313776631944,8.12296471523406,3.617151891314801
SP,352600,JUNQUEIROPOLIS,583,456673,19028.041666666668,125.136749487607,112.03681683913985,350.0405844155844,24,0,127.6624630753296,6.369900982828227,4.857192409864039
SP,352610,JUQUIA,203,449681,18736.708333333332,45.74876421392594,39.01073095685486,107.61823845935996,24,0,45.143112562016185,5.318119993844216,3.8317477095517547
SP,352620,JUQUITIBA,255,668792,27866.333333333332,38.22698506283596,36.03134666229647,74.98125468632841,24,0,38.12844651251809,5.545177444479562,3.6668497347574607
SP,352630,LAGOINHA,29,118897,4954.041666666667,24.30078651150522,20.389463912374154,101.11223458038423,16,8,24.3908593152056,3.4011973816621555,3.234389239775836
SP,352640,LARANJAL PAULISTA,239,601376,25057.333333333332,39.39638369383002,34.7267445225898,81.28507838203987,24,0,39.742191241419675,5.480638923341991,3.707264195346837
SP,352650,LAVINIA,1240,200648,8360.333333333334,575.9487666179703,609.7042613738697,1473.2766964189698,24,0,617.9976874925242,7.123672785204607,6.428101536801243
SP,352660,LAVRINHAS,20,160621,6692.541666666667,12.387756957769284,6.9725282387393674,56.5690849950502,12,12,12.451671948250851,3.044522437723423,2.5991034067423344
SP,352670,LEME,744,2210224,92092.66666666667,33.9414467882746,31.696562137646296,52.948028568402975,24,0,33.661746501712045,6.61338421837956,3.545636672565325
SP,352680,LENCOIS PAULISTA,417,1490540,62105.833333333336,27.927464663375243,26.46836693058152,49.73577867578489,24,0,27.976438069424507,6.035481432524756,3.366483019380742
SP,352690,LIMEIRA,2108,6647924,276996.8333333333,31.722124176789325,31.90356406483647,40.56822111675667,24,0,31.709147096146104,7.653969180478774,3.487654766497596
SP,352700,LINDOIA,18,157363,6556.791666666667,11.293267998765728,14.362849751120951,42.7715996578272,14,10,11.438521126313047,2.9444389791664403,2.5207981997227247
SP,352710,LINS,602,1720562,71690.08333333333,34.935651823547836,36.122135102362705,51.79751371934147,24,0,34.98856768892954,6.401917196727186,3.5832013238255214
SP,352720,LORENA,706,1983615,82650.625,35.51742345932909,36.18091618667616,49.44584474004752,24,0,35.59158405234887,6.561030665896573,3.5998182700412684
SP,352725,LOURDES,2,49023,2042.625,4.129419122245522,0.0,51.282051282051285,2,22,4.079717683536299,1.0986122886681098,1.625255685939065
SP,352730,LOUVEIRA,137,950360,39598.333333333336,15.226724626226412,13.681292965679813,33.56943838329585,24,0,14.41558988172903,4.927253685157205,2.735379327341545
SP,352740,LUCELIA,421,472000,19666.666666666668,88.38432411893426,63.09156957105121,315.45741324921136,24,0,89.19491525423729,6.045005314036012,4.501973053575379
SP,352750,LUCIANOPOLIS,8,54654,2277.25,14.797409639471624,0.0,88.92841262783459,7,17,14.6375379661141,2.1972245773362196,2.7496743036790736
SP,352760,LUIS ANTONIO,17,259391,10807.958333333334,6.890410158314009,4.033233846898443,26.69157880688643,12,12,6.553812584091198,2.8903717578961645,2.022052413827762
SP,352770,LUIZIANIA,14,114475,4769.791666666667,12.478782388643635,9.940357852882704,69.06077348066297,12,12,12.229744485695566,2.70805020110221,2.582467664689837
SP,352780,LUPERCIO,11,100776,4199.0,11.04823948245897,0.0,74.68259895444362,8,16,10.915297293006272,2.4849066497880004,2.4778230613939645
SP,352790,LUTECIA,12,65556,2731.5,18.42851285108699,0.0,74.90636704119851,10,14,18.304960644334617,2.5649493574615367,2.960362091088616
SP,352800,MACATUBA,70,393184,16382.666666666666,17.83844779392713,18.657718872561603,30.752198782212925,22,2,17.80336941482868,4.2626798770413155,2.9340360779701813
SP,352810,MACAUBAL,11,181261,7552.541666666667,6.0787752155321835,0.0,26.291573550677008,10,14,6.06859721616895,2.4849066497880004,1.955662046667304
SP,352820,MACEDONIA,8,91017,3792.375,8.684570917768488,0.0,53.734551316496514,7,17,8.789566784227123,2.1972245773362196,2.281317204718288
SP,352830,MAGDA,25,77555,3231.4583333333335,32.064789814457214,30.96828759130107,94.33962264150944,13,11,32.23518793114564,3.258096538021482,3.503609192093043
SP,352840,MAIRINQUE,364,1081818,45075.75,32.92385718631126,30.43310766687481,85.17228029423151,24,0,33.64706447849823,5.8998973535824915,3.5452130028117748
SP,352850,MAIRIPORA,461,1957063,81544.29166666667,23.582976143610136,23.001997163984562,54.903353949004476,24,0,23.555705667114445,6.135564891081739,3.2009442373032555
SP,352860,MANDURI,37,220234,9176.416666666666,16.972805352551052,11.039687704713376,59.45303210463733,17,7,16.80031239499805,3.6375861597263857,2.8792160074248243
SP,352870,MARABA PAULISTA,342,108275,4511.458333333333,305.5460778430839,279.0096113418477,749.3042175123101,20,4,315.86238743939043,5.8377304471659395,5.758467570600675
SP,352880,MARACAI,44,313082,13045.083333333334,13.989141202911567,11.448017972120908,37.690336197798885,21,3,14.053826154170471,3.8066624897703196,2.7116321883970262
SP,352885,MARAPOAMA,3,66967,2790.2916666666665,4.6217726125309015,0.0,43.956043956043956,3,21,4.479818418026789,1.3862943611198906,1.7010719650143635
SP,352890,MARIAPOLIS,10,90276,3761.5,11.184698423889294,0.0,51.22950819672131,9,15,11.077141211396162,2.3978952727983707,2.491314509813782
SP,352900,MARILIA,1939,5302113,220921.375,36.18900635702092,36.02720757511855,58.16361601438228,24,0,36.57032583047551,7.570443252057374,3.626214532172053
SP,352910,MARINOPOLIS,0,48912,2038.0,0.0,0.0,0.0,0,24,0.0,0.0,0.0
SP,352920,MARTINOPOLIS,667,578939,24122.458333333332,113.83364347440248,95.65765400244976,304.16092140481794,24,0,115.21075622820365,6.504288173536645,4.7554054066415725
SP,352930,MATAO,349,1841909,76746.20833333333,19.082790769665333,18.91426539499377,32.33324800948442,24,0,18.947733031327825,5.857933154483459,2.993115504364313
SP,352940,MAUA,3811,9788727,407863.625,38.78356768624174,38.37454683181127,51.67726955241349,24,0,38.93253944052174,8.245909264774093,3.68719151636124
SP,352950,MENDONCA,20,120039,5001.625,16.197105097505215,18.057955783977746,44.02377283733216,15,9,16.661251759844717,3.044522437723423,2.8713730737422787
SP,352960,MERIDIANO,11,99437,4143.208333333333,10.9993598080474,0.0,25.278058645096056,11,13,11.062280640003218,2.4849066497880004,2.4900832812150426
SP,352965,MESOPOLIS,16,46073,1919.7083333333333,34.710691465376264,0.0,158.144438587243,10,14,34.72749766674625,2.833213344056216,3.5759206350668693
SP,352970,MIGUELOPOLIS,43,475981,19832.541666666668,9.08834287922061,0.0,30.86260994804794,11,13,9.033974045182477,3.784189633918261,2.3059767393716992
SP,352980,MINEIROS DO TIETE,44,279313,11638.041666666666,15.871610095380248,12.809742077470544,53.42831700801425,19,5,15.752936669614375,3.8066624897703196,2.8185735664627636
SP,352990,MIRACATU,249,484792,20199.666666666668,51.12547753936388,50.296782999506846,75.77910391209623,24,0,51.36223370022608,5.521460917862246,3.958185600563894
SP,353000,MIRA ESTRELA,8,69337,2889.0416666666665,11.386541354072842,0.0,71.50518412584913,6,18,11.537851363629807,2.1972245773362196,2.528752177910699
SP,353010,MIRANDOPOLIS,1412,657924,27413.5,212.90931952063707,238.46687558141923,377.2763549299862,24,0,214.61445394908833,7.253470382684528,5.3734918773679095
SP,353020,MIRANTE DO PARANAPANEMA,51,396016,16500.666666666668,12.879470770079928,12.180232007866556,41.27115146512588,22,2,12.878267544745668,3.9512437185814275,2.630324130627436
SP,353030,MIRASSOL,229,1348734,56197.25,16.947921429716214,17.604668077153267,30.338722918228218,24,0,16.97888538436786,5.438079308923196,2.8891980351512507
SP,353040,MIRASSOLANDIA,16,103824,4326.0,15.577240458954806,0.0,78.003120124805,9,15,15.410695022345509,2.833213344056216,2.797933257791066
SP,353050,MOCOCA,390,1601986,66749.41666666667,24.336884823759263,25.3809052047848,35.46046896470206,24,0,24.344782039293726,5.968707559985366,3.232572872135657
SP,353060,MOGI DAS CRUZES,4010,9597045,399876.875,41.82936731762292,41.78324382834559,54.233166859363266,24,0,41.783694876912634,8.296795865770052,3.7561570691839448
SP,353070,MOGI GUACU,790,3380988,140874.5,23.388424807516994,23.4327329480706,34.375537117767465,24,0,23.36595101786815,6.673297967767654,3.193186707664585
SP,353080,MOGI MIRIM,467,2108695,87862.29166666667,22.23538651995241,20.288916060924933,35.951393715696376,24,0,22.14639860197895,6.148468295917647,3.141839200481221
SP,353090,MOMBUCA,27,81619,3400.7916666666665,32.22573748508744,28.076531956534645,114.71178663607685,14,10,33.08053271909727,3.332204510175204,3.528726333267856
SP,353100,MONCOES,11,49167,2048.625,22.435821149372984,0.0,154.24164524421596,8,16,22.372729676408973,2.4849066497880004,3.1515699443147698
SP,353110,MONGAGUA,1845,1190509,49604.541666666664,147.59496885944307,151.87284592348198,284.72716540217715,24,0,154.97572886891237,7.520776415062797,5.049700410971425
SP,353120,MONTE ALEGRE DO SUL,8,180455,7518.958333333333,4.287971053078801,0.0,27.96420581655481,6,18,4.433238203430218,2.1972245773362196,1.6925353104202046
SP,353130,MONTE ALTO,264,1115236,46468.166666666664,23.632028618629757,22.097743443520805,42.24846321215066,24,0,23.67211962311116,5.579729825986222,3.20567384590642
SP,353140,MONTE APRAZIVEL,70,511527,21313.625,13.531182604516651,13.712594719755078,27.424810311728677,21,3,13.684517141812652,4.2626798770413155,2.686793683062162
SP,353150,MONTE AZUL PAULISTA,65,450781,18782.541666666668,14.533081338373949,10.859332228573532,49.58404495620076,22,2,14.419418742138642,4.189654742026425,2.735627672362362
SP,353160,MONTE CASTELO,14,99093,4128.875,14.099385051804298,11.625203441060219,48.94762604013706,12,12,14.128142250209399,2.70805020110221,2.7165567344193904
SP,353170,MONTEIRO LOBATO,4,96804,4033.5,3.9980593732435366,0.0,48.39099927413501,2,22,4.132060658650469,1.6094379124341003,1.6355072663738088
SP,353180,MONTE MOR,348,1253105,52212.708333333336,28.275287248256944,27.812243298035135,45.665575766801126,24,0,27.771016794283003,5.855071922202427,3.3593685191107476
SP,353190,MORRO AGUDO,141,672613,28025.541666666668,21.03894720566366,17.807272175775893,66.5242813626974,21,3,20.963020340076685,4.955827057601261,3.0893601454386697
SP,353200,MORUNGABA,32,290659,12110.791666666666,11.19566198340773,8.307228689631422,37.67897513187641,16,8,11.00946469918358,3.4965075614664802,2.4856950638399113
SP,353205,MOTUCA,8,98915,4121.458333333333,8.036342055416265,0.0,49.578582052553294,6,18,8.087752110397815,2.1972245773362196,2.206927585022035
SP,353210,MURUTINGA DO SUL,4,95661,3985.875,4.221098139878367,0.0,26.75943270002676,4,20,4.181432349651374,1.6094379124341003,1.6450815334247741
SP,353215,NANTES,19,62589,2607.875,30.4295419679552,18.49796522382538,149.92503748125935,12,12,30.356771956733613,2.995732273553991,3.4454302551308937
SP,353220,NARANDIBA,17,112397,4683.208333333333,14.584234048125907,0.0,59.18327086210299,11,13,15.12495885121489,2.8903717578961645,2.7803683108159376
SP,353230,NATIVIDADE DA SERRA,20,164410,6850.416666666667,12.125008630655918,14.513609871470562,57.151021574510644,15,9,12.164710175780062,3.044522437723423,2.577539777953196
SP,353240,NAZARE PAULISTA,66,400442,16685.083333333332,16.000905452121277,12.889525730860537,51.15089514066496,18,6,16.481787624674734,4.204692619390966,2.8611596318563133
SP,353250,NEVES PAULISTA,31,219252,9135.5,13.943476265199715,10.619227788601776,42.29223937407485,13,11,14.138981628445807,3.4657359027997265,2.717272982104057
SP,353260,NHANDEARA,38,247631,10317.958333333334,15.522277131775084,9.753910711697651,60.33789219629927,20,4,15.34541313486599,3.6635616461296463,2.793947315773904
SP,353270,NIPOA,16,101982,4249.25,16.317494261274742,0.0,96.13073780341264,10,14,15.689043164480006,2.833213344056216,2.8147524061609412
SP,353280,NOVA ALIANCA,16,143097,5962.375,11.31460394315914,0.0,80.41817450743868,9,15,11.181226720336555,2.833213344056216,2.499895973165622
SP,353282,NOVA CAMPINA,44,198758,8281.583333333334,22.35866122585144,24.414039218378832,47.70992366412214,19,5,22.137473711749966,3.8066624897703196,3.1414535417239287
SP,353284,NOVA CANAA PAULISTA,3,51685,2153.5416666666665,6.057884298262137,0.0,49.04364884747425,3,21,5.804391989939054,1.3862943611198906,1.9175682845641688
SP,353286,NOVA CASTILHO,1,25862,1077.5833333333333,3.9948865452221156,0.0,95.87727708533077,1,23,3.866676977805274,0.6931471805599453,1.5824113587710478
SP,353290,NOVA EUROPA,25,214149,8922.875,11.613340021540097,11.421745903308729,32.23033949290932,18,6,11.674114751878365,3.258096538021482,2.5395617049772983
SP,353300,NOVA GRANADA,75,452874,18869.75,16.790804657701518,15.496734376156088,45.3489031234057,21,3,16.56089773314432,4.330733340286331,2.865674710655567
SP,353310,NOVA GUATAPORANGA,6,51711,2154.625,11.777078777726155,0.0,142.51781472684087,4,20,11.602947148575739,1.9459101490553132,2.533930687287547
SP,353320,NOVA INDEPENDENCIA,67,81538,3397.4166666666665,64.0174163402794,0.0,291.8069584736251,11,13,82.170276435527,4.219507705176107,4.420890029615928
SP,353325,NOVAIS,6,102207,4258.625,6.4493732988079175,0.0,57.78676683039584,5,19,5.870439402389269,1.9459101490553132,1.9272280637797994
SP,353330,NOVA LUZITANIA,22,74094,3087.25,30.209903692995166,29.77268875654219,136.00816048962938,14,10,29.69201284854374,3.1354942159291497,3.42400245294376
SP,353340,NOVA ODESSA,248,1279913,53329.708333333336,19.048893034008803,18.60832079499072,27.41095470742837,23,1,19.37631698404501,5.517452896464707,3.014373294291772
SP,353350,NOVO HORIZONTE,120,875391,36474.625,13.712541066687136,13.338426267671396,30.060394064438555,24,0,13.708160125018422,4.795790545596741,2.6884024503132977
SP,353360,NUPORANGA,3,166356,6931.5,1.7762908354533942,0.0,15.015015015015015,3,21,1.8033614657721992,1.3862943611198906,1.0308192206191396
SP,353370,OCAUCU,20,101458,4227.416666666667,19.59372865536006,0.0,120.10569300984868,9,15,19.712590431508605,3.044522437723423,3.030741748778569
SP,353380,OLEO,5,64229,2676.2083333333335,7.973750846200727,0.0,39.603960396039604,5,19,7.784645565087421,1.791759469228055,2.1730053753598693
SP,353390,OLIMPIA,284,1227127,51130.291666666664,23.33623725159217,20.55844844853342,47.54128857562166,24,0,23.143488815746046,5.652489180268651,3.184014729491302
SP,353400,ONDA VERDE,15,98615,4108.958333333333,14.356564778395873,0.0,56.36978579481398,10,14,15.21066774831415,2.772588722239781,2.785669528502739
SP,353410,ORIENTE,27,145403,6058.458333333333,18.594667995000428,16.427104833613868,50.44560282495376,17,7,18.569080417873085,3.332204510175204,2.9739507909259775
SP,353420,ORINDIUVA,20,132126,5505.25,15.530518703266216,0.0,83.00132802124834,11,13,15.13706613384194,3.044522437723423,2.7811188702244705
SP,353430,ORLANDIA,145,926265,38594.375,15.665242725977029,14.442414547745393,33.16918837547521,24,0,15.654267407275455,4.983606621708336,2.8126664843242946
SP,353440,OSASCO,7886,16500703,687529.2916666666,47.81415898786989,47.32302519748268,67.2789046994315,24,0,47.79190316921649,8.97297111339799,3.8875643804294806
SP,353450,OSCAR BRESSANE,8,60433,2518.0416666666665,13.271571677843655,0.0,80.41817450743868,6,18,13.237800539440373,2.1972245773362196,2.655900437554222
SP,353460,OSVALDO CRUZ,365,740506,30854.416666666668,49.01723887641058,47.60097939663807,115.77796359426256,23,1,49.2906201975406,5.902633333401366,3.9178185825305896
SP,353470,OURINHOS,756,2443174,101798.91666666667,30.955171701547453,32.045828783522346,43.97578524846318,24,0,30.943354832688954,6.6293632534374485,3.4639641727340513
SP,353475,OUROESTE,54,207826,8659.416666666666,26.38015789979742,24.677228291615513,59.488399762046406,22,2,25.983274469989315,4.007333185232471,3.2952172099827157
SP,353480,OURO VERDE,36,184222,7675.916666666667,19.71787443914587,13.629980697948987,68.1384573453257,18,6,19.54163997785281,3.6109179126442243,3.022454044441299
SP,353490,PACAEMBU,1025,328554,13689.75,304.2440749980116,329.2802786451714,804.8005647723261,23,1,311.97306987588036,6.933423025730715,5.746117148103402
SP,353500,PALESTINA,40,260046,10835.25,15.599765809864634,13.620126467510724,41.467965996267885,21,3,15.381893972604848,3.713572066704308,2.7961766988837735
SP,353510,PALMARES PAULISTA,33,239662,9985.916666666666,14.282516108237331,9.486389815172934,87.72891764447856,14,10,13.769391893583464,3.5263605246161616,2.6925569239681173
SP,353520,PALMEIRA DOESTE,23,227589,9482.875,10.187879537940812,10.318994942031388,42.776173671265106,15,9,10.105936578657142,3.1780538303479458,2.407479792255401
SP,353530,PALMITAL,122,492875,20536.458333333332,24.90914372483522,24.73636716536592,70.82511256133961,22,2,24.752726350494545,4.812184355372417,3.2485404991942066
SP,353540,PANORAMA,94,349341,14555.875,26.97733005531572,26.51119709343527,65.50218340611353,24,0,26.907806412645524,4.553876891600541,3.3289064494270724
SP,353550,PARAGUACU PAULISTA,386,994130,41422.083333333336,38.67650221094144,34.34646406439715,86.26473689255248,24,0,38.82791988975285,5.958424693029782,3.6845681711185936
SP,353560,PARAIBUNA,68,418392,17433.0,16.258391140221132,17.19984645860851,44.923629829290206,21,3,16.252700816459207,4.23410650459726,2.84796870029181
SP,353570,PARAISO,5,141279,5886.625,3.5583256243225043,0.0,33.06878306878307,4,20,3.5390963979076866,1.791759469228055,1.512727960946033
SP,353580,PARANAPANEMA,59,430750,17947.916666666668,13.897253393105226,15.668728217020192,30.086046091822613,21,3,13.697040046430645,4.0943445622221,2.6876461161239003
SP,353590,PARANAPUA,11,92676,3861.5,11.728153082715226,0.0,50.30181086519115,9,15,11.869308127238982,2.4849066497880004,2.5548452615957022
SP,353600,PARAPUA,52,259393,10808.041666666666,19.912745009159504,13.994765588962068,54.42176870748299,18,6,20.04680157136083,3.970291913552122,3.046748604230273
SP,353610,PARDINHO,17,143339,5972.458333333333,11.156262029085093,0.0,41.94044456871243,11,13,11.85999623270708,2.8903717578961645,2.554121425862858
SP,353620,PARIQUERA-ACU,449,446260,18594.166666666668,101.23741201007255,91.27190131964338,204.16045908514045,24,0,100.61399184332005,6.1092475827643655,4.62118124065585
SP,353625,PARISI,16,55560,2315.0,29.121018809716748,34.261238954007545,100.95911155981827,14,10,28.797696184305252,2.833213344056216,3.394431081271343
SP,353630,PATROCINIO PAULISTA,6,317878,13244.916666666666,1.8632469879314204,0.0,15.104599350502227,4,20,1.887516594416726,1.9459101490553132,1.0603968228155456
SP,353640,PAULICEIA,32,161057,6710.708333333333,18.695021329555843,16.065872186169155,56.330094352908034,15,9,19.8687421223542,3.4965075614664802,3.0382524472244827
SP,353650,PAULINIA,644,2061565,85898.54166666667,30.80801567117001,29.718276047155705,47.04307155070248,24,0,31.23840383398049,6.4692503167957724,3.4731584075412503
SP,353657,PAULISTANIA,1,45373,1890.5416666666667,2.02069188490139,0.0,48.49660523763337,1,23,2.2039538932845524,0.6931471805599453,1.164385638741944
SP,353660,PAULO DE FARIA,41,195370,8140.416666666667,21.37942130572259,13.264874218940136,107.67160161507401,17,7,20.985821774069713,3.7376696182833684,3.0903977807865877
SP,353670,PEDERNEIRAS,159,1003588,41816.166666666664,15.807249162949077,16.440514382486526,30.287951885425002,24,0,15.843154760718543,5.075173815233827,2.8239443286035635
SP,353680,PEDRA BELA,19,144694,6028.916666666667,13.100254970749132,0.0,50.82161612739285,11,13,13.131159550499675,2.995732273553991,2.6483822563513666
SP,353690,PEDRANOPOLIS,9,64191,2674.625,14.203084772817666,0.0,78.18608287724786,8,16,14.020657101462822,2.302585092994046,2.7094263938119982
SP,353700,PEDREGULHO,14,372433,15518.041666666666,3.737147356323824,0.0,19.12655403251514,8,16,3.759065388942441,2.70805020110221,1.5600513021039284
SP,353710,PEDREIRA,203,982980,40957.5,20.89634703054268,21.32855986276619,50.26950037702125,23,1,20.651488331400436,5.318119993844216,3.07507419718499
SP,353715,PEDRINHAS PAULISTA,6,69090,2878.75,8.598447672479475,0.0,34.85535029627048,6,18,8.684324793747287,1.9459101490553132,2.2705085777272727
SP,353720,PEDRO DE TOLEDO,120,249665,10402.708333333334,47.58429134840923,54.77844037961889,87.65010079761592,22,2,48.06440630444796,4.795790545596741,3.8931338494007584
SP,353730,PENAPOLIS,326,1415806,58991.916666666664,23.07877224374324,20.46820230277727,42.1677602172483,24,0,23.02575352837889,5.7899601708972535,3.1791263187091
SP,353740,PEREIRA BARRETO,106,592427,24684.458333333332,17.891744352257557,18.199910001975198,36.01728829838322,23,1,17.89249983542276,4.672828834461906,2.9387650092014908
SP,353750,PEREIRAS,42,184237,7676.541666666667,23.313233059828857,19.037194440805038,91.31030284583778,18,6,22.796723785124595,3.7612001156935624,3.1695479151147583
SP,353760,PERUIBE,1686,1471131,61297.125,113.46519591830297,107.10609696953672,168.24672284644194,24,0,114.60570132775395,7.430707082545968,4.750185274466352
SP,353770,PIACATU,14,125953,5248.041666666667,11.314754559464577,0.0,56.74295441649329,9,15,11.11525727850865,2.70805020110221,2.4944655904035993
SP,353780,PIEDADE,241,1251226,52134.416666666664,19.33435166659684,17.341645453471056,41.56193718210066,24,0,19.261108704582547,5.488937726156687,3.008703221142718
SP,353790,PILAR DO SUL,119,633935,26413.958333333332,18.604685242838144,14.756619178687965,49.973228627520974,24,0,18.771640625616193,4.787491742782046,2.9842486193547964
SP,353800,PINDAMONHANGABA,910,3595241,149801.70833333334,25.323098238508013,25.361022571278344,42.08779157651382,24,0,25.311237828006526,6.814542897259958,3.269996141760255
SP,353810,PINDORAMA,32,348059,14502.458333333334,9.100666900880022,7.025523210376454,20.456870098874873,18,6,9.193843572497766,3.4965075614664802,2.321783966743979
SP,353820,PINHALZINHO,28,322940,13455.833333333334,8.705908792784617,7.982351575209163,26.831231553528305,17,7,8.670341239858798,3.367295829986474,2.269063597349176
SP,353830,PIQUEROBI,10,82328,3430.3333333333335,12.147649359559688,0.0,59.25925925925926,8,16,12.146535807987563,2.3978952727983707,2.5761582872633046
SP,353850,PIQUETE,50,329598,13733.25,15.32394251785152,13.658700712678517,39.904229848363926,19,5,15.16999496356167,3.9318256327243257,2.7831573621209196
SP,353860,PIRACAIA,158,603546,25147.75,26.31479415033722,24.33359223527014,49.94429290406854,23,1,26.178617702710316,5.0689042022202315,3.30243055028147
SP,353870,PIRACICABA,4161,9101226,379217.75,45.61708771459603,44.04201711926031,57.47585627427582,24,0,45.719115204918545,8.33375100695358,3.8441534000897533
SP,353880,PIRAJU,152,690163,28756.791666666668,21.994543841385518,22.776922412736283,36.350418029807344,24,0,22.02378278754439,5.030437921392435,3.136527715925058
SP,353890,PIRAJUI,905,531038,22126.583333333332,168.14675426818812,168.87300378954072,346.3280348104076,24,0,170.4209491599471,6.80903930604298,5.144122222498617
SP,353900,PIRANGI,25,254798,10616.583333333334,9.705923644825697,9.356327067360477,36.747818098300414,15,9,9.81169396934042,3.258096538021482,2.3806283232911234
SP,353910,PIRAPORA DO BOM JESUS,166,384620,16025.833333333334,42.456739633384196,39.90356246532724,111.48863877681038,24,0,43.159482086214965,5.117993812416755,3.7878076737799327
SP,353920,PIRAPOZINHO,115,587379,24474.125,19.469003542337713,17.321300916348406,40.94668741298829,24,0,19.578500423065858,4.7535901911063645,3.0242468620108265
SP,353930,PIRASSUNUNGA,545,1690301,70429.20833333333,32.437659736857555,30.30470437170943,48.945448073329175,24,0,32.24277806142219,6.302618975744905,3.5038375423500403
SP,353940,PIRATININGA,38,308668,12861.166666666666,11.610047398386243,9.08340244671604,33.09504898067249,18,6,12.310961939689246,3.6635616461296463,2.5885879017481392
SP,353950,PITANGUEIRAS,187,815413,33975.541666666664,22.88580043252844,25.044999370866638,35.63580210251232,23,1,22.93316393042544,5.236441962829949,3.1752651092450903
SP,353960,PLANALTO,22,102884,4286.833333333333,21.55655738853889,11.225864391558149,90.88843444671666,12,12,21.383305470238327,3.1354942159291497,3.108315389485991
SP,353970,PLATINA,12,73742,3072.5833333333335,16.341377026222673,0.0,98.5869208018403,9,15,16.272951642212035,2.5649493574615367,2.8491417890900244
SP,353980,POA,1000,2482339,103430.79166666667,40.40088738636046,40.417992117053146,65.09878482268331,24,0,40.284586432393,6.90875477931522,3.7204892204374325
SP,353990,POLONI,14,128446,5351.916666666667,11.01912253179668,0.0,80.77544426494346,8,16,10.899521978107533,2.70805020110221,2.476498229403721
SP,354000,POMPEIA,54,473369,19723.708333333332,11.324657545460584,9.850566916850514,29.708853238265004,20,4,11.407591118134057,4.007333185232471,2.5183084722472993
SP,354010,PONGAI,10,83826,3492.75,12.116174224234916,0.0,87.74495466510676,6,18,11.92947295588481,2.3978952727983707,2.5595094306138515
SP,354020,PONTAL,306,894233,37259.708333333336,33.88440172973758,27.933239469004512,71.07133456172677,24,0,34.21926947451056,5.726847747587197,3.5615933610730077
SP,354025,PONTALINDA,24,95860,3994.1666666666665,25.465355508142338,24.441019575515373,139.31457230426304,16,8,25.036511579386605,3.2188758248682006,3.2594998444411547
SP,354030,PONTES GESTAL,6,59450,2477.0833333333335,10.22922051463583,0.0,41.649312786339024,6,18,10.09251471825063,1.9459101490553132,2.4062705311351027
SP,354040,POPULINA,7,101635,4234.791666666667,7.016876850188346,0.0,47.99616030717542,6,18,6.887391154621931,2.0794415416798357,2.065265428041139
SP,354050,PORANGABA,22,210044,8751.833333333334,10.337626242478455,10.623713775622655,35.35651149086623,14,10,10.473995924663404,3.1354942159291497,2.440083250999505
SP,354060,PORTO FELIZ,491,1224336,51014.0,38.94785870092011,32.229691187994845,98.93831576544008,24,0,40.103370316645105,6.198478716492308,3.7160901209782202
SP,354070,PORTO FERREIRA,273,1228025,51167.708333333336,22.4927117917729,20.228772405696088,46.00681737384722,24,0,22.230817776511067,5.6131281063880705,3.1454797496285134
SP,354075,POTIM,1155,446742,18614.25,246.44340589452585,271.5653849527629,455.66070802663864,23,1,258.5384853002404,7.052721049232323,5.5589049971983515
SP,354080,POTIRENDABA,43,388625,16192.708333333334,10.711976676930094,9.056390160976806,27.440864936062784,19,5,11.06465101318752,3.784189633918261,2.4902797731043553
SP,354085,PRACINHA,277,58982,2457.5833333333335,436.4186514329622,412.5037429020124,1252.7634487840826,20,4,469.63480383845916,5.627621113690637,6.154082429866447
SP,354090,PRADOPOLIS,32,393664,16402.666666666668,8.311975119473443,6.064812476284734,29.234637198152374,17,7,8.128759551292472,3.4965075614664802,2.2114298202386373
SP,354100,PRAIA GRANDE,6782,6709220,279550.8333333333,99.18243267605591,97.89918174438355,135.47263360642896,24,0,101.08477587558613,8.82217476094608,4.625803604117135
SP,354105,PRATANIA,16,111976,4665.666666666667,14.301297403627563,0.0,61.2369871402327,11,13,14.288776166321355,2.833213344056216,2.7271189752934912
SP,354110,PRESIDENTE ALVES,12,97134,4047.25,12.75355434727831,0.0,105.15247108307045,8,16,12.354067576749646,2.5649493574615367,2.5918210258354573
SP,354120,PRESIDENTE BERNARDES,626,338704,14112.666666666666,184.86583635627835,182.4850131333848,624.1577416838073,23,1,184.82214559024987,6.440946540632921,5.22479000975209
SP,354130,PRESIDENTE EPITACIO,238,968282,40345.083333333336,24.592011384751057,22.569762677132864,50.07260527765259,24,0,24.579616268814252,5.476463551931511,3.2417957948190317
SP,354140,PRESIDENTE PRUDENTE,2081,5062902,210954.25,41.19262958210569,40.335843915811836,60.70511323838431,24,0,41.10290896406843,7.641084249174914,3.7401168348349723
SP,354150,PRESIDENTE VENCESLAU,323,885124,36880.166666666664,36.55996373894924,37.86824477874257,68.86103842445945,24,0,36.492062129148,5.780743515792329,3.6241292340136675
SP,354160,PROMISSAO,178,831760,34656.666666666664,21.57819086413474,18.85484998913548,56.35072692437732,24,0,21.400403962681544,5.187385805840755,3.109078992746666
SP,354165,QUADRA,4,76462,3185.9166666666665,4.907842120125197,0.0,58.17335660267597,3,21,5.231356752373728,1.6094379124341003,1.829594086356386
SP,354170,QUATA,42,305378,12724.083333333334,13.842595582975136,15.390555327240277,33.68421052631579,19,5,13.753446548212379,3.7612001156935624,2.6914767197761664
SP,354180,QUEIROZ,11,68335,2847.2916666666665,16.826255106235653,0.0,43.74453193350831,11,13,16.097168361747276,2.4849066497880004,2.8389128569163233
SP,354190,QUELUZ,58,242391,10099.625,23.56958541656395,20.35238788718979,72.28697930785216,19,5,23.92828116555483,4.07753744390572,3.2160029487307478
SP,354200,QUINTANA,23,150432,6268.0,14.703509579379615,15.182944396427544,70.11639321273313,15,9,15.28930014890449,3.1780538303479458,2.790508459683969
SP,354210,RAFARD,46,208786,8699.416666666666,22.03406766690991,22.801631008658642,44.767767207610525,21,3,22.03212859099748,3.8501476017100584,3.136890136439369
SP,354220,RANCHARIA,218,690389,28766.208333333332,31.561738403053138,31.267370912489724,52.123149628188195,24,0,31.57640113037722,5.389071729816501,3.4835881345303275
SP,354230,REDENCAO DA SERRA,6,99091,4128.791666666667,5.759120283492863,0.0,44.50378282153983,5,19,6.055040316476774,1.9459101490553132,1.9537422998847316
SP,354240,REGENTE FEIJO,58,451543,18814.291666666668,12.763780512913605,11.423876912184568,32.71716015049894,21,3,12.844845341418203,4.07753744390572,2.6279129858431762
SP,354250,REGINOPOLIS,393,166300,6929.166666666667,224.59910408195253,247.45588568517547,420.16806722689074,23,1,236.31990378833436,5.976350909297934,5.469409035981353
SP,354260,REGISTRO,865,1350410,56267.083333333336,62.79518659098272,54.35488099891499,131.21233719950754,24,0,64.0546204486045,6.763884908562435,4.17522723162291
SP,354270,RESTINGA,13,152010,6333.75,8.354121576881129,0.0,62.46096189881324,7,17,8.552068942832708,2.6390573296152584,2.2567577742574394
SP,354280,RIBEIRA,26,79374,3307.25,33.03324878874748,29.139755694733548,157.92798483891346,15,9,32.75631818983546,3.295836866004329,3.5191676054225067
SP,354290,RIBEIRAO BONITO,38,277465,11561.041666666666,13.703011450415898,12.779053242767539,49.44375772558715,18,6,13.695421044095653,3.6635616461296463,2.6875359516615474
SP,354300,RIBEIRAO BRANCO,48,454908,18954.5,10.566272424994148,10.086486241398314,31.695721077654518,20,4,10.55158405655649,3.8918202981106265,2.446822575317718
SP,354310,RIBEIRAO CORRENTE,2,103726,4321.916666666667,1.8840436009471713,0.0,22.82062984938384,2,22,1.9281568748433373,1.0986122886681098,1.074373172137661
SP,354320,RIBEIRAO DO SUL,14,109022,4542.583333333333,12.753552746744903,0.0,44.672771945499214,11,13,12.841444845994385,2.70805020110221,2.6276673411274776
SP,354323,RIBEIRAO DOS INDIOS,11,51283,2136.7916666666665,21.429184510124887,0.0,91.44947416552354,9,15,21.449603182341125,2.4849066497880004,3.111272938412499
SP,354325,RIBEIRAO GRANDE,10,178402,7433.416666666667,5.594817049095191,0.0,40.37141703673799,7,17,5.605318326027735,2.3978952727983707,1.8878751315181443
SP,354330,RIBEIRAO PIRES,650,2700641,112526.70833333333,24.13361157953919,24.393710980057804,34.03738592876067,24,0,24.068360067109992,6.478509642208569,3.221606495874639
SP,354340,RIBEIRAO PRETO,6127,14878291,619928.7916666666,41.13564799961925,42.4680001265775,51.36654535951325,24,0,41.18080497282921,8.720623711420426,3.7419652590987122
SP,354350,RIVERSUL,66,147634,6151.416666666667,44.92239548906199,35.578262747891216,125.86532410320957,22,2,44.70514922036929,4.204692619390966,3.822210965959205
SP,354360,RIFAINA,2,87234,3634.75,2.2196051840049154,0.0,27.18129926610492,2,22,2.2926840452117294,1.0986122886681098,1.1917030513909597
SP,354370,RINCAO,53,238265,9927.708333333334,21.986815975146367,19.290126328000913,57.98782255726297,21,3,22.24413992823117,3.9889840465642745,3.1460530541668255
SP,354380,RINOPOLIS,44,234228,9759.5,18.74494723027293,10.711855862102851,49.37783922575549,18,6,18.785115357685676,3.8066624897703196,2.984929905383224
SP,354390,RIO CLARO,1191,4526250,188593.75,26.39244879573229,25.854112103956265,39.546682033377394,24,0,26.313173156586576,7.083387847625295,3.307369119017502
SP,354400,RIO DAS PEDRAS,130,696693,29028.875,18.31327938143419,16.737627678745447,34.59772284078757,24,0,18.65958176700498,4.875197323201151,2.9785648411969614
SP,354410,RIO GRANDE DA SERRA,318,1026818,42784.083333333336,31.134082383480223,29.4808797000761,72.93774410615971,24,0,30.969460995035146,5.765191102784844,3.4647811032184928
SP,354420,RIOLANDIA,374,242330,10097.083333333334,150.29710552244168,154.33615490514575,422.3054035895959,22,2,154.3349977303677,5.926926025970411,5.045584060402498
SP,354425,ROSANA,128,472962,19706.75,26.400385340548002,24.640900970021757,61.492511090613604,24,0,27.063485015709507,4.859812404361672,3.3344692656689765
SP,354430,ROSEIRA,34,236408,9850.333333333334,14.498616772672607,10.261932104993225,42.62120404901438,20,4,14.381916009610505,3.5553480614894135,2.7331925343163856
SP,354440,RUBIACEA,6,63497,2645.7083333333335,9.33514260632564,0.0,38.98635477582846,6,18,9.4492653196214,1.9459101490553132,2.346531671596904
SP,354450,RUBINEIA,7,75730,3155.4166666666665,8.558532319543508,0.0,53.46164127238706,5,19,9.243364584708834,2.0794415416798357,2.326630138368637
SP,354460,SABINO,25,123214,5133.916666666667,20.38711642469755,19.51611016044345,60.27727546714888,14,10,20.289902121512167,3.258096538021482,3.0582328815022493
SP,354470,SAGRES,17,58414,2433.9166666666665,29.023488157017624,20.26753141467369,83.19467554076539,12,12,29.102612387441365,2.8903717578961645,3.4046119582692156
SP,354480,SALES,13,135178,5632.416666666667,9.78453714458706,0.0,48.582995951417004,8,16,9.616949503617452,2.6390573296152584,2.3624517338382898
SP,354490,SALES OLIVEIRA,19,255376,10640.666666666666,7.48009552834307,8.904811011681367,20.918313983892897,13,11,7.440010024434558,2.995732273553991,2.1329834963363736
SP,354500,SALESOPOLIS,49,365997,15249.875,13.328080080048467,12.956538139917871,39.00916715428126,20,4,13.388087880501754,3.912023005428146,2.6664006337172648
SP,354510,SALMOURAO,17,113751,4739.625,14.833145607278526,20.697667544437977,41.597337770382694,14,10,14.944923561111551,2.8903717578961645,2.769140506540938
SP,354515,SALTINHO,18,173065,7211.041666666667,9.522493303046828,0.0,49.60932655339204,9,15,10.400716493802907,2.9444389791664403,2.4336762037590387
SP,354520,SALTO,600,2722116,113421.5,21.68451525563953,21.483013131888406,39.964317573595004,24,0,22.04167640174041,6.398594934535208,3.1373045936729795
SP,354530,SALTO DE PIRAPORA,332,986682,41111.75,34.12821287055491,31.45930779862941,63.995904262127226,24,0,33.6481257385865,5.808142489980444,3.5452436329344437
SP,354540,SALTO GRANDE,137,212988,8874.5,64.38510215613964,67.06023494328778,104.8951048951049,24,0,64.32287265010235,4.927253685157205,4.1793422452446
SP,354550,SANDOVALINA,10,85559,3564.9583333333335,11.318551839479587,0.0,108.13733441470669,7,17,11.68784113886324,2.3978952727983707,2.5406441442327123
SP,354560,SANTA ADELIA,19,337560,14065.0,5.606070014382687,0.0,28.37684449489217,11,13,5.628628984476834,2.995732273553991,1.8913979931421698
SP,354570,SANTA ALBERTINA,14,142579,5940.791666666667,9.728883591661301,0.0,35.542918073573844,10,14,9.819117822400214,2.70805020110221,2.381314737968738
SP,354580,SANTA BARBARA DOESTE,825,4312334,179680.58333333334,19.093923156968682,18.590359981684102,29.452349915733556,24,0,19.131171194067992,6.716594773520978,3.002269419482718
SP,354600,SANTA BRANCA,43,329042,13710.083333333334,12.85171267851245,7.224392593222026,56.29045876723895,14,10,13.068240528564743,3.784189633918261,2.643919812032019
SP,354610,SANTA CLARA DOESTE,15,54566,2273.5833333333335,26.859800000991502,38.92899158085781,78.40062720501764,14,10,27.48964556683649,2.772588722239781,3.349540707815952
SP,354620,SANTA CRUZ DA CONCEICAO,7,96329,4013.7083333333335,7.606532841118605,0.0,81.83306055646482,5,19,7.266762864765543,2.0794415416798357,2.1122430013019184
SP,354625,SANTA CRUZ DA ESPERANCA,2,47597,1983.2083333333333,4.128999888176751,0.0,51.20327700972862,2,22,4.201945500766855,1.0986122886681098,1.6490326903792798
SP,354630,SANTA CRUZ DAS PALMEIRAS,143,689980,28749.166666666668,20.898981273635517,18.872085930929828,37.91181711339424,24,0,20.725238412707615,4.969813299576001,3.0784746452089675
SP,354640,SANTA CRUZ DO RIO PARDO,228,1063555,44314.791666666664,21.319067601620365,19.790290058634067,48.24129034964448,24,0,21.437537315888694,5.43372200355424,3.110735329350789
SP,354650,SANTA ERNESTINA,15,139239,5801.625,10.580262039031513,0.0,52.21023320570832,10,14,10.772843815310365,2.772588722239781,2.465795507662216
SP,354660,SANTA FE DO SUL,119,737452,30727.166666666668,16.161630081280332,15.582703347024882,36.98772007693446,23,1,16.13664346967667,4.787491742782046,2.841219063751821
SP,354670,SANTA GERTRUDES,95,509365,21223.541666666668,18.270585776645003,18.32234854069798,49.38493310586334,22,2,18.650672896645823,4.564348191467836,2.9781115818330672
SP,354680,SANTA ISABEL,467,1204974,50207.25,38.570916217892005,41.55616716267659,65.35570805220767,24,0,38.756022951532564,6.148468295917647,3.682761350415497
SP,354690,SANTA LUCIA,33,186708,7779.5,17.338276683042192,18.541323354730217,60.620756547041715,13,11,17.674657754354392,3.5263605246161616,2.927167404444224
SP,354700,SANTA MARIA DA SERRA,20,125147,5214.458333333333,15.919801923401101,18.68481523608432,59.65400676078744,15,9,15.98120610162449,3.044522437723423,2.832107209080574
SP,354710,SANTA MERCEDES,18,68958,2873.25,26.157635267798202,0.0,106.26992561105206,10,14,26.102845210127906,2.9444389791664403,3.2996387116782766
SP,354720,SANTANA DA PONTE PENSA,8,40780,1699.1666666666667,19.62390649693701,0.0,111.85682326621924,7,17,19.617459538989703,2.1972245773362196,3.0261382672638724
SP,354730,SANTANA DE PARNAIBA,801,2829767,117906.95833333333,28.864014188726173,28.478372068213172,45.38722469065023,24,0,28.306217437690098,6.687108607866515,3.3777996927505174
SP,354740,SANTA RITA DOESTE,8,63395,2641.4583333333335,12.378531783358417,0.0,77.2499034376207,6,18,12.619291742250967,2.1972245773362196,2.611487298066092
SP,354750,SANTA RITA DO PASSA QUATRO,93,615731,25655.458333333332,15.114996584311049,11.98341852918184,34.45107946715664,23,1,15.103998336936096,4.543294782270004,2.7790675850672475
SP,354760,SANTA ROSA DE VITERBO,42,558179,23257.458333333332,7.681368364790548,4.257957248314342,36.140224069389234,13,11,7.5244679574115105,3.7612001156935624,2.1429406115342156
SP,354765,SANTA SALETE,4,36137,1505.7083333333333,10.40736399581203,0.0,65.53079947575361,4,20,11.068987464371697,1.6094379124341003,2.490639142971844
SP,354770,SANTO ANASTACIO,158,471075,19628.125,33.307972848238585,30.562488986070605,63.492063492063494,24,0,33.54030674521042,5.0689042022202315,3.5421269535479576
SP,354780,SANTO ANDRE,5541,16764577,698524.0416666666,32.979465976518604,32.73545051332567,40.3124138780249,24,0,33.051833040583126,8.620110725422924,3.5278838649375226
SP,354790,SANTO ANTONIO DA ALEGRIA,8,153008,6375.333333333333,5.119982015073238,0.0,34.3878954607978,4,20,5.228484785109275,2.1972245773362196,1.829133090555328
SP,354800,SANTO ANTONIO DE POSSE,104,506507,21104.458333333332,20.53500004526992,22.048337406802073,43.583535108958834,23,1,20.53278631884653,4.653960350157523,3.069576718648239
SP,354805,SANTO ANTONIO DO ARACANGUA,23,186447,7768.625,12.277205762476973,12.857799793468438,46.68534080298787,14,10,12.335945335671799,3.1780538303479458,2.5904630464352776
SP,354810,SANTO ANTONIO DO JARDIM,9,145294,6053.916666666667,6.1462103308895975,0.0,48.53583562530335,5,19,6.194336999463157,2.302585092994046,1.9732941886943545
SP,354820,SANTO ANTONIO DO PINHAL,5,160630,6692.916666666667,3.0150677422544874,0.0,28.71500358937545,3,21,3.112743572184524,1.791759469228055,1.4140903416165358
SP,354830,SANTO EXPEDITO,16,67755,2823.125,23.429412638654977,0.0,74.37709185570844,10,14,23.61449339532138,2.833213344056216,3.20333543186172
SP,354840,SANTOPOLIS DO AGUAPEI,21,97333,4055.5416666666665,21.600038491371212,24.11525311566221,75.18796992481204,15,9,21.575416354165597,3.091042453358316,3.116861542285384
SP,354850,SANTOS,11055,10068890,419537.0833333333,109.79562951704746,108.21607963464396,131.7343508676297,24,0,109.79363167141561,9.310728546007452,4.7076692967716305
SP,354860,SAO BENTO DO SAPUCAI,29,261253,10885.541666666666,10.856032094974593,8.928440597260634,50.804403048264184,15,9,11.100351000754058,3.4011973816621555,2.4932344605087438
SP,354870,SAO BERNARDO DO CAMPO,5933,18513165,771381.875,31.97291684763607,31.552810725272828,39.73093606588294,24,0,32.047464601541655,8.688453800850768,3.497944849332079
SP,354880,SAO CAETANO DO SUL,770,3688158,153673.25,21.147071424928505,19.21408389805257,37.57692634922436,24,0,20.877630513660204,6.647688373563329,3.0854646770670175
SP,354890,SAO CARLOS,1407,5483976,228499.0,25.73636186073796,25.37262459333428,34.76613476160005,24,0,25.656567424802734,7.249925536717988,3.283035552702749
SP,354900,SAO FRANCISCO,16,65750,2739.5833333333335,24.353151005832085,17.63668430335097,109.32944606413994,12,12,24.334600760456272,2.833213344056216,3.2321710803847723
SP,354910,SAO JOAO DA BOA VISTA,330,2058433,85768.04166666667,15.771662814595983,13.937866780542063,31.867092977554943,24,0,16.031612396419995,5.802118375377063,2.835071169959045
SP,354920,SAO JOAO DAS DUAS PONTES,11,62185,2591.0416666666665,17.826466078890824,0.0,77.9423226812159,8,16,17.6891533327973,2.4849066497880004,2.92794331989548
SP,354925,SAO JOAO DE IRACEMA,11,42835,1784.7916666666667,25.75229328969063,0.0,169.58733747880157,8,16,25.67993463289366,2.4849066497880004,3.2839117710029546
SP,354930,SAO JOAO DO PAU DALHO,10,52057,2169.0416666666665,19.26833083320837,0.0,93.10986964618249,7,17,19.209712430604913,2.3978952727983707,3.0061633022497194
SP,354940,SAO JOAQUIM DA BARRA,172,1112854,46368.916666666664,15.194001537361913,16.803423268445034,34.39972480220158,19,5,15.455756100980002,5.153291594497779,2.800675330958613
SP,354950,SAO JOSE DA BELA VISTA,6,193637,8068.208333333333,3.047303661151543,0.0,24.57606291472106,3,21,3.0985813661645243,1.9459101490553132,1.4106409055830398
SP,354960,SAO JOSE DO BARREIRO,13,96294,4012.25,13.380596334411491,0.0,50.69708491761723,9,15,13.500321930753731,2.6390573296152584,2.674170851301012
SP,354970,SAO JOSE DO RIO PARDO,167,1241745,51739.375,13.394854089877422,12.554771695253194,28.081473715740604,24,0,13.448815980736786,5.123963979403259,2.6706124721518965
SP,354980,SAO JOSE DO RIO PRETO,3920,10202244,425093.5,38.2883995301981,39.08636402168324,51.01554305330409,24,0,38.42291950672813,8.27410200229233,3.6743473605429875
SP,354990,SAO JOSE DOS CAMPOS,4617,15304062,637669.25,30.29711088397349,30.019211115723717,40.894270055535884,24,0,30.168461157567187,8.43771698991444,3.4394067232171706
SP,354995,SAO LOURENCO DA SERRA,75,345264,14386.0,21.111917158426042,20.268951298493114,72.91286912139992,22,2,21.722507993882942,4.330733340286331,3.123355974815455
SP,355000,SAO LUIS DO PARAITINGA,50,249402,10391.75,20.04878094921999,9.666973352085458,58.043919899390545,18,6,20.047954707660725,3.9318256327243257,3.0468033918761517
SP,355010,SAO MANUEL,224,904385,37682.708333333336,24.76773158507397,26.483423636621293,39.94673768308922,24,0,24.768212652797207,5.41610040220442,3.2491416645870994
SP,355020,SAO MIGUEL ARCANJO,133,758144,31589.333333333332,17.4988591700947,17.394127317067472,38.801047628285964,24,0,17.54284146547358,4.897839799950911,2.9200838097467923
SP,355030,SAO PAULO,184832,268693391,11195557.958333334,68.74376632203453,67.09697137252837,81.86235254814856,24,0,68.78918730085178,12.127207993676313,4.245479088038658
SP,355040,SAO PEDRO,157,799560,33315.0,19.537568637947405,18.479357330439466,38.93529661616877,24,0,19.635799689829405,5.062595033026967,3.0270274165039974
SP,355050,SAO PEDRO DO TURVO,31,171680,7153.333333333333,17.981201271500918,13.885032203268697,68.18491749624982,17,7,18.056849953401677,3.4657359027997265,2.947426614546563
SP,355060,SAO ROQUE,456,1843601,76816.70833333333,24.917885579309345,21.799994437728863,40.57000862112683,24,0,24.734202248751224,6.124683390894205,3.24782093393574
SP,355070,SAO SEBASTIAO,1271,1767795,73658.125,71.46101308927086,69.34082877962538,119.0206976993299,24,0,71.8974768001946,7.148345743900068,4.289054026621297
SP,355080,SAO SEBASTIAO DA GRAMA,43,277691,11570.458333333334,15.786351710760023,9.345895600368229,44.487943767239074,19,5,15.484837463223512,3.784189633918261,2.802441016798018
SP,355090,SAO SIMAO,34,333738,13905.75,10.237484478189456,7.283298981451999,43.440486533449175,16,8,10.187632214491607,3.5553480614894135,2.414808901586257
SP,355100,SAO VICENTE,10862,7837649,326568.7083333333,138.1110750308247,119.83272934441047,194.5830966509953,24,0,138.58747693345288,9.293117798433752,4.938691479523954
SP,355110,SARAPUI,18,222620,9275.833333333334,7.588682077290305,0.0,56.4334085778781,9,15,8.085526906836762,2.9444389791664403,2.206682697616734
SP,355120,SARUTAIA,32,88244,3676.8333333333335,36.105623456408175,27.281420411191405,162.9106706489275,18,6,36.26308870858075,3.4965075614664802,3.618003257834926
SP,355130,SEBASTIANOPOLIS DO SUL,5,71416,2975.6666666666665,6.7970921658734085,0.0,65.46644844517185,4,20,7.001232216870169,1.791759469228055,2.0795955569276496
SP,355140,SERRA AZUL,505,264653,11027.208333333334,174.8563903769244,206.1934005687237,400.73468024711974,19,5,190.81589855395558,6.226536669287466,5.2565360503276795
SP,355150,SERRANA,212,948321,39513.375,22.166212921973955,18.716341740196164,44.79082683866344,24,0,22.35529952410629,5.3612921657094255,3.1508239187104676
SP,355160,SERRA NEGRA,115,652576,27190.666666666668,18.178574487953103,15.079735465337691,49.305612622236836,24,0,17.62246849409111,4.7535901911063645,2.92436883524735
SP,355170,SERTAOZINHO,792,2718102,113254.25,28.63412669547947,27.201200865311733,55.529696138236275,24,0,29.137979369427637,6.675823221634848,3.4057861494588524
SP,355180,SETE BARRAS,145,313210,13050.416666666666,46.12773600837571,44.6927787134751,103.72675409350227,24,0,46.29481817311069,4.983606621708336,3.856400737131064
SP,355190,SEVERINIA,66,355592,14816.333333333334,18.474121130392906,19.70430285283131,33.26458652118954,24,0,18.560597538752276,4.204692619390966,2.9735172131560246
SP,355200,SILVEIRAS,11,140634,5859.75,7.748702648121539,0.0,54.151624548736464,4,20,7.8217216320377725,2.4849066497880004,2.1772170473465304
SP,355210,SOCORRO,159,892988,37207.833333333336,17.93970968922363,16.817457081346042,40.41803799295571,24,0,17.805390441976822,5.075173815233827,2.9341435543750287
SP,355220,SOROCABA,5987,14833411,618058.7916666666,40.66458326504479,41.46199034521979,49.505040928429594,24,0,40.361586421356485,8.69751274553952,3.722352585880361
SP,355230,SUD MENNUCCI,11,177611,7400.458333333333,6.199155284632885,0.0,27.129679869777537,9,15,6.193310099036658,2.4849066497880004,1.9731514411802944
SP,355240,SUMARE,1401,5918031,246584.625,23.563701933439976,22.75846377643591,34.16302318599523,24,0,23.6734143501445,7.2456550675945355,3.2057263218623735
SP,355250,SUZANO,2602,6535592,272316.3333333333,39.82981267876465,37.39904411321238,54.77372413882336,24,0,39.81276677001869,7.864419904994565,3.70899494349354
SP,355255,SUZANAPOLIS,11,78725,3280.2083333333335,14.257827182085487,0.0,58.8235294117647,10,14,13.972689742775485,2.4849066497880004,2.7062278578279257
SP,355260,TABAPUA,31,268665,11194.375,11.46668082185959,8.813302918188564,54.510765876260564,13,11,11.5385331174511,3.4657359027997265,2.5288065520826994
SP,355270,TABATINGA,75,345703,14404.291666666666,21.903625505100834,20.661923299427343,53.231939163498105,23,1,21.694923098729255,4.330733340286331,3.1221412474351515
SP,355280,TABOAO DA SERRA,2610,5908902,246204.25,43.91530569718456,43.06983224557885,58.74613928815157,24,0,44.170642870705926,7.8674885686991285,3.810447381814647
SP,355290,TACIBA,34,139680,5820.0,23.92579207871748,17.000512266327007,93.76465072667605,13,11,24.34135166093929,3.5553480614894135,3.2324375144703845
SP,355300,TAGUAI,38,259590,10816.25,14.000148752868355,9.057366679006662,56.71690163668773,17,7,14.638468353942756,3.6635616461296463,2.7497337989879953
SP,355310,TAIACU,11,138465,5769.375,7.935106123751463,0.0,35.00787677227376,7,17,7.944245838298486,2.4849066497880004,2.191010402427943
SP,355320,TAIUVA,41,140427,5851.125,26.917100763423377,0.0,178.22664488341007,11,13,29.19666445911399,3.7376696182833684,3.4077314699072443
SP,355330,TAMBAU,75,529150,22047.916666666668,14.123953563520937,13.503869953469334,26.90341673392521,23,1,14.173674761409806,4.330733340286331,2.7195620027471854
SP,355340,TANABI,105,581997,24249.875,17.950606878970298,17.00313197813848,37.10881128107863,24,0,18.041330109949023,4.663439094112067,2.946611885639023
SP,355350,TAPIRAI,32,194820,8117.5,16.479249442599958,12.49687656171914,49.98125702861427,16,8,16.425418334873214,3.4965075614664802,2.8579299640986195
SP,355360,TAPIRATIBA,22,298891,12453.791666666666,7.297855880212087,7.801244744787346,16.75603217158177,16,8,7.360542806574973,3.1354942159291497,2.123523354004958
SP,355365,TAQUARAL,9,64542,2689.25,14.151062080483248,0.0,225.30980097634247,3,21,13.944408292274797,2.302585092994046,2.7043372025984596
SP,355370,TAQUARITINGA,289,1273849,53077.041666666664,22.702500722814268,18.07746551655581,45.46487838145033,24,0,22.687147377750424,5.66988092298052,3.1649325963044186
SP,355380,TAQUARITUBA,306,551679,22986.625,54.175580985822585,26.95423017329138,225.8201959948871,24,0,55.467037897037955,5.726847747587197,4.033657067855942
SP,355385,TAQUARIVAI,27,135015,5625.625,21.05326781962975,15.278074699433777,82.16926869350863,14,10,19.997778024663926,3.332204510175204,3.0444166237759878
SP,355390,TARABAI,32,154326,6430.25,20.578488606612275,15.646471363909626,60.74411541381929,17,7,20.73532651659474,3.4965075614664802,3.0789388869455725
SP,355395,TARUMA,49,316516,13188.166666666666,14.980042971920085,8.895155328772038,43.327556325823224,22,2,15.481049931125124,3.912023005428146,2.8022112318648995
SP,355400,TATUI,721,2657470,110727.91666666667,27.000356768331784,27.683046353158215,42.78158058494088,24,0,27.13106827170203,6.582025138892826,3.336874598023204
SP,355410,TAUBATE,2596,6814135,283922.2916666667,38.03281746343979,38.0555938800436,48.62767760554497,24,0,38.09727867146747,7.862112211662748,3.6660528653739783
SP,355420,TEJUPA,21,111865,4661.041666666667,19.587039284432503,19.64616006380576,70.85498346717053,13,11,18.7726277209136,3.091042453358316,2.984298542913324
SP,355430,TEODORO SAMPAIO,97,514204,21425.166666666668,18.95108555049187,16.061251819944523,47.38887309259786,23,1,18.86410840833599,4.584967478670572,2.988914505718963
SP,355440,TERRA ROXA,22,195643,8151.791666666667,11.269510475751742,12.276381166340595,25.150905432595575,15,9,11.24497170867345,3.1354942159291497,2.5051153799623807
SP,355450,TIETE,172,868902,36204.25,19.585911308565414,16.168640340608782,42.482011523245625,24,0,19.795097721031834,5.153291594497779,3.034717272439993
SP,355460,TIMBURI,11,62362,2598.4166666666665,17.969316688410235,0.0,80.67769261799113,8,16,17.638946794522308,2.4849066497880004,2.925253305221332
SP,355465,TORRE DE PEDRA,8,51832,2159.6666666666665,15.4999417410725,0.0,97.75171065493646,5,19,15.43448062972681,2.1972245773362196,2.7993816051399247
SP,355470,TORRINHA,16,221943,9247.625,7.193953218313877,0.0,32.14744963566224,10,14,7.2090581816051875,2.833213344056216,2.1052382008797124
SP,355475,TRABIJU,13,37519,1563.2916666666667,34.404223539210356,0.0,178.359096313912,11,13,34.64911111703403,2.6390573296152584,3.573724212945924
SP,355480,TREMEMBE,1374,1042280,43428.333333333336,125.65097947001262,132.87318981169227,250.7984823476453,24,0,131.82638062708676,7.226209010100671,4.889042866614526
SP,355490,TRES FRONTEIRAS,17,140739,5864.125,12.236474447154423,15.850985167235303,56.12722170252573,14,10,12.07909676777581,2.8903717578961645,2.571015289193294
SP,355495,TUIUTI,8,145142,6047.583333333333,5.285020827594808,0.0,32.6211058554885,6,18,5.511843573879373,2.1972245773362196,1.8736226072015554
SP,355500,TUPA,560,1528847,63701.958333333336,36.679288644838174,38.5064449546804,67.78805984266864,24,0,36.62891054500548,6.329720905522696,3.627772652419174
SP,355510,TUPI PAULISTA,589,351810,14658.75,162.69613337042514,129.6437657433106,527.2523561589666,24,0,167.4199141582104,6.380122536899765,5.126460349912905
SP,355520,TURIUBA,2,45232,1884.6666666666667,4.343737654819097,0.0,52.32862375719519,2,22,4.4216483905199855,1.0986122886681098,1.6903999003053172
SP,355530,TURMALINA,6,46485,1936.875,14.276901317914662,0.0,59.916117435590174,6,18,12.907389480477574,1.9459101490553132,2.6324203161787754
SP,355535,UBARANA,22,122708,5112.833333333333,17.566349974829233,9.375585974123382,56.72149744753262,12,12,17.928741402353555,3.1354942159291497,2.9406814760776263
SP,355540,UBATUBA,1187,1959485,81645.20833333333,59.50905670909008,53.61416058762188,117.22825093298631,24,0,60.57714144277706,7.080026499922591,4.120290721197679
SP,355550,UBIRAJARA,7,111102,4629.25,5.955455154818568,0.0,40.941658137154555,5,19,6.3005166423646735,2.0794415416798357,1.9879451185767276
SP,355560,UCHOA,39,233435,9726.458333333334,16.351752997733787,14.996602918933952,47.049967065023054,18,6,16.70700623299848,3.6888794541139363,2.8739603936316125
SP,355570,UNIAO PAULISTA,6,37311,1554.625,15.628259278616904,0.0,125.07817385866166,5,19,16.08104848436118,1.9459101490553132,2.8379695731485395
SP,355580,URANIA,46,212197,8841.541666666666,21.675937173794722,16.98241860620659,56.59950192438306,18,6,21.67796905705547,3.8501476017100584,3.1213939271010354
SP,355590,URU,6,31889,1328.7083333333333,18.81318195727118,0.0,78.55459544383346,6,18,18.815265452036755,1.9459101490553132,2.98645262307231
SP,355600,URUPES,19,310235,12926.458333333334,6.055004618896866,7.418595245004094,22.256843979523705,13,11,6.124389575644269,2.995732273553991,1.9635240488907355
SP,355610,VALENTIM GENTIL,24,279359,11639.958333333334,8.241849657630121,3.619778469557663,39.05487209529389,12,12,8.591096044874158,3.2188758248682006,2.2608351727582487
SP,355620,VALINHOS,368,2621381,109224.20833333333,14.272439670739479,14.404785034871434,23.503419747573272,24,0,14.038401895794621,5.910796644040527,2.7106070559474773
SP,355630,VALPARAISO,824,537928,22413.666666666668,149.22255608673677,158.96899193101427,403.6884375132792,24,0,153.1803512737764,6.715383386334681,5.038123029364079
SP,355635,VARGEM,14,217337,9055.708333333334,6.4928393908547095,0.0,28.015128169211373,9,15,6.441609113956667,2.70805020110221,2.0070871042177383
SP,355640,VARGEM GRANDE DO SUL,171,937839,39076.625,18.315559211940457,16.019320881364358,41.71881518564873,24,0,18.233406800101083,5.147494476813453,2.95664870460127
SP,355645,VARGEM GRANDE PAULISTA,338,1047590,43649.583333333336,32.923455995357294,27.729783450182477,71.44558228149559,24,0,32.26453097108602,5.82600010738045,3.504491693322496
SP,355650,VARZEA PAULISTA,650,2582962,107623.41666666667,24.954719609247935,23.55134832398075,40.796205952846385,24,0,25.164907575101765,6.478509642208569,3.2644191074312237
SP,355660,VERA CRUZ,55,254974,10623.916666666666,21.658670764356174,19.33218516852992,56.77517032551098,21,3,21.570826829402215,4.02535169073515,3.11665822415942
SP,355670,VINHEDO,311,1560411,65017.125,19.090040458694812,16.851797489148453,42.41926655719759,24,0,19.930646477114042,5.7430031878094825,3.0412144235639853
SP,355680,VIRADOURO,60,410424,17101.0,14.49785372269052,14.833362497405977,34.55226029369422,19,5,14.619028127010116,4.110873864173311,2.748489922694126
SP,355690,VISTA ALEGRE DO ALTO,18,165543,6897.625,11.312115819104003,0.0,40.54327995134806,11,13,10.873307841467172,2.9444389791664403,2.4742928422063035
SP,355695,VITORIA BRASIL,13,41938,1747.4166666666667,31.057377532433307,0.0,116.41443538998836,11,13,30.998140111593305,2.6390573296152584,3.465677779597897
SP,355700,VOTORANTIM,931,2718865,113286.04166666667,34.129037935055685,35.35727280768787,48.32659573652033,24,0,34.24222975395983,6.837332814685591,3.562245072447683
SP,355710,VOTUPORANGA,556,2096250,87343.75,26.762485711451575,26.345326429974264,40.894568690095845,24,0,26.52355396541443,6.322565239927284,3.315042145912255
SP,355715,ZACARIAS,6,57323,2388.4583333333335,10.04327187042252,0.0,78.83326763894362,5,19,10.467002773755736,1.9459101490553132,2.439473586946409
SP,355720,CHAVANTES,67,292219,12175.791666666666,22.940559077526416,16.48805333832243,57.67012687427913,22,2,22.928009472347796,4.219507705176107,3.175049717196333
SP,355730,ESTIVA GERBI,14,246479,10269.958333333334,5.500340558820986,0.0,27.35229759299781,10,14,5.679997078858645,2.70805020110221,1.8991175502518487
