id,name,description,cod_mun6,municipio_geo,estado,municipio,casos_acumulados,pop_pessoa_ano,pop_media,incidencia_media_anual,incidencia_mediana_anual,incidencia_max_anual,anos_com_casos,anos_zero,incidencia_periodo_100mil_pessoa_ano,log_casos_acumulados_mais1,log_inc_periodo_mais1,gi_z,gi_p,classe_gi,estado_analise,contexto_analise,variavel_analise
3500105,Adamantina,Adamantina,350010,ADAMANTINA,SP,ADAMANTINA,129,818748,34114.5,15.749560568173175,14.840321117944594,34.820962219255996,24,0,15.755763678201353,4.867534450455582,2.8187422992733078,0.8193618721858736,0.035,Hot spot,SP,2001–2024,incidencia_periodo_100mil_pessoa_ano
3500204,Adolfo,Adolfo,350020,ADOLFO,SP,ADOLFO,17,92716,3863.1666666666665,18.07615638244288,0.0,82.01202843083652,11,13,18.335562362483284,2.8903717578961645,2.9619460098436012,-0.2596254775684893,0.147,Não significativo,SP,2001–2024,incidencia_periodo_100mil_pessoa_ano
3500303,Aguaí,Aguaí,350030,AGUAI,SP,AGUAI,211,753910,31412.916666666668,27.918917412189938,25.740797954311688,57.77183167112624,24,0,27.987425554774443,5.356586274672012,3.366862134394633,-0.06369197870659976,0.408,Não significativo,SP,2001–2024,incidencia_periodo_100mil_pessoa_ano
3500402,Águas da Prata,Águas da Prata,350040,AGUAS DA PRATA,SP,AGUAS DA PRATA,17,178272,7428.0,9.689377424818538,0.0,54.72704884389109,9,15,9.535989947944714,2.8903717578961645,2.354797010373015,-0.29237837281052914,0.237,Não significativo,SP,2001–2024,incidencia_periodo_100mil_pessoa_ano
3500501,Águas de Lindóia,Águas de Lindóia,350050,AGUAS DE LINDOIA,SP,AGUAS DE LINDOIA,64,415578,17315.75,15.523030829162813,11.771405070880618,60.97560975609756,22,2,15.400237741170129,4.174387269895637,2.7972958311378937,-0.2268777415965994,0.398,Não significativo,SP,2001–2024,incidencia_periodo_100mil_pessoa_ano
3500550,Águas de Santa Bárbara,Águas de Santa Bárbara,350055,AGUAS DE SANTA BARBARA,SP,AGUAS DE SANTA BARBARA,21,146058,6085.75,13.52685926336518,15.136193220038868,43.566656985187336,15,9,14.377849895247092,3.091042453358316,2.7329281555561784,0.11845760527505722,0.178,Não significativo,SP,2001–2024,incidencia_periodo_100mil_pessoa_ano
3500600,Águas de São Pedro,Águas de São Pedro,350060,AGUAS DE SAO PEDRO,SP,AGUAS DE SAO PEDRO,10,61706,2571.0833333333335,15.768596323085271,0.0,73.5564545788893,9,15,16.20587949308009,2.3978952727983707,2.845251156401533,-0.24507627948673083,0.488,Não significativo,SP,2001–2024,incidencia_periodo_100mil_pessoa_ano
3500709,Agudos,Agudos,350070,AGUDOS,SP,AGUDOS,240,847637,35318.208333333336,28.215557990246293,28.957279751019353,56.964600569646,24,0,28.31400705726626,5.484796933490655,3.378065458352377,-0.03328565779818939,0.36,Não significativo,SP,2001–2024,incidencia_periodo_100mil_pessoa_ano
3500758,Alambari,Alambari,350075,ALAMBARI,SP,ALAMBARI,10,122049,5085.375,7.043709716142871,0.0,47.39336492890995,7,17,8.193430507419151,2.3978952727983707,2.2184891537012796,0.008670031288170356,0.205,Não significativo,SP,2001–2024,incidencia_periodo_100mil_pessoa_ano
3500808,Alfredo Marcondes,Alfredo Marcondes,350080,ALFREDO MARCONDES,SP,ALFREDO MARCONDES,7,97304,4054.3333333333335,6.961389655350096,0.0,50.27652086475615,5,19,7.193948861300665,2.0794415416798357,2.1033959381118756,0.3077712191716759,0.08,Não significativo,SP,2001–2024,incidencia_periodo_100mil_pessoa_ano
3500907,Altair,Altair,350090,ALTAIR,SP,ALTAIR,19,87170,3632.0833333333335,21.71402681052488,26.522073708926133,81.74386920980926,13,11,21.796489617987838,2.995732273553991,3.126606559983362,-0.1808723560609611,0.375,Não significativo,SP,2001–2024,incidencia_periodo_100mil_pessoa_ano
3501004,Altinópolis,Altinópolis,350100,ALTINOPOLIS,SP,ALTINOPOLIS,48,384710,16029.583333333334,12.305503386964913,12.508796970380164,30.671083302662247,19,5,12.476930675053936,3.8918202981106265,2.600979384828844,-0.05742965542007466,0.356,Não significativo,SP,2001–2024,incidencia_periodo_100mil_pessoa_ano
3501103,Alto Alegre,Alto Alegre,350110,ALTO ALEGRE,SP,ALTO ALEGRE,39,96987,4041.125,41.56190774887269,11.95886151638364,362.50647332988086,12,12,40.21157474713106,3.6888794541139363,3.718719157363444,0.4124990293972928,0.102,Não significativo,SP,2001–2024,incidencia_periodo_100mil_pessoa_ano
3501152,Alumínio,Alumínio,350115,ALUMINIO,SP,ALUMINIO,81,401213,16717.208333333332,20.062764860943876,17.55671635356387,69.36015259233571,23,1,20.188777532133805,4.406719247264253,3.0534716798247987,-0.06221979313005347,0.293,Não significativo,SP,2001–2024,incidencia_periodo_100mil_pessoa_ano
3501202,Álvares Florence,Álvares Florence,350120,ALVARES FLORENCE,SP,ALVARES FLORENCE,8,95621,3984.2083333333335,8.212396617187041,0.0,51.26890540886952,6,18,8.366363037408101,2.1972245773362196,2.2371248712111043,-0.26921743335579684,0.159,Não significativo,SP,2001–2024,incidencia_periodo_100mil_pessoa_ano
3501301,Álvares Machado,Álvares Machado,350130,ALVARES MACHADO,SP,ALVARES MACHADO,83,593196,24716.5,13.58683283654365,8.74477486654244,44.028618602091356,24,0,13.992002643308451,4.430816798843313,2.707516901810649,0.21252290543149963,0.121,Não significativo,SP,2001–2024,incidencia_periodo_100mil_pessoa_ano
3501400,Álvaro de Carvalho,Álvaro de Carvalho,350140,ALVARO DE CARVALHO,SP,ALVARO DE CARVALHO,410,110580,4607.5,363.08510846395507,422.70071460730446,723.0965546575925,22,2,370.7722915536263,6.018593214496234,5.918281547372032,0.9147075819939228,0.148,Não significativo,SP,2001–2024,incidencia_periodo_100mil_pessoa_ano
3501509,Alvinlândia,Alvinlândia,350150,ALVINLANDIA,SP,ALVINLANDIA,12,70334,2930.5833333333335,17.153192261146366,0.0,102.31923601637108,8,16,17.061449654505644,2.5649493574615367,2.893779813566234,-0.21381625863494377,0.351,Não significativo,SP,2001–2024,incidencia_periodo_100mil_pessoa_ano
3501608,Americana,Americana,350160,AMERICANA,SP,AMERICANA,1198,5162859,215119.125,23.43289370857441,22.430412867954608,37.23441390705359,24,0,23.20419751924273,7.089243155027514,3.1865260693300965,-0.13966529673724418,0.476,Não significativo,SP,2001–2024,incidencia_periodo_100mil_pessoa_ano
3501707,Américo Brasiliense,Américo Brasiliense,350170,AMERICO BRASILIENSE,SP,AMERICO BRASILIENSE,839,787240,32801.666666666664,110.95845860924025,57.784648295270415,329.8216401421755,24,0,106.57486916315227,6.733401891837359,4.678187062485507,0.0734373922734752,0.44,Não significativo,SP,2001–2024,incidencia_periodo_100mil_pessoa_ano
3501806,Américo de Campos,Américo de Campos,350180,AMERICO DE CAMPOS,SP,AMERICO DE CAMPOS,15,137984,5749.333333333333,10.904021935521188,0.0,71.36485280999108,11,13,10.87082560296846,2.772588722239781,2.474083759949117,-0.3379684937062769,0.044,Cold spot,SP,2001–2024,incidencia_periodo_100mil_pessoa_ano
3501905,Amparo,Amparo,350190,AMPARO,SP,AMPARO,433,1576107,65671.125,27.756231714029237,26.979632156325785,65.01950585175553,24,0,27.47275407063099,6.073044534100405,3.3489476324958067,-0.25332484171903963,0.094,Não significativo,SP,2001–2024,incidencia_periodo_100mil_pessoa_ano
3502002,Analândia,Analândia,350200,ANALANDIA,SP,ANALANDIA,8,102363,4265.125,7.5220405584917245,0.0,43.58247984310307,7,17,7.815323896329728,2.1972245773362196,2.1764915589444778,0.052981987785032846,0.204,Não significativo,SP,2001–2024,incidencia_periodo_100mil_pessoa_ano
3502101,Andradina,Andradina,350210,ANDRADINA,SP,ANDRADINA,608,1367240,56968.333333333336,44.261333297282526,45.22271647139766,62.19012904451777,24,0,44.469149527515285,6.411818267709897,3.817034063626705,0.2294698066255439,0.147,Não significativo,SP,2001–2024,incidencia_periodo_100mil_pessoa_ano
3502200,Angatuba,Angatuba,350220,ANGATUBA,SP,ANGATUBA,100,535588,22316.166666666668,18.44321337348826,18.84978909607705,33.96162336559688,23,1,18.67106805977729,4.61512051684126,2.979148929847897,0.09119993527823897,0.194,Não significativo,SP,2001–2024,incidencia_periodo_100mil_pessoa_ano
3502309,Anhembi,Anhembi,350230,ANHEMBI,SP,ANHEMBI,32,130752,5448.0,24.621326943445442,19.376874434166027,70.54673721340389,15,9,24.47381302006853,3.4965075614664802,3.237650984110345,-0.07049987025798848,0.356,Não significativo,SP,2001–2024,incidencia_periodo_100mil_pessoa_ano
3502408,Anhumas,Anhumas,350240,ANHUMAS,SP,ANHUMAS,12,90745,3781.0416666666665,13.245786163431438,0.0,57.045065601825435,9,15,13.223869083696071,2.5649493574615367,2.65492147482706,-0.19753221247907451,0.432,Não significativo,SP,2001–2024,incidencia_periodo_100mil_pessoa_ano
3502507,Aparecida,Aparecida,350250,APARECIDA,SP,APARECIDA,416,819785,34157.708333333336,50.744254817887544,49.28753515038092,80.148847860312,24,0,50.745012411790896,6.0330862217988015,3.946328048984653,0.6374157655998187,0.061,Não significativo,SP,2001–2024,incidencia_periodo_100mil_pessoa_ano
3502606,Aparecida d'Oeste,Aparecida d'Oeste,350260,APARECIDA D'OESTE,SP,APARECIDA DOESTE,8,105872,4411.333333333333,7.781282850832896,0.0,46.24277456647399,7,17,7.55629439322956,2.1972245773362196,2.1466671984390655,-0.38692344920984423,0.001,Cold spot,SP,2001–2024,incidencia_periodo_100mil_pessoa_ano
3502705,Apiaí,Apiaí,350270,APIAI,SP,APIAI,84,608616,25359.0,13.701441258410325,11.95445924369807,31.51964067609629,23,1,13.801806064907922,4.442651256490317,2.6947492047375396,-0.2516236832842576,0.152,Não significativo,SP,2001–2024,incidencia_periodo_100mil_pessoa_ano
3502754,Araçariguama,Araçariguama,350275,ARACARIGUAMA,SP,ARACARIGUAMA,159,418881,17453.375,36.35897500600331,31.390060021658982,76.68711656441718,24,0,37.958274545754044,5.075173815233827,3.6624911899536103,0.028481580628179827,0.29,Não significativo,SP,2001–2024,incidencia_periodo_100mil_pessoa_ano
3502804,Araçatuba,Araçatuba,350280,ARACATUBA,SP,ARACATUBA,1276,4469001,186208.375,28.803337287908366,25.235925788492438,59.25560874870928,24,0,28.552242436284978,7.152268856032539,3.386159627141594,1.0510794716268248,0.012,Hot spot,SP,2001–2024,incidencia_periodo_100mil_pessoa_ano
3502903,Araçoiaba da Serra,Araçoiaba da Serra,350290,ARACOIABA DA SERRA,SP,ARACOIABA DA SERRA,114,664185,27674.375,16.740736091428243,16.27629563474961,30.262680062946373,23,1,17.1638925901669,4.74493212836325,2.899435699882331,0.1814646547515887,0.129,Não significativo,SP,2001–2024,incidencia_periodo_100mil_pessoa_ano
3503000,Aramina,Aramina,350300,ARAMINA,SP,ARAMINA,4,124298,5179.083333333333,3.258375722346758,0.0,41.657987919183505,2,22,3.2180726962622086,1.6094379124341003,1.4393783166786227,-0.36484492341892616,0.036,Cold spot,SP,2001–2024,incidencia_periodo_100mil_pessoa_ano
3503109,Arandu,Arandu,350310,ARANDU,SP,ARANDU,24,153327,6388.625,15.805672397998485,14.667377395051403,49.366463715649175,15,9,15.652820442583497,3.2188758248682006,2.81257959803154,0.13843982853664202,0.135,Não significativo,SP,2001–2024,incidencia_periodo_100mil_pessoa_ano
3503158,Arapeí,Arapeí,350315,ARAPEI,SP,ARAPEI,10,59030,2459.5833333333335,16.811526556447127,0.0,201.6942315449778,5,19,16.940538709130948,2.3978952727983707,2.887062884559459,-0.04508108408238064,0.192,Não significativo,SP,2001–2024,incidencia_periodo_100mil_pessoa_ano
3503208,Araraquara,Araraquara,350320,ARARAQUARA,SP,ARARAQUARA,1130,5182555,215939.79166666666,22.123453604848418,20.18260316966574,34.6067537242815,24,0,21.803917179846618,7.030857476116121,3.1269323273370353,-0.11326106803795298,0.483,Não significativo,SP,2001–2024,incidencia_periodo_100mil_pessoa_ano
3503307,Araras,Araras,350330,ARARAS,SP,ARARAS,911,2892456,120519.0,31.666379955242423,30.382758644801847,54.21928897946211,24,0,31.495725431951254,6.815639990074331,3.4811085555147674,-0.15220969595095524,0.357,Não significativo,SP,2001–2024,incidencia_periodo_100mil_pessoa_ano
3503356,Arco-Íris,Arco-Íris,350335,ARCO-IRIS,SP,ARCO-IRIS,2,48317,2013.2083333333333,4.11725955204216,0.0,98.81422924901185,1,23,4.1393298424984994,1.0986122886681098,1.6369226901298857,-0.287932586514703,0.143,Não significativo,SP,2001–2024,incidencia_periodo_100mil_pessoa_ano
3503406,Arealva,Arealva,350340,AREALVA,SP,AREALVA,28,188131,7838.791666666667,14.91934799601822,12.734016745564439,41.084634346754314,16,8,14.88324624862463,3.367295829986474,2.765264858644225,0.2875291961471285,0.108,Não significativo,SP,2001–2024,incidencia_periodo_100mil_pessoa_ano
3503505,Areias,Areias,350350,AREIAS,SP,AREIAS,25,87327,3638.625,28.6825803965713,27.273967505706594,138.54253255749515,14,10,28.62803027700482,3.258096538021482,3.388720882055638,-0.2529768441856141,0.102,Não significativo,SP,2001–2024,incidencia_periodo_100mil_pessoa_ano
3503604,Areiópolis,Areiópolis,350360,AREIOPOLIS,SP,AREIOPOLIS,36,248971,10373.791666666666,14.608020057333382,9.633981469491427,49.35834155972359,14,10,14.459515365243341,3.6109179126442243,2.7382246950122577,-0.14538673475023048,0.406,Não significativo,SP,2001–2024,incidencia_periodo_100mil_pessoa_ano
3503703,Ariranha,Ariranha,350370,ARIRANHA,SP,ARIRANHA,10,192130,8005.416666666667,5.2418761775532,0.0,25.799793601651185,8,16,5.204809243741217,2.3978952727983707,1.8253246758377162,-0.35265051101918926,0.004,Cold spot,SP,2001–2024,incidencia_periodo_100mil_pessoa_ano
3503802,Artur Nogueira,Artur Nogueira,350380,ARTUR NOGUEIRA,SP,ARTUR NOGUEIRA,136,1071203,44633.458333333336,12.238043490260443,9.169127976000446,31.980736309423033,22,2,12.696006265852503,4.919980925828125,2.6171042768943535,-0.21315211430304365,0.381,Não significativo,SP,2001–2024,incidencia_periodo_100mil_pessoa_ano
3503901,Arujá,Arujá,350390,ARUJA,SP,ARUJA,605,1827176,76132.33333333333,33.312295401973664,33.0849318083247,49.508218364248464,24,0,33.111205488688555,6.406879986069314,3.5296259370165215,0.0759944330330537,0.207,Não significativo,SP,2001–2024,incidencia_periodo_100mil_pessoa_ano
3503950,Aspásia,Aspásia,350395,ASPASIA,SP,ASPASIA,5,43973,1832.2083333333333,11.328593070794433,0.0,54.97526113249038,5,19,11.370613785732154,1.791759469228055,2.515323804068501,-0.2993869243664841,0.087,Não significativo,SP,2001–2024,incidencia_periodo_100mil_pessoa_ano
3504008,Assis,Assis,350400,ASSIS,SP,ASSIS,868,2305068,96044.5,37.5551996135093,36.524442852064126,57.74783445620789,24,0,37.65615591383855,6.767343125265392,3.654706035671314,-0.1880891259363872,0.228,Não significativo,SP,2001–2024,incidencia_periodo_100mil_pessoa_ano
3504107,Atibaia,Atibaia,350410,ATIBAIA,SP,ATIBAIA,866,3244233,135176.375,26.503840540415624,28.14395367889211,35.92882311042755,24,0,26.693520471556756,6.7650389767805414,3.321198467835871,-0.02757823223069832,0.353,Não significativo,SP,2001–2024,incidencia_periodo_100mil_pessoa_ano
3504206,Auriflama,Auriflama,350420,AURIFLAMA,SP,AURIFLAMA,56,333637,13901.541666666666,16.808565754113257,21.272917052201365,36.273940800928614,23,1,16.784709129982584,4.04305126783455,2.878339050472333,-0.2775274945509663,0.098,Não significativo,SP,2001–2024,incidencia_periodo_100mil_pessoa_ano
3504305,Avaí,Avaí,350430,AVAI,SP,AVAI,5,113318,4721.583333333333,4.483787233839796,0.0,22.306491188935983,5,19,4.412361672461568,1.791759469228055,1.6886855359510407,0.5391622332700449,0.068,Não significativo,SP,2001–2024,incidencia_periodo_100mil_pessoa_ano
3504404,Avanhandava,Avanhandava,350440,AVANHANDAVA,SP,AVANHANDAVA,306,259629,10817.875,115.61297877979756,106.44906767870347,247.83147459727385,23,1,117.86048553898063,5.726847747587197,4.777950414895514,0.1765894077211139,0.388,Não significativo,SP,2001–2024,incidencia_periodo_100mil_pessoa_ano
3504503,Avaré,Avaré,350450,AVARE,SP,AVARE,732,2048631,85359.625,35.96405960757843,35.497704051988975,52.69672422456158,24,0,35.73117852849049,6.597145701886651,3.6036259455811974,0.07204745980191879,0.246,Não significativo,SP,2001–2024,incidencia_periodo_100mil_pessoa_ano
3504602,Bady Bassitt,Bady Bassitt,350460,BADY BASSITT,SP,BADY BASSITT,80,438394,18266.416666666668,15.553709991413607,14.501693586318478,47.688921496698455,19,5,18.248424932822985,4.394449154672439,2.9574292357146845,-0.24735551112862483,0.209,Não significativo,SP,2001–2024,incidencia_periodo_100mil_pessoa_ano
3504701,Balbinos,Balbinos,350470,BALBINOS,SP,BALBINOS,657,77768,3240.3333333333335,736.0132473665127,799.1784443730955,1942.7671304804412,20,4,844.8204917189589,6.489204931325317,6.740307152362496,4.741942411493327,0.045,Hot spot,SP,2001–2024,incidencia_periodo_100mil_pessoa_ano
3504800,Bálsamo,Bálsamo,350480,BALSAMO,SP,BALSAMO,26,204438,8518.25,12.918260378047416,11.769630085844756,40.016006402561025,15,9,12.717792191275596,3.295836866004329,2.618693690345651,-0.28718063138451644,0.12,Não significativo,SP,2001–2024,incidencia_periodo_100mil_pessoa_ano
3504909,Bananal,Bananal,350490,BANANAL,SP,BANANAL,151,241081,10045.041666666666,62.86776552192537,51.08329197559455,150.52684395383844,21,3,62.634550213413746,5.0238805208462765,4.153156565192641,-0.04508108408238064,0.266,Não significativo,SP,2001–2024,incidencia_periodo_100mil_pessoa_ano
3505005,Barão de Antonina,Barão de Antonina,350500,BARAO DE ANTONINA,SP,BARAO DE ANTONINA,15,76915,3204.7916666666665,19.16808815076927,0.0,83.93956351426972,10,14,19.502047715010075,2.772588722239781,3.0205247696929116,-0.15149761477363183,0.337,Não significativo,SP,2001–2024,incidencia_periodo_100mil_pessoa_ano
3505104,Barbosa,Barbosa,350510,BARBOSA,SP,BARBOSA,37,146534,6105.583333333333,25.02370104399249,16.47670739812574,82.59002312520647,17,7,25.250112601853495,3.6375861597263857,3.2676702786228513,-0.012721066263048928,0.305,Não significativo,SP,2001–2024,incidencia_periodo_100mil_pessoa_ano
3505203,Bariri,Bariri,350520,BARIRI,SP,BARIRI,119,743986,30999.416666666668,15.962674800666349,12.732569476027379,43.20320938126832,24,0,15.994924635678629,4.787491742782046,2.8329147486386077,-0.23617314713442147,0.18,Não significativo,SP,2001–2024,incidencia_periodo_100mil_pessoa_ano
3505302,Barra Bonita,Barra Bonita,350530,BARRA BONITA,SP,BARRA BONITA,206,840529,35022.041666666664,24.493100266302964,22.993431490038223,47.96975083947064,23,1,24.508375082834743,5.332718793265369,3.2390068328625072,-0.14878146734862882,0.478,Não significativo,SP,2001–2024,incidencia_periodo_100mil_pessoa_ano
3505351,Barra do Chapéu,Barra do Chapéu,350535,BARRA DO CHAPEU,SP,BARRA DO CHAPEU,10,123600,5150.0,8.261981919608838,0.0,40.62563477554337,7,17,8.090614886731391,2.3978952727983707,2.207242550206498,-0.25938641098951515,0.316,Não significativo,SP,2001–2024,incidencia_periodo_100mil_pessoa_ano
3505401,Barra do Turvo,Barra do Turvo,350540,BARRA DO TURVO,SP,BARRA DO TURVO,40,179903,7495.958333333333,21.937801585805882,19.784182087847007,62.861453356801604,17,7,22.234203987704486,3.713572066704308,3.1456255027593993,0.03854904128657945,0.232,Não significativo,SP,2001–2024,incidencia_periodo_100mil_pessoa_ano
3505500,Barretos,Barretos,350550,BARRETOS,SP,BARRETOS,910,2746571,114440.45833333333,33.11190437366101,32.7259703416063,51.342812006319114,24,0,33.13222195967263,6.814542897259958,3.5302418636320008,-0.21818124457516241,0.152,Não significativo,SP,2001–2024,incidencia_periodo_100mil_pessoa_ano
3505609,Barrinha,Barrinha,350560,BARRINHA,SP,BARRINHA,159,695800,28991.666666666668,22.52492843489482,21.607054410917463,42.56433763342283,23,1,22.851394078758265,5.075173815233827,3.171842667565652,-0.2744635561792741,0.075,Não significativo,SP,2001–2024,incidencia_periodo_100mil_pessoa_ano
3505708,Barueri,Barueri,350570,BARUERI,SP,BARUERI,2964,6271829,261326.20833333334,47.79116054483266,45.18004130561877,75.24134014764338,24,0,47.25894153045308,7.994632311431825,3.8765811273093056,0.20762039423075748,0.156,Não significativo,SP,2001–2024,incidencia_periodo_100mil_pessoa_ano
3505807,Bastos,Bastos,350580,BASTOS,SP,BASTOS,74,500858,20869.083333333332,14.640399356046634,11.971784043438191,50.2283105022831,23,1,14.774646706252073,4.31748811353631,2.7584040123763014,-0.18419865061766488,0.499,Não significativo,SP,2001–2024,incidencia_periodo_100mil_pessoa_ano
3505906,Batatais,Batatais,350590,BATATAIS,SP,BATATAIS,148,1349353,56223.041666666664,11.084624069821459,10.665133826983006,32.603275670284994,24,0,10.968219583756067,5.003946305945459,2.4822547686370076,-0.33806641312463837,0.001,Cold spot,SP,2001–2024,incidencia_periodo_100mil_pessoa_ano
3506003,Bauru,Bauru,350600,BAURU,SP,BAURU,4808,8441824,351742.6666666667,56.40042008056636,57.04821550103124,77.74814142216673,24,0,56.954515990856954,8.478244441277663,4.059658495841025,0.22411528166985606,0.157,Não significativo,SP,2001–2024,incidencia_periodo_100mil_pessoa_ano
3506102,Bebedouro,Bebedouro,350610,BEBEDOURO,SP,BEBEDOURO,494,1813949,75581.20833333333,27.248333633742863,29.019020943916033,39.51319740793425,24,0,27.233400718542804,6.20455776256869,3.3405056997122977,-0.25625562176337724,0.078,Não significativo,SP,2001–2024,incidencia_periodo_100mil_pessoa_ano
3506201,Bento de Abreu,Bento de Abreu,350620,BENTO DE ABREU,SP,BENTO DE ABREU,16,62365,2598.5416666666665,25.69200308703731,18.69857890800299,114.72275334608031,12,12,25.65541569790748,2.833213344056216,3.282992345647675,0.3859818260408449,0.081,Não significativo,SP,2001–2024,incidencia_periodo_100mil_pessoa_ano
3506300,Bernardino de Campos,Bernardino de Campos,350630,BERNARDINO DE CAMPOS,SP,BERNARDINO DE CAMPOS,189,265726,11071.916666666666,69.83512719266608,37.218045386172676,248.82253621256555,23,1,71.1258966002574,5.247024072160486,4.278413155950406,-0.07714075131664994,0.281,Não significativo,SP,2001–2024,incidencia_periodo_100mil_pessoa_ano
3506359,Bertioga,Bertioga,350635,BERTIOGA,SP,BERTIOGA,1018,1197315,49888.125,83.48773913353631,76.10450617769916,176.45387525608243,24,0,85.02357357921683,6.926577033222725,4.454621370078088,0.5070907474458487,0.095,Não significativo,SP,2001–2024,incidencia_periodo_100mil_pessoa_ano
3506409,Bilac,Bilac,350640,BILAC,SP,BILAC,13,167213,6967.208333333333,7.839856387543118,0.0,45.13314277117497,9,15,7.774515139373135,2.6390573296152584,2.1718515130530363,-0.2697362850308793,0.226,Não significativo,SP,2001–2024,incidencia_periodo_100mil_pessoa_ano
3506508,Birigui,Birigui,350650,BIRIGUI,SP,BIRIGUI,631,2635065,109794.375,24.30097430131494,22.93207639270487,43.69252654575014,24,0,23.946278365049817,6.448889394146858,3.2167246473460547,-0.18921782722847075,0.359,Não significativo,SP,2001–2024,incidencia_periodo_100mil_pessoa_ano
3506607,Biritiba-Mirim,Biritiba-Mirim,350660,BIRITIBA-MIRIM,SP,BIRITIBA MIRIM,172,678313,28263.041666666668,24.935026184116424,24.744884936634513,48.0703200109875,24,0,25.35702544400594,5.153291594497779,3.2717348597163847,0.028158416497071674,0.226,Não significativo,SP,2001–2024,incidencia_periodo_100mil_pessoa_ano
3506706,Boa Esperança do Sul,Boa Esperança do Sul,350670,BOA ESPERANCA DO SUL,SP,BOA ESPERANCA DO SUL,89,317115,13213.125,28.109237475338613,23.03542582647715,68.48272713437834,23,1,28.065528278384814,4.499809670330265,3.3695528767453986,-0.21304066886414408,0.174,Não significativo,SP,2001–2024,incidencia_periodo_100mil_pessoa_ano
3506805,Bocaina,Bocaina,350680,BOCAINA,SP,BOCAINA,55,257775,10740.625,21.441717047412894,19.626105663582813,54.754517247672936,21,3,21.336436815051886,4.02535169073515,3.106219282936545,-0.2221524167561177,0.307,Não significativo,SP,2001–2024,incidencia_periodo_100mil_pessoa_ano
3506904,Bofete,Bofete,350690,BOFETE,SP,BOFETE,49,227581,9482.541666666666,22.163208301281312,19.25484893169186,75.26342197691922,22,2,21.530795628809084,3.912023005428146,3.1148830680154322,0.02934791573191795,0.251,Não significativo,SP,2001–2024,incidencia_periodo_100mil_pessoa_ano
3507001,Boituva,Boituva,350700,BOITUVA,SP,BOITUVA,245,1201907,50079.458333333336,20.79068535583905,19.137092344735624,40.77084069473513,24,0,20.3842726600311,5.5053315359323625,3.0626557294114787,0.014344688318190399,0.251,Não significativo,SP,2001–2024,incidencia_periodo_100mil_pessoa_ano
3507100,Bom Jesus dos Perdões,Bom Jesus dos Perdões,350710,BOM JESUS DOS PERDOES,SP,BOM JESUS DOS PERDOES,87,462176,19257.333333333332,19.837930191479277,13.823049278447908,66.77350427350427,23,1,18.823997784393825,4.477336814478207,2.9868932131229498,-0.18214208119949676,0.489,Não significativo,SP,2001–2024,incidencia_periodo_100mil_pessoa_ano
3507159,Bom Sucesso de Itararé,Bom Sucesso de Itararé,350715,BOM SUCESSO DE ITARARE,SP,BOM SUCESSO DE ITARARE,14,84090,3503.75,16.691730065694525,0.0,57.72005772005772,11,13,16.648828635985254,2.70805020110221,2.8706694149438396,-0.2616773187069895,0.213,Não significativo,SP,2001–2024,incidencia_periodo_100mil_pessoa_ano
3507209,Borá,Borá,350720,BORA,SP,BORA,142,20160,840.0,739.0165759377086,0.0,17000.0,5,19,704.3650793650794,4.962844630259907,6.558715511848851,1.894434602538955,0.417,Não significativo,SP,2001–2024,incidencia_periodo_100mil_pessoa_ano
3507308,Boracéia,Boracéia,350730,BORACEIA,SP,BORACEIA,8,103911,4329.625,7.256919201577902,0.0,63.62672322375398,6,18,7.698896170761517,2.1972245773362196,2.163196140687017,-0.29315671335984816,0.263,Não significativo,SP,2001–2024,incidencia_periodo_100mil_pessoa_ano
3507407,Borborema,Borborema,350740,BORBOREMA,SP,BORBOREMA,53,340279,14178.291666666666,15.607824006636918,14.034102869974038,36.46441073512252,22,2,15.575454259592863,3.9889840465642745,2.8079229420066585,0.44061725252985895,0.08,Não significativo,SP,2001–2024,incidencia_periodo_100mil_pessoa_ano
3507456,Borebi,Borebi,350745,BOREBI,SP,BOREBI,10,56969,2373.7083333333335,17.10432657341384,0.0,74.76635514018692,8,16,17.553406238480576,2.3978952727983707,2.9206533969124235,0.18632140291435614,0.14,Não significativo,SP,2001–2024,incidencia_periodo_100mil_pessoa_ano
3507506,Botucatu,Botucatu,350750,BOTUCATU,SP,BOTUCATU,1033,3124851,130202.125,32.79698692494668,30.5050224153733,63.15172201213416,24,0,33.05757618523251,6.9411900550683745,3.528052509614617,-0.17696650168364753,0.274,Não significativo,SP,2001–2024,incidencia_periodo_100mil_pessoa_ano
3507605,Bragança Paulista,Bragança Paulista,350760,BRAGANCA PAULISTA,SP,BRAGANCA PAULISTA,1163,3682979,153457.45833333334,32.378093183301225,30.71407065693689,63.51665375677769,24,0,31.577698379491167,7.059617628291383,3.483627955481699,-0.24675746715885993,0.09,Não significativo,SP,2001–2024,incidencia_periodo_100mil_pessoa_ano
3507704,Braúna,Braúna,350770,BRAUNA,SP,BRAUNA,16,120551,5022.958333333333,13.15961959000682,9.147457006952067,55.442616891517275,12,12,13.272390938275086,2.833213344056216,2.658326967438053,-0.25035675015214476,0.197,Não significativo,SP,2001–2024,incidencia_periodo_100mil_pessoa_ano
3507753,Brejo Alegre,Brejo Alegre,350775,BREJO ALEGRE,SP,BREJO ALEGRE,18,60528,2522.0,30.105593605442092,0.0,171.45306472353192,11,13,29.73830293417922,2.9444389791664403,3.4255095295005757,-0.20234798410015073,0.285,Não significativo,SP,2001–2024,incidencia_periodo_100mil_pessoa_ano
3507803,Brodowski,Brodowski,350780,BRODOWSKI,SP,BRODOWSKI,68,523553,21814.708333333332,12.664134762216442,9.33758072996358,31.744772032855842,21,3,12.988178847222727,4.23410650459726,2.638212604880239,-0.1668663326013085,0.493,Não significativo,SP,2001–2024,incidencia_periodo_100mil_pessoa_ano
3507902,Brotas,Brotas,350790,BROTAS,SP,BROTAS,54,525755,21906.458333333332,10.39921247263001,9.71598686418378,17.614161786076004,22,2,10.27094369050223,4.007333185232471,2.4222280592845684,-0.02288566857850481,0.293,Não significativo,SP,2001–2024,incidencia_periodo_100mil_pessoa_ano
3508009,Buri,Buri,350800,BURI,SP,BURI,89,456097,19004.041666666668,19.262334416395742,21.238737989892293,39.098773275988464,23,1,19.513392984387092,4.499809670330265,3.021077989137731,-0.1607819993802331,0.437,Não significativo,SP,2001–2024,incidencia_periodo_100mil_pessoa_ano
3508108,Buritama,Buritama,350810,BURITAMA,SP,BURITAMA,85,378472,15769.666666666666,22.30205901866149,20.424151693463557,64.27194172677284,23,1,22.458728783106807,4.454347296253507,3.155242655188847,-0.26244567999191376,0.083,Não significativo,SP,2001–2024,incidencia_periodo_100mil_pessoa_ano
3508207,Buritizal,Buritizal,350820,BURITIZAL,SP,BURITIZAL,2,98226,4092.75,1.873922494565625,0.0,44.974139869575,1,23,2.036120782684829,1.0986122886681098,1.110580642235068,-0.39153468556370546,0.006,Cold spot,SP,2001–2024,incidencia_periodo_100mil_pessoa_ano
3508306,Cabrália Paulista,Cabrália Paulista,350830,CABRALIA PAULISTA,SP,CABRALIA PAULISTA,9,105583,4399.291666666667,8.474707548536118,0.0,45.850527281063734,8,16,8.524099523597549,2.302585092994046,2.253825378338765,-0.31665271772893167,0.073,Não significativo,SP,2001–2024,incidencia_periodo_100mil_pessoa_ano
3508405,Cabreúva,Cabreúva,350840,CABREUVA,SP,CABREUVA,259,1006116,41921.5,25.395996108309095,22.029101883747632,48.92471974644232,24,0,25.742558512139755,5.560681631015528,3.286256248178919,-0.04769763783298727,0.356,Não significativo,SP,2001–2024,incidencia_periodo_100mil_pessoa_ano
3508504,Caçapava,Caçapava,350850,CACAPAVA,SP,CACAPAVA,641,2095570,87315.41666666667,30.96147944677941,29.401802022506846,49.03563255966002,24,0,30.58833634762857,6.464588303689961,3.4527879495344695,-0.23539159049272934,0.144,Não significativo,SP,2001–2024,incidencia_periodo_100mil_pessoa_ano
3508603,Cachoeira Paulista,Cachoeira Paulista,350860,CACHOEIRA PAULISTA,SP,CACHOEIRA PAULISTA,192,722783,30115.958333333332,26.424139197507525,19.883090296960365,92.35884489871313,24,0,26.56398946848501,5.262690188904886,3.3165101914198996,-0.1386723037704252,0.493,Não significativo,SP,2001–2024,incidencia_periodo_100mil_pessoa_ano
3508702,Caconde,Caconde,350870,CACONDE,SP,CACONDE,54,432109,18004.541666666668,12.444738623090949,10.84835565207744,27.182776992497555,22,2,12.49684686039865,4.007333185232471,2.6024560922672255,-0.3676899855012264,0.014,Cold spot,SP,2001–2024,incidencia_periodo_100mil_pessoa_ano
3508801,Cafelândia,Cafelândia,350880,CAFELANDIA,SP,CAFELANDIA,60,395647,16485.291666666668,15.265555911023403,12.03297190678244,44.1000441000441,21,3,15.1650334768114,4.110873864173311,2.7828504821193536,-0.21853596017101898,0.271,Não significativo,SP,2001–2024,incidencia_periodo_100mil_pessoa_ano
3508900,Caiabu,Caiabu,350890,CAIABU,SP,CAIABU,5,94705,3946.0416666666665,5.161653445021483,0.0,25.7201646090535,5,19,5.279552293965472,1.791759469228055,1.8372986871689703,-0.018832995090088747,0.245,Não significativo,SP,2001–2024,incidencia_periodo_100mil_pessoa_ano
3509007,Caieiras,Caieiras,350900,CAIEIRAS,SP,CAIEIRAS,648,2081662,86735.91666666667,31.179156623883046,31.43626497544255,49.572437724625104,24,0,31.128972907225094,6.47543271670409,3.4697582058326635,0.20525724879866508,0.149,Não significativo,SP,2001–2024,incidencia_periodo_100mil_pessoa_ano
3509106,Caiuá,Caiuá,350910,CAIUA,SP,CAIUA,177,120768,5032.0,140.4123543519221,116.31079247276242,416.28959276018105,21,3,146.56200317965025,5.181783550292085,4.994248447993137,1.1614504347521106,0.048,Hot spot,SP,2001–2024,incidencia_periodo_100mil_pessoa_ano
3509205,Cajamar,Cajamar,350920,CAJAMAR,SP,CAJAMAR,504,1715511,71479.625,29.865602174921268,29.507669289710513,59.21300532917048,24,0,29.37900135877881,6.22455842927536,3.413751624961075,0.18189629142278965,0.153,Não significativo,SP,2001–2024,incidencia_periodo_100mil_pessoa_ano
3509254,Cajati,Cajati,350925,CAJATI,SP,CAJATI,283,687079,28628.291666666668,41.224941344529356,36.42192851662935,91.18008065930212,24,0,41.18885892306416,5.648974238161206,3.7421561796236382,-0.047026990621172715,0.361,Não significativo,SP,2001–2024,incidencia_periodo_100mil_pessoa_ano
3509304,Cajobi,Cajobi,350930,CAJOBI,SP,CAJOBI,19,226435,9434.791666666666,8.455139841581584,5.147740142077628,54.15944540727903,12,12,8.390928964161901,2.995732273553991,2.239744219547451,-0.3336915251364786,0.019,Cold spot,SP,2001–2024,incidencia_periodo_100mil_pessoa_ano
3509403,Cajuru,Cajuru,350940,CAJURU,SP,CAJURU,61,553453,23060.541666666668,10.8252489599514,2.3783475241402274,74.32795143907173,12,12,11.021712774165106,4.127134385045092,2.4867144126467404,-0.36222888658660346,0.001,Cold spot,SP,2001–2024,incidencia_periodo_100mil_pessoa_ano
3509452,Campina do Monte Alegre,Campina do Monte Alegre,350945,CAMPINA DO MONTE ALEGRE,SP,CAMPINA DO MONTE ALEGRE,22,135425,5642.708333333333,15.883734084713765,0.0,83.12551953449709,10,14,16.24515414436035,3.1354942159291497,2.847531184844672,-0.15120203773495527,0.382,Não significativo,SP,2001–2024,incidencia_periodo_100mil_pessoa_ano
3509502,Campinas,Campinas,350950,CAMPINAS,SP,CAMPINAS,11590,25982596,1082608.1666666667,44.888907830374016,42.98917977318444,66.22874735824854,24,0,44.60678217064993,9.357984213888745,3.8200564372733594,-0.12755027812589778,0.374,Não significativo,SP,2001–2024,incidencia_periodo_100mil_pessoa_ano
3509601,Campo Limpo Paulista,Campo Limpo Paulista,350960,CAMPO LIMPO PAULISTA,SP,CAMPO LIMPO PAULISTA,511,1763032,73459.66666666667,29.14766847842804,29.00435195786467,52.499737501312495,24,0,28.984159107718973,6.238324625039508,3.400669212462656,0.062454214086859305,0.245,Não significativo,SP,2001–2024,incidencia_periodo_100mil_pessoa_ano
3509700,Campos do Jordão,Campos do Jordão,350970,CAMPOS DO JORDAO,SP,CAMPOS DO JORDAO,3458,1119379,46640.791666666664,323.5390662759084,24.118128259896192,1768.5257679731037,24,0,308.92128582008417,8.148734808937169,5.7363183485274805,0.6386041874442437,0.246,Não significativo,SP,2001–2024,incidencia_periodo_100mil_pessoa_ano
3509809,Campos Novos Paulista,Campos Novos Paulista,350980,CAMPOS NOVOS PAULISTA,SP,CAMPOS NOVOS PAULISTA,21,110392,4599.666666666667,19.115423576667308,20.141539241174712,114.7842056932966,13,11,19.023117617218638,3.091042453358316,2.99688748689897,-0.20916989468291403,0.276,Não significativo,SP,2001–2024,incidencia_periodo_100mil_pessoa_ano
3509908,Cananéia,Cananéia,350990,CANANEIA,SP,CANANEIA,212,294582,12274.25,71.96077531215498,65.28768901481286,130.3674733154078,24,0,71.96637948007685,5.3612921657094255,4.289998779992891,0.3468829360574061,0.119,Não significativo,SP,2001–2024,incidencia_periodo_100mil_pessoa_ano
3509957,Canas,Canas,350995,CANAS,SP,CANAS,12,106405,4433.541666666667,11.634394384628616,0.0,53.23396326856535,9,15,11.27766552323669,2.5649493574615367,2.5077818006759927,-0.1450060649579888,0.257,Não significativo,SP,2001–2024,incidencia_periodo_100mil_pessoa_ano
3510005,Cândido Mota,Cândido Mota,351000,CANDIDO MOTA,SP,CANDIDO MOTA,144,711866,29661.083333333332,20.23634855843186,16.816914740178937,44.03794037940379,24,0,20.228526155203365,4.976733742420574,3.0553458505640494,0.5800581143212313,0.06,Não significativo,SP,2001–2024,incidencia_periodo_100mil_pessoa_ano
3510104,Cândido Rodrigues,Cândido Rodrigues,351010,CANDIDO RODRIGUES,SP,CANDIDO RODRIGUES,6,65737,2739.0416666666665,9.10737374681055,0.0,38.19709702062643,6,18,9.127279918462966,1.9459101490553132,2.3152327647761823,-0.2732061970364908,0.322,Não significativo,SP,2001–2024,incidencia_periodo_100mil_pessoa_ano
3510153,Canitar,Canitar,351015,CANITAR,SP,CANITAR,38,116632,4859.666666666667,33.39019621198941,19.68373711832953,98.01519235481499,16,8,32.58110981548803,3.6635616461296463,3.5139637009986737,-0.10693158433332017,0.422,Não significativo,SP,2001–2024,incidencia_periodo_100mil_pessoa_ano
3510203,Capão Bonito,Capão Bonito,351020,CAPAO BONITO,SP,CAPAO BONITO,312,1113706,46404.416666666664,28.000028446415456,26.924169964141086,45.33287280891115,24,0,28.014574762100587,5.746203190540153,3.3677982817399164,-0.1224720879706224,0.462,Não significativo,SP,2001–2024,incidencia_periodo_100mil_pessoa_ano
3510302,Capela do Alto,Capela do Alto,351030,CAPELA DO ALTO,SP,CAPELA DO ALTO,394,450451,18768.791666666668,80.45786167920626,56.3437657850081,214.4607843137255,23,1,87.46789328917019,5.978885764901122,4.4826396984975165,0.08837449206113518,0.354,Não significativo,SP,2001–2024,incidencia_periodo_100mil_pessoa_ano
3510401,Capivari,Capivari,351040,CAPIVARI,SP,CAPIVARI,326,1147420,47809.166666666664,28.311763341404838,26.260811300268813,52.7212263768351,24,0,28.411566819473254,5.7899601708972535,3.3813880262054323,-0.1275616289754423,0.469,Não significativo,SP,2001–2024,incidencia_periodo_100mil_pessoa_ano
3510500,Caraguatatuba,Caraguatatuba,351050,CARAGUATATUBA,SP,CARAGUATATUBA,2089,2605846,108576.91666666667,78.95238145317961,80.46427027148653,108.44603215105894,24,0,80.16590389455094,7.644919344958857,4.3964952562073085,0.12863688739744975,0.288,Não significativo,SP,2001–2024,incidencia_periodo_100mil_pessoa_ano
3510609,Carapicuíba,Carapicuíba,351060,CARAPICUIBA,SP,CARAPICUIBA,4803,8920408,371683.6666666667,53.49248891467875,49.83538138697822,80.98176382356162,24,0,53.84282871366421,8.477204183199873,4.004471434575815,0.12180312229465298,0.226,Não significativo,SP,2001–2024,incidencia_periodo_100mil_pessoa_ano
3510708,Cardoso,Cardoso,351070,CARDOSO,SP,CARDOSO,49,278710,11612.916666666666,17.602530319622666,12.892590602937567,43.790506218251885,21,3,17.580998170141008,3.912023005428146,2.922139454770499,-0.03493284502845674,0.331,Não significativo,SP,2001–2024,incidencia_periodo_100mil_pessoa_ano
3510807,Casa Branca,Casa Branca,351080,CASA BRANCA,SP,CASA BRANCA,476,671664,27986.0,70.66620423018723,74.50640359651527,116.8100244239142,24,0,70.86876771719193,6.1675164908883415,4.274841785336306,-0.14416785391024875,0.175,Não significativo,SP,2001–2024,incidencia_periodo_100mil_pessoa_ano
3510906,Cássia dos Coqueiros,Cássia dos Coqueiros,351090,CASSIA DOS COQUEIROS,SP,CASSIA DOS COQUEIROS,2,65743,2739.2916666666665,2.9333107011015245,0.0,35.373187124159884,2,22,3.0421489740352587,1.0986122886681098,1.3967764748176474,-0.35208528298208375,0.132,Não significativo,SP,2001–2024,incidencia_periodo_100mil_pessoa_ano
3511003,Castilho,Castilho,351100,CASTILHO,SP,CASTILHO,111,435091,18128.791666666668,25.09338225286017,22.29303852888691,68.56695072974826,23,1,25.511904406204682,4.718498871295094,3.277593854997437,0.03208279347563118,0.247,Não significativo,SP,2001–2024,incidencia_periodo_100mil_pessoa_ano
3511102,Catanduva,Catanduva,351110,CATANDUVA,SP,CATANDUVA,583,2706171,112757.125,21.622079687890047,21.272170949265902,39.17691174001455,24,0,21.543354060035377,6.369900982828227,3.1154403023343464,-0.38643012513835107,0.001,Cold spot,SP,2001–2024,incidencia_periodo_100mil_pessoa_ano
3511201,Catiguá,Catiguá,351120,CATIGUA,SP,CATIGUA,14,167532,6980.5,8.34734114979383,0.0,42.83878337855205,10,14,8.356612468065803,2.70805020110221,2.2360833091772343,-0.32266393083979517,0.062,Não significativo,SP,2001–2024,incidencia_periodo_100mil_pessoa_ano
3511300,Cedral,Cedral,351130,CEDRAL,SP,CEDRAL,24,223612,9317.166666666666,9.798666256479514,8.895976273477078,37.993920972644375,13,11,10.732876589807345,3.2188758248682006,2.4623948661732102,-0.24804319827823637,0.24,Não significativo,SP,2001–2024,incidencia_periodo_100mil_pessoa_ano
3511409,Cerqueira César,Cerqueira César,351140,CERQUEIRA CESAR,SP,CERQUEIRA CESAR,364,443314,18471.416666666668,76.78007863533453,50.13139011712817,309.15817748720286,24,0,82.10884384431802,5.8998973535824915,4.420151120318108,0.1429490055155033,0.262,Não significativo,SP,2001–2024,incidencia_periodo_100mil_pessoa_ano
3511508,Cerquilho,Cerquilho,351150,CERQUILHO,SP,CERQUILHO,129,947697,39487.375,13.26991972919141,12.625119370783997,25.96447194755177,24,0,13.611945590204463,4.867534450455582,2.681839385288303,-0.1990839319970674,0.388,Não significativo,SP,2001–2024,incidencia_periodo_100mil_pessoa_ano
3511607,Cesário Lange,Cesário Lange,351160,CESARIO LANGE,SP,CESARIO LANGE,60,390508,16271.166666666666,15.005831823885122,14.859247554203957,31.102264244837027,20,4,15.364602005592715,4.110873864173311,2.7951205878036207,-0.20348061865187456,0.4,Não significativo,SP,2001–2024,incidencia_periodo_100mil_pessoa_ano
3511706,Charqueada,Charqueada,351170,CHARQUEADA,SP,CHARQUEADA,55,356784,14866.0,15.1338223761621,12.969609576191527,38.9079826211011,19,5,15.415489483833355,4.02535169073515,2.7982253698104227,0.28982727689405147,0.093,Não significativo,SP,2001–2024,incidencia_periodo_100mil_pessoa_ano
3511904,Clementina,Clementina,351190,CLEMENTINA,SP,CLEMENTINA,11,161169,6715.375,6.817104832280744,0.0,30.679552078539654,9,15,6.825133865693775,2.4849066497880004,2.0573408437167906,-0.32108422361810796,0.038,Cold spot,SP,2001–2024,incidencia_periodo_100mil_pessoa_ano
3512001,Colina,Colina,351200,COLINA,SP,COLINA,87,423639,17651.625,20.568010744541237,19.64336804508323,42.45833775607685,22,2,20.53635288535758,4.477336814478207,3.0697423391637684,-0.2288245015193667,0.231,Não significativo,SP,2001–2024,incidencia_periodo_100mil_pessoa_ano
3512100,Colômbia,Colômbia,351210,COLOMBIA,SP,COLOMBIA,18,149240,6218.333333333333,11.662559823768914,0.0,89.48545861297539,9,15,12.061109622085231,2.9444389791664403,2.569639083645319,-0.2086271264035345,0.39,Não significativo,SP,2001–2024,incidencia_periodo_100mil_pessoa_ano
3512209,Conchal,Conchal,351220,CONCHAL,SP,CONCHAL,215,619283,25803.458333333332,34.92170124948794,29.250809844009183,64.09999599375026,24,0,34.717568542976316,5.375278407684165,3.5756426837859587,-0.11208508020581018,0.455,Não significativo,SP,2001–2024,incidencia_periodo_100mil_pessoa_ano
3512308,Conchas,Conchas,351230,CONCHAS,SP,CONCHAS,133,375757,15656.541666666666,35.473021706804964,29.3112068644351,82.69720101781171,24,0,35.39521552492701,4.897839799950911,3.5944373243806034,-0.08224162857457726,0.443,Não significativo,SP,2001–2024,incidencia_periodo_100mil_pessoa_ano
3512407,Cordeirópolis,Cordeirópolis,351240,CORDEIROPOLIS,SP,CORDEIROPOLIS,59,519295,21637.291666666668,10.497598062193571,4.400413556630836,40.092658588738416,13,11,11.361557496220838,4.0943445622221,2.514591455111926,-0.18217561843085506,0.454,Não significativo,SP,2001–2024,incidencia_periodo_100mil_pessoa_ano
3512506,Coroados,Coroados,351250,COROADOS,SP,COROADOS,21,123420,5142.5,16.960750624392126,18.707443235132352,41.58004158004158,14,10,17.01507049100632,3.091042453358316,2.8912086570986637,-0.2808977451617665,0.089,Não significativo,SP,2001–2024,incidencia_periodo_100mil_pessoa_ano
3512605,Coronel Macedo,Coronel Macedo,351260,CORONEL MACEDO,SP,CORONEL MACEDO,25,116399,4849.958333333333,21.685530944549573,20.658357648408703,89.88764044943821,14,10,21.477847747832886,3.258096538021482,3.1125302796872867,-0.08962271163423004,0.408,Não significativo,SP,2001–2024,incidencia_periodo_100mil_pessoa_ano
3512704,Corumbataí,Corumbataí,351270,CORUMBATAI,SP,CORUMBATAI,7,95454,3977.25,7.182366175856529,0.0,48.309178743961354,6,18,7.333375238334694,2.0794415416798357,2.120268564787611,0.0915429004240974,0.172,Não significativo,SP,2001–2024,incidencia_periodo_100mil_pessoa_ano
3512803,Cosmópolis,Cosmópolis,351280,COSMOPOLIS,SP,COSMOPOLIS,329,1353525,56396.875,24.117219508805686,21.42092461118463,60.62953668929047,24,0,24.306902347573928,5.799092654460526,3.2310771785870593,-0.18555954860434676,0.382,Não significativo,SP,2001–2024,incidencia_periodo_100mil_pessoa_ano
3512902,Cosmorama,Cosmorama,351290,COSMORAMA,SP,COSMORAMA,27,186726,7780.25,14.515782448657776,12.708884010591092,55.088830739567555,19,5,14.459689598663282,3.332204510175204,2.7382359652515893,-0.2991488202114645,0.065,Não significativo,SP,2001–2024,incidencia_periodo_100mil_pessoa_ano
3513009,Cotia,Cotia,351300,COTIA,SP,COTIA,1707,5198960,216623.33333333334,32.24695131102841,32.27560611566197,47.73452634806483,24,0,32.83348977487805,7.443078374348516,3.5214511336910634,0.10694087540950302,0.198,Não significativo,SP,2001–2024,incidencia_periodo_100mil_pessoa_ano
3513108,Cravinhos,Cravinhos,351310,CRAVINHOS,SP,CRAVINHOS,98,760420,31684.166666666668,12.836981981906769,9.998528608959706,34.06226582192247,23,1,12.88761473922306,4.59511985013459,2.630997416981883,0.11097391693344112,0.169,Não significativo,SP,2001–2024,incidencia_periodo_100mil_pessoa_ano
3513207,Cristais Paulista,Cristais Paulista,351320,CRISTAIS PAULISTA,SP,CRISTAIS PAULISTA,9,191838,7993.25,4.720727190415004,0.0,25.490695895997963,7,17,4.691458418040221,2.302585092994046,1.7389665277809068,-0.4087119032484905,0.005,Cold spot,SP,2001–2024,incidencia_periodo_100mil_pessoa_ano
3513306,Cruzália,Cruzália,351330,CRUZALIA,SP,CRUZALIA,6,54656,2277.3333333333335,11.381544475789175,0.0,93.10986964618249,5,19,10.97775175644028,1.9459101490553132,2.4830509086684374,0.6007888715420473,0.058,Não significativo,SP,2001–2024,incidencia_periodo_100mil_pessoa_ano
3513405,Cruzeiro,Cruzeiro,351340,CRUZEIRO,SP,CRUZEIRO,962,1817441,75726.70833333333,52.90674852089106,52.67939199305877,81.77676241903453,24,0,52.931566966960695,6.870053411798126,3.9877159644983395,-0.1677454994818044,0.145,Não significativo,SP,2001–2024,incidencia_periodo_100mil_pessoa_ano
3513504,Cubatão,Cubatão,351350,CUBATAO,SP,CUBATAO,3081,2752137,114672.375,112.10580033454931,108.51780840991091,160.75493995585757,24,0,111.94936879959101,8.033334015880062,4.726939654581364,0.7799844325601181,0.065,Não significativo,SP,2001–2024,incidencia_periodo_100mil_pessoa_ano
3513603,Cunha,Cunha,351360,CUNHA,SP,CUNHA,70,532826,22201.083333333332,13.11387343038137,9.091959744923027,35.41076487252125,20,4,13.137497044063165,4.2626798770413155,2.6488306323573836,-0.12116167272333728,0.467,Não significativo,SP,2001–2024,incidencia_periodo_100mil_pessoa_ano
3513702,Descalvado,Descalvado,351370,DESCALVADO,SP,DESCALVADO,118,742844,30951.833333333332,15.831067173156187,16.010301779721345,36.44314868804665,24,0,15.884896425090599,4.77912349311153,2.8264195196813526,-0.2449840167356001,0.215,Não significativo,SP,2001–2024,incidencia_periodo_100mil_pessoa_ano
3513801,Diadema,Diadema,351380,DIADEMA,SP,DIADEMA,4227,9210565,383773.5416666667,45.76363493618851,44.1673572482898,68.98454746136866,24,0,45.89295010675241,8.349484346990128,3.8478673466001645,0.2278721350023593,0.137,Não significativo,SP,2001–2024,incidencia_periodo_100mil_pessoa_ano
3513850,Dirce Reis,Dirce Reis,351385,DIRCE REIS,SP,DIRCE REIS,4,39678,1653.25,10.038092796831274,0.0,60.938452163315056,4,20,10.081153283935683,1.6094379124341003,2.4052457629002673,-0.24658326945442274,0.302,Não significativo,SP,2001–2024,incidencia_periodo_100mil_pessoa_ano
3513900,Divinolândia,Divinolândia,351390,DIVINOLANDIA,SP,DIVINOLANDIA,17,272390,11349.583333333334,6.246949978361813,8.52743432763009,17.88428865241885,14,10,6.241051433606226,2.8903717578961645,1.9797664214896222,-0.33669214080978477,0.14,Não significativo,SP,2001–2024,incidencia_periodo_100mil_pessoa_ano
3514007,Dobrada,Dobrada,351400,DOBRADA,SP,DOBRADA,18,193433,8059.708333333333,9.264705080372508,11.22621807364651,27.151778441487917,13,11,9.305547657328377,2.9444389791664403,2.3326823577462377,-0.29824111691143645,0.118,Não significativo,SP,2001–2024,incidencia_periodo_100mil_pessoa_ano
3514106,Dois Córregos,Dois Córregos,351410,DOIS CORREGOS,SP,DOIS CORREGOS,64,582394,24266.416666666668,11.227604342355201,8.10816436220998,48.381421534130894,18,6,10.989124201142182,4.174387269895637,2.4839999222633304,-0.2646469670134765,0.131,Não significativo,SP,2001–2024,incidencia_periodo_100mil_pessoa_ano
3514205,Dolcinópolis,Dolcinópolis,351420,DOLCINOPOLIS,SP,DOLCINOPOLIS,6,51557,2148.2083333333335,11.737023381558286,0.0,47.70992366412214,6,18,11.637604980894933,1.9459101490553132,2.5366768914056514,-0.2499664192084833,0.319,Não significativo,SP,2001–2024,incidencia_periodo_100mil_pessoa_ano
3514304,Dourado,Dourado,351430,DOURADO,SP,DOURADO,13,202345,8431.041666666666,6.4337539155848225,5.807875479149727,23.236900197513652,12,12,6.424670735624799,2.6390573296152584,2.004808338335081,-0.23104044841752477,0.289,Não significativo,SP,2001–2024,incidencia_periodo_100mil_pessoa_ano
3514403,Dracena,Dracena,351440,DRACENA,SP,DRACENA,683,1046137,43589.041666666664,64.92628138129719,66.1171235790914,136.39514343849922,24,0,65.28781603174345,6.52795791762255,4.194006110043714,0.46253534604748997,0.096,Não significativo,SP,2001–2024,incidencia_periodo_100mil_pessoa_ano
3514502,Duartina,Duartina,351450,DUARTINA,SP,DUARTINA,60,295982,12332.583333333334,20.29426498133447,16.21534354862289,65.03007641033977,20,4,20.271502996803857,4.110873864173311,3.0573682894708862,-0.1807909151057294,0.372,Não significativo,SP,2001–2024,incidencia_periodo_100mil_pessoa_ano
3514601,Dumont,Dumont,351460,DUMONT,SP,DUMONT,18,198244,8260.166666666666,8.591559370826063,0.0,32.07526996685556,9,15,9.079719941082706,2.9444389791664403,2.3105254786345033,-0.22568126131957278,0.382,Não significativo,SP,2001–2024,incidencia_periodo_100mil_pessoa_ano
3514700,Echaporã,Echaporã,351470,ECHAPORA,SP,ECHAPORA,19,153064,6377.666666666667,12.373047794844089,0.0,46.3893613731251,11,13,12.413108242303872,2.995732273553991,2.596232455842202,-0.20748555213618208,0.303,Não significativo,SP,2001–2024,incidencia_periodo_100mil_pessoa_ano
3514809,Eldorado,Eldorado,351480,ELDORADO,SP,ELDORADO,122,335685,13986.875,36.81759306243697,31.93144904209808,99.47203305532176,24,0,36.343595930708844,4.812184355372417,3.620161435852506,-0.02506141130301779,0.365,Não significativo,SP,2001–2024,incidencia_periodo_100mil_pessoa_ano
3514908,Elias Fausto,Elias Fausto,351490,ELIAS FAUSTO,SP,ELIAS FAUSTO,61,386646,16110.25,15.601265873981385,13.342613890238656,39.10614525139665,20,4,15.776705306662942,4.127134385045092,2.8199913353161716,-0.10591235783842269,0.413,Não significativo,SP,2001–2024,incidencia_periodo_100mil_pessoa_ano
3514924,Elisiário,Elisiário,351492,ELISIARIO,SP,ELISIARIO,4,72577,3024.0416666666665,5.318007205752618,0.0,32.66906239790918,4,20,5.511387905259242,1.6094379124341003,1.87355262938982,-0.36753701604563266,0.012,Cold spot,SP,2001–2024,incidencia_periodo_100mil_pessoa_ano
3514957,Embaúba,Embaúba,351495,EMBAUBA,SP,EMBAUBA,3,57588,2399.5,5.145534036487522,0.0,41.85851820845542,3,21,5.209418628881017,1.3862943611198906,1.82606727302522,-0.375903671412974,0.008,Cold spot,SP,2001–2024,incidencia_periodo_100mil_pessoa_ano
3515004,Embu,Embu,351500,EMBU,SP,EMBU DAS ARTES,2631,5716443,238185.125,45.731443880841205,45.24038237090866,74.03893985492995,24,0,46.02512436492413,7.875499292445208,3.850682019839081,0.22711307351264706,0.151,Não significativo,SP,2001–2024,incidencia_periodo_100mil_pessoa_ano
3515103,Embu-Guaçu,Embu-Guaçu,351510,EMBU-GUACU,SP,EMBU-GUACU,662,1517828,63242.833333333336,43.30524928093172,44.21283036651488,62.028967527835505,24,0,43.61495505419586,6.4967749901858625,3.7980691179369677,0.16739868534472985,0.177,Não significativo,SP,2001–2024,incidencia_periodo_100mil_pessoa_ano
3515129,Emilianópolis,Emilianópolis,351512,EMILIANOPOLIS,SP,EMILIANOPOLIS,11,71922,2996.75,15.222839403463203,0.0,66.33499170812604,8,16,15.294346653318874,2.4849066497880004,2.790818216568174,0.4726022407244141,0.071,Não significativo,SP,2001–2024,incidencia_periodo_100mil_pessoa_ano
3515152,Engenheiro Coelho,Engenheiro Coelho,351515,ENGENHEIRO COELHO,SP,ENGENHEIRO COELHO,82,382311,15929.625,19.386593729419083,16.47818212753694,58.06526535826269,21,3,21.448506582337416,4.418840607796598,3.1112240900306993,-0.12631830745455777,0.442,Não significativo,SP,2001–2024,incidencia_periodo_100mil_pessoa_ano
3515186,Espírito Santo do Pinhal,Espírito Santo do Pinhal,351518,ESPIRITO SANTO DO PINHAL,SP,ESPIRITO SANTO DO PINHAL,247,982720,40946.666666666664,25.228571636899485,24.363795080922287,54.66381752223824,24,0,25.134321068056007,5.5134287461649825,3.263249433945534,-0.22162396576556959,0.221,Não significativo,SP,2001–2024,incidencia_periodo_100mil_pessoa_ano
3515194,Espírito Santo do Turvo,Espírito Santo do Turvo,351519,ESPIRITO SANTO DO TURVO,SP,ESPIRITO SANTO DO TURVO,31,98586,4107.75,31.160944644962086,23.95211779462209,117.813383600377,17,7,31.444627026149757,3.4657359027997265,3.4795348524345426,-0.20037153441884692,0.263,Não significativo,SP,2001–2024,incidencia_periodo_100mil_pessoa_ano
3515202,Estrela d'Oeste,Estrela d'Oeste,351520,ESTRELA D'OESTE,SP,ESTRELA DOESTE,33,207391,8641.291666666666,15.985159174595232,16.42971061243707,36.50079085046843,17,7,15.911973036438416,3.5263605246161616,2.8280218347816732,-0.2285601370127004,0.237,Não significativo,SP,2001–2024,incidencia_periodo_100mil_pessoa_ano
3515301,Estrela do Norte,Estrela do Norte,351530,ESTRELA DO NORTE,SP,ESTRELA DO NORTE,3,63666,2652.75,4.705518993667789,0.0,38.16793893129771,3,21,4.712091226086137,1.3862943611198906,1.7425851958632044,-0.3021920447812319,0.262,Não significativo,SP,2001–2024,incidencia_periodo_100mil_pessoa_ano
3515350,Euclides da Cunha Paulista,Euclides da Cunha Paulista,351535,EUCLIDES DA CUNHA PAULISTA,SP,EUCLIDES DA CUNHA PAULISTA,35,218413,9100.541666666666,15.332401726783205,10.72675665668934,74.1997032011872,14,10,16.02468717521393,3.58351893845611,2.8346644774299903,-0.20341277090546628,0.442,Não significativo,SP,2001–2024,incidencia_periodo_100mil_pessoa_ano
3515400,Fartura,Fartura,351540,FARTURA,SP,FARTURA,97,377911,15746.291666666666,25.543954256340616,22.206400422255108,52.97311614355715,24,0,25.667419048400284,4.584967478670572,3.2834425599227663,-0.1743897055147593,0.343,Não significativo,SP,2001–2024,incidencia_periodo_100mil_pessoa_ano
3515509,Fernandópolis,Fernandópolis,351550,FERNANDOPOLIS,SP,FERNANDOPOLIS,394,1596551,66522.95833333333,24.632239111051472,24.143709794123055,41.921815813507806,24,0,24.678196938275068,5.978885764901122,3.245642263672742,-0.28575235351012923,0.038,Cold spot,SP,2001–2024,incidencia_periodo_100mil_pessoa_ano
3515608,Fernando Prestes,Fernando Prestes,351560,FERNANDO PRESTES,SP,FERNANDO PRESTES,12,135990,5666.25,8.658921992510992,0.0,52.011095700416085,9,15,8.824178248400617,2.5649493574615367,2.28484651541777,-0.3202295235894861,0.039,Cold spot,SP,2001–2024,incidencia_periodo_100mil_pessoa_ano
3515657,Fernão,Fernão,351565,FERNAO,SP,FERNAO,7,37746,1572.75,18.768583572841475,0.0,125.54927809165098,5,19,18.54501139193557,2.0794415416798357,2.9727200821015183,-0.15663867570074225,0.401,Não significativo,SP,2001–2024,incidencia_periodo_100mil_pessoa_ano
3515707,Ferraz de Vasconcelos,Ferraz de Vasconcelos,351570,FERRAZ DE VASCONCELOS,SP,FERRAZ DE VASCONCELOS,1921,4020599,167524.95833333334,47.88477950284844,47.4608045830833,75.97786971867467,24,0,47.77895035043286,7.561121589530238,3.8872988745249515,0.14191559488038843,0.204,Não significativo,SP,2001–2024,incidencia_periodo_100mil_pessoa_ano
3515806,Flora Rica,Flora Rica,351580,FLORA RICA,SP,FLORA RICA,7,41595,1733.125,16.537751056376646,0.0,156.98587127158558,5,19,16.828945786753216,2.0794415416798357,2.8808233043139935,1.289902585404711,0.018,Hot spot,SP,2001–2024,incidencia_periodo_100mil_pessoa_ano
3515905,Floreal,Floreal,351590,FLOREAL,SP,FLOREAL,14,70761,2948.375,19.02705557877736,0.0,160.72002571520412,8,16,19.784909766679387,2.70805020110221,3.034227231424039,-0.18769205134686381,0.446,Não significativo,SP,2001–2024,incidencia_periodo_100mil_pessoa_ano
3516002,Flórida Paulista,Flórida Paulista,351600,FLORIDA PAULISTA,SP,FLORIDA PAULISTA,510,301557,12564.875,165.8038023988317,157.61662238737176,442.37485448195577,23,1,169.12225549398622,6.236369590203704,5.13651732855046,2.032120846660942,0.003,Hot spot,SP,2001–2024,incidencia_periodo_100mil_pessoa_ano
3516101,Florínia,Florínia,351610,FLORINIA,SP,FLORINEA,247,77789,3241.2083333333335,281.6108239709692,47.27177904107877,1175.5057408419902,17,7,317.5256141613853,5.5134287461649825,5.763702893007443,0.6196362816606973,0.09,Não significativo,SP,2001–2024,incidencia_periodo_100mil_pessoa_ano
3516200,Franca,Franca,351620,FRANCA,SP,FRANCA,1621,7808055,325335.625,20.5803022300756,21.02320850108716,31.486146095717885,24,0,20.7606119577795,7.3914152346753585,3.0801015446520155,-0.40545441296897744,0.001,Cold spot,SP,2001–2024,incidencia_periodo_100mil_pessoa_ano
3516309,Francisco Morato,Francisco Morato,351630,FRANCISCO MORATO,SP,FRANCISCO MORATO,1485,3710450,154602.08333333334,39.76264683516762,36.95635872780467,61.365110720192625,24,0,40.02209974531391,7.303843225277705,3.714110939664579,0.16815192660078587,0.165,Não significativo,SP,2001–2024,incidencia_periodo_100mil_pessoa_ano
3516408,Franco da Rocha,Franco da Rocha,351640,FRANCO DA ROCHA,SP,FRANCO DA ROCHA,2670,3167730,131988.75,82.68744436491573,77.11249614525047,138.67333448295685,24,0,84.28748662291294,7.890208213109961,4.446027745294547,0.054275591364401174,0.365,Não significativo,SP,2001–2024,incidencia_periodo_100mil_pessoa_ano
3516507,Gabriel Monteiro,Gabriel Monteiro,351650,GABRIEL MONTEIRO,SP,GABRIEL MONTEIRO,9,65612,2733.8333333333335,13.663683657508514,0.0,109.48905109489053,6,18,13.717002987258429,2.302585092994046,2.6890034911620755,-0.2976591459731259,0.087,Não significativo,SP,2001–2024,incidencia_periodo_100mil_pessoa_ano
3516606,Gália,Gália,351660,GALIA,SP,GALIA,69,166634,6943.083333333333,44.084414913076365,15.13069994755301,388.5003885003885,14,10,41.40811599073418,4.248495242049359,3.7473397587962283,-0.2454572665124983,0.057,Não significativo,SP,2001–2024,incidencia_periodo_100mil_pessoa_ano
3516705,Garça,Garça,351670,GARCA,SP,GARCA,268,1027910,42829.583333333336,26.08175885116714,23.3288064190914,51.02632494491476,24,0,26.0723215067467,5.594711379601839,3.2985118593412777,0.6519791435316162,0.054,Não significativo,SP,2001–2024,incidencia_periodo_100mil_pessoa_ano
3516804,Gastão Vidigal,Gastão Vidigal,351680,GASTAO VIDIGAL,SP,GASTAO VIDIGAL,13,89562,3731.75,13.830208520988073,0.0,95.39709038874314,9,15,14.515084522453721,2.6390573296152584,2.7418127456749803,-0.24723783426681636,0.184,Não significativo,SP,2001–2024,incidencia_periodo_100mil_pessoa_ano
3516853,Gavião Peixoto,Gavião Peixoto,351685,GAVIAO PEIXOTO,SP,GAVIAO PEIXOTO,17,107252,4468.833333333333,15.668027078832049,0.0,126.34238787113075,8,16,15.850520270018276,2.8903717578961645,2.824381532880648,-0.22451064819286673,0.353,Não significativo,SP,2001–2024,incidencia_periodo_100mil_pessoa_ano
3516903,General Salgado,General Salgado,351690,GENERAL SALGADO,SP,GENERAL SALGADO,33,253911,10579.625,13.06016229973291,9.332295202039337,48.21135859608524,15,9,12.996679939033756,3.5263605246161616,2.6388201542795375,-0.23746768589698275,0.248,Não significativo,SP,2001–2024,incidencia_periodo_100mil_pessoa_ano
3517000,Getulina,Getulina,351700,GETULINA,SP,GETULINA,502,252198,10508.25,198.6037691195327,199.0776469079196,401.8754186202277,23,1,199.04995281485182,6.220590170099739,5.298567099436442,0.11586101815249254,0.395,Não significativo,SP,2001–2024,incidencia_periodo_100mil_pessoa_ano
3517109,Glicério,Glicério,351710,GLICERIO,SP,GLICERIO,11,105321,4388.375,10.527163156862667,0.0,47.92715073088905,10,14,10.444260878647183,2.4849066497880004,2.4374883710349207,-0.2429491479429418,0.25,Não significativo,SP,2001–2024,incidencia_periodo_100mil_pessoa_ano
3517208,Guaiçara,Guaiçara,351720,GUAICARA,SP,GUAICARA,37,254472,10603.0,14.362130180030597,9.271319739701294,45.46281142025823,15,9,14.539910088339777,3.6375861597263857,2.7434115591016424,0.2663957093041684,0.119,Não significativo,SP,2001–2024,incidencia_periodo_100mil_pessoa_ano
3517307,Guaimbê,Guaimbê,351730,GUAIMBE,SP,GUAIMBE,38,130091,5420.458333333333,28.93866281523485,18.372422126904056,124.86621476988941,15,9,29.210322005365477,3.6635616461296463,3.4081836542416584,0.3292298612600251,0.114,Não significativo,SP,2001–2024,incidencia_periodo_100mil_pessoa_ano
3517406,Guaíra,Guaíra,351740,GUAIRA,SP,GUAIRA,142,902506,37604.416666666664,15.57192616574604,14.275864877460762,33.23193333162913,24,0,15.733967419607183,4.962844630259907,2.8174406309136524,-0.2497520880093029,0.23,Não significativo,SP,2001–2024,incidencia_periodo_100mil_pessoa_ano
3517505,Guapiaçu,Guapiaçu,351750,GUAPIACU,SP,GUAPIACU,69,443909,18496.208333333332,15.071999138404164,11.327271516516745,63.60456135568579,22,2,15.543726304265064,4.248495242049359,2.806006954684886,-0.2099495023863871,0.336,Não significativo,SP,2001–2024,incidencia_periodo_100mil_pessoa_ano
3517604,Guapiara,Guapiara,351760,GUAPIARA,SP,GUAPIARA,64,431947,17997.791666666668,14.935465789241803,13.66910938269216,34.99358450950659,23,1,14.816632596128692,4.174387269895637,2.761062082294592,-0.2442648754410826,0.212,Não significativo,SP,2001–2024,incidencia_periodo_100mil_pessoa_ano
3517703,Guará,Guará,351770,GUARA,SP,GUARA,96,461869,19244.541666666668,20.91066157766829,20.4182120508422,74.50771687067589,16,8,20.78511439390823,4.574710978503383,3.081226910595703,-0.3274274255460816,0.014,Cold spot,SP,2001–2024,incidencia_periodo_100mil_pessoa_ano
3517802,Guaraçaí,Guaraçaí,351780,GUARACAI,SP,GUARACAI,24,195980,8165.833333333333,12.254204536249835,5.711674663011195,59.90176111177668,12,12,12.246147566078172,3.2188758248682006,2.5837067604263844,0.9038513656921692,0.041,Hot spot,SP,2001–2024,incidencia_periodo_100mil_pessoa_ano
3517901,Guaraci,Guaraci,351790,GUARACI,SP,GUARACI,60,237680,9903.333333333334,24.686052300315964,19.745064834907755,68.46635367762129,18,6,25.24402558061259,4.110873864173311,3.267438366204477,-0.08908090393034844,0.359,Não significativo,SP,2001–2024,incidencia_periodo_100mil_pessoa_ano
3518008,Guarani d'Oeste,Guarani d'Oeste,351800,GUARANI D'OESTE,SP,GUARANI DOESTE,2,47470,1977.9166666666667,4.20468812118327,0.0,50.78720162519045,2,22,4.213187276174426,1.0986122886681098,1.6511914299775234,-0.26904736664959084,0.208,Não significativo,SP,2001–2024,incidencia_periodo_100mil_pessoa_ano
3518107,Guarantã,Guarantã,351810,GUARANTA,SP,GUARANTA,21,153681,6403.375,13.640054400094117,7.779679477205539,62.38303181534623,12,12,13.664669022195328,3.091042453358316,2.6854411329415395,1.0082992119565009,0.036,Hot spot,SP,2001–2024,incidencia_periodo_100mil_pessoa_ano
3518206,Guararapes,Guararapes,351820,GUARARAPES,SP,GUARARAPES,138,731376,30474.0,18.83032886694484,19.773407538304284,37.65060240963856,24,0,18.868543676576753,4.9344739331306915,2.9891377613048076,0.03215616689928198,0.255,Não significativo,SP,2001–2024,incidencia_periodo_100mil_pessoa_ano
3518305,Guararema,Guararema,351830,GUARAREMA,SP,GUARAREMA,88,648600,27025.0,12.693488704854317,11.336861865902925,40.078924651621655,17,7,13.56768424298489,4.48863636973214,2.678805667491402,-0.13135075101796526,0.444,Não significativo,SP,2001–2024,incidencia_periodo_100mil_pessoa_ano
3518404,Guaratinguetá,Guaratinguetá,351840,GUARATINGUETA,SP,GUARATINGUETA,831,2709857,112910.70833333333,30.747536950117624,30.82575585928297,39.14550945084442,24,0,30.665824801825337,6.723832440821209,3.4552380173735227,0.7743853630560636,0.048,Hot spot,SP,2001–2024,incidencia_periodo_100mil_pessoa_ano
3518503,Guareí,Guareí,351850,GUAREI,SP,GUAREI,541,332800,13866.666666666666,154.08732995326284,152.55824542885455,344.0134907251265,23,1,162.56009615384616,6.295266001439646,5.097180483377451,0.05925092302853013,0.267,Não significativo,SP,2001–2024,incidencia_periodo_100mil_pessoa_ano
3518602,Guariba,Guariba,351860,GUARIBA,SP,GUARIBA,143,850033,35418.041666666664,16.728652157911792,13.619369302713913,69.16777335104028,24,0,16.822876288332335,4.969813299576001,2.8804828168928043,-0.3053349702099029,0.035,Cold spot,SP,2001–2024,incidencia_periodo_100mil_pessoa_ano
3518701,Guarujá,Guarujá,351870,GUARUJA,SP,GUARUJA,8431,6843767,285156.9583333333,123.00801939781299,114.95087704175096,193.30030831052758,24,0,123.19238805178495,9.039789270781144,4.821831879793384,1.0992192559105376,0.052,Não significativo,SP,2001–2024,incidencia_periodo_100mil_pessoa_ano
3518800,Guarulhos,Guarulhos,351880,GUARULHOS,SP,GUARULHOS,12437,29309277,1221219.875,42.142859797956,40.5680071604622,59.38913186319836,24,0,42.43366358030599,9.428511581663834,3.7712347989711428,0.05228682536732628,0.264,Não significativo,SP,2001–2024,incidencia_periodo_100mil_pessoa_ano
3518859,Guatapará,Guatapará,351885,GUATAPARA,SP,GUATAPARA,8,167669,6986.208333333333,4.546672135045206,0.0,40.2036987402841,5,19,4.771305369507781,2.1972245773362196,1.7528982888164797,-0.28832187325006164,0.088,Não significativo,SP,2001–2024,incidencia_periodo_100mil_pessoa_ano
3518909,Guzolândia,Guzolândia,351890,GUZOLANDIA,SP,GUZOLANDIA,25,107662,4485.916666666667,23.309313965849338,22.081324508929434,65.06180871828238,16,8,23.22082071668741,3.258096538021482,3.187212623458652,-0.30906436497283785,0.031,Cold spot,SP,2001–2024,incidencia_periodo_100mil_pessoa_ano
3519006,Herculândia,Herculândia,351900,HERCULANDIA,SP,HERCULANDIA,18,209378,8724.083333333334,8.841199023917747,0.0,62.03473945409429,10,14,8.596891746028714,2.9444389791664403,2.261439269591535,-0.28416136287916954,0.178,Não significativo,SP,2001–2024,incidencia_periodo_100mil_pessoa_ano
3519055,Holambra,Holambra,351905,HOLAMBRA,SP,HOLAMBRA,22,283188,11799.5,8.409338924674142,6.960878071781423,39.77724741447892,13,11,7.768690763732927,3.1354942159291497,2.1711875094625435,-0.20547084506957136,0.415,Não significativo,SP,2001–2024,incidencia_periodo_100mil_pessoa_ano
3519071,Hortolândia,Hortolândia,351907,HORTOLANDIA,SP,HORTOLANDIA,2073,4816690,200695.41666666666,41.614314660485356,41.47941122225267,62.44993822886544,24,0,43.03785379586397,7.637234388789473,3.785049577603042,0.012106870472996493,0.268,Não significativo,SP,2001–2024,incidencia_periodo_100mil_pessoa_ano
3519105,Iacanga,Iacanga,351910,IACANGA,SP,IACANGA,28,236131,9838.791666666666,12.043676425342225,9.647969739052158,49.07734589713388,14,10,11.857824682062077,3.367295829986474,2.5539525506959175,0.3191926540116178,0.107,Não significativo,SP,2001–2024,incidencia_periodo_100mil_pessoa_ano
3519204,Iacri,Iacri,351920,IACRI,SP,IACRI,10,153330,6388.75,6.543297528595588,0.0,32.37293622531564,9,15,6.521880910454576,2.3978952727983707,2.0178162277577756,-0.2637326083382749,0.189,Não significativo,SP,2001–2024,incidencia_periodo_100mil_pessoa_ano
3519253,Iaras,Iaras,351925,IARAS,SP,IARAS,182,149965,6248.541666666667,117.32213586225187,97.42219418369325,345.2662184263129,22,2,121.36165105191212,5.209486152841421,4.806981012587484,0.24310273350991968,0.269,Não significativo,SP,2001–2024,incidencia_periodo_100mil_pessoa_ano
3519303,Ibaté,Ibaté,351930,IBATE,SP,IBATE,99,731468,30477.833333333332,13.536921216019644,13.038817829799981,28.401022436807725,23,1,13.534426659812869,4.605170185988092,2.6765200877435347,-0.23360331903816398,0.42,Não significativo,SP,2001–2024,incidencia_periodo_100mil_pessoa_ano
3519402,Ibirá,Ibirá,351940,IBIRA,SP,IBIRA,35,261869,10911.208333333334,13.176998245725736,9.927050663196752,43.531255441406934,17,7,13.365461356632514,3.58351893845611,2.6648268086320215,-0.3619020881573474,0.004,Cold spot,SP,2001–2024,incidencia_periodo_100mil_pessoa_ano
3519501,Ibirarema,Ibirarema,351950,IBIRAREMA,SP,IBIRAREMA,42,153858,6410.75,27.13602873392465,16.298582824168363,92.86488159727597,18,6,27.29789806184924,3.7612001156935624,3.3427875284578947,-0.10012483574170768,0.408,Não significativo,SP,2001–2024,incidencia_periodo_100mil_pessoa_ano
3519600,Ibitinga,Ibitinga,351960,IBITINGA,SP,IBITINGA,429,1306076,54419.833333333336,33.052020060234064,30.74851960427346,55.512599377465854,24,0,32.846480602966444,6.063785208687608,3.5218350235827227,-0.22207422035713545,0.164,Não significativo,SP,2001–2024,incidencia_periodo_100mil_pessoa_ano
3519709,Ibiúna,Ibiúna,351970,IBIUNA,SP,IBIUNA,362,1717991,71582.95833333333,20.901766551658785,20.60993755525162,38.634402647744395,24,0,21.071123189818806,5.8944028342648505,3.0942701111267783,-0.08345744678593633,0.429,Não significativo,SP,2001–2024,incidencia_periodo_100mil_pessoa_ano
3519808,Icém,Icém,351980,ICEM,SP,ICEM,67,179171,7465.458333333333,36.55631217553236,20.84387928478957,168.87503247596777,16,8,37.39444441343744,4.219507705176107,3.647912772393593,-0.16410104672240527,0.347,Não significativo,SP,2001–2024,incidencia_periodo_100mil_pessoa_ano
3519907,Iepê,Iepê,351990,IEPE,SP,IEPE,50,181488,7562.0,27.444602184241987,13.541963251463429,104.18023180101576,20,4,27.55003085603456,3.9318256327243257,3.3516580168732237,0.14911650295828693,0.165,Não significativo,SP,2001–2024,incidencia_periodo_100mil_pessoa_ano
3520004,Igaraçu do Tietê,Igaraçu do Tietê,352000,IGARACU DO TIETE,SP,IGARACU DO TIETE,207,555608,23150.333333333332,37.2736207558328,36.64049789181567,68.28851899274434,24,0,37.256482988005935,5.337538079701318,3.6443130357932656,-0.15597251307381424,0.378,Não significativo,SP,2001–2024,incidencia_periodo_100mil_pessoa_ano
3520103,Igarapava,Igarapava,352010,IGARAPAVA,SP,IGARAPAVA,109,647512,26979.666666666668,16.77165900675882,15.057232034229836,54.82456140350877,19,5,16.833664858720766,4.700480365792417,2.8810879552696966,-0.43268836409102884,0.001,Cold spot,SP,2001–2024,incidencia_periodo_100mil_pessoa_ano
3520202,Igaratá,Igaratá,352020,IGARATA,SP,IGARATA,27,224694,9362.25,11.450688300854841,10.255431171811868,45.578851412944395,14,10,12.01634222542658,3.332204510175204,2.566205662243692,-0.15785969878770617,0.495,Não significativo,SP,2001–2024,incidencia_periodo_100mil_pessoa_ano
3520301,Iguape,Iguape,352030,IGUAPE,SP,IGUAPE,448,689234,28718.083333333332,64.75472177802864,62.11747647805399,118.66015730946569,24,0,64.99969531392821,6.1070228877422545,4.189650125560137,0.49926956696164104,0.078,Não significativo,SP,2001–2024,incidencia_periodo_100mil_pessoa_ano
3520400,Ilhabela,Ilhabela,352040,ILHABELA,SP,ILHABELA,286,699677,29153.208333333332,41.001298977500674,38.077509052522686,74.32079055300174,24,0,40.876004213372745,5.659482215759621,3.7347129710725575,0.10526090442344721,0.001,Hot spot,SP,2001–2024,incidencia_periodo_100mil_pessoa_ano
3520426,Ilha Comprida,Ilha Comprida,352042,ILHA COMPRIDA,SP,ILHA COMPRIDA,137,242012,10083.833333333334,55.786254221112564,51.760470068043375,143.31780723754926,24,0,56.6087632018247,4.927253685157205,4.053674695050462,0.4661863782309829,0.09,Não significativo,SP,2001–2024,incidencia_periodo_100mil_pessoa_ano
3520442,Ilha Solteira,Ilha Solteira,352044,ILHA SOLTEIRA,SP,ILHA SOLTEIRA,89,601840,25076.666666666668,14.813596289295047,12.232895983574135,37.018756169792695,23,1,14.787983517213876,4.499809670330265,2.7592491137928272,-0.199042188898828,0.426,Não significativo,SP,2001–2024,incidencia_periodo_100mil_pessoa_ano
3520509,Indaiatuba,Indaiatuba,352050,INDAIATUBA,SP,INDAIATUBA,1169,5044437,210184.875,23.394633161694703,22.421871907769237,45.46502816855006,24,0,23.17404301015158,7.064759027791802,3.1852794546262,-0.12020387736342632,0.481,Não significativo,SP,2001–2024,incidencia_periodo_100mil_pessoa_ano
3520608,Indiana,Indiana,352060,INDIANA,SP,INDIANA,13,118670,4944.583333333333,10.888397046150851,0.0,60.26516673362796,9,15,10.95474846212185,2.6390573296152584,2.4811285602976225,0.03195040016590593,0.174,Não significativo,SP,2001–2024,incidencia_periodo_100mil_pessoa_ano
3520707,Indiaporã,Indiaporã,352070,INDIAPORA,SP,INDIAPORA,21,95595,3983.125,21.919202262847634,25.12878541993708,75.09386733416771,15,9,21.967676133689,3.091042453358316,3.1340878419569376,-0.2973102310319303,0.053,Não significativo,SP,2001–2024,incidencia_periodo_100mil_pessoa_ano
3520806,Inúbia Paulista,Inúbia Paulista,352080,INUBIA PAULISTA,SP,INUBIA PAULISTA,10,85647,3568.625,11.983363599042876,0.0,58.66823115283074,7,17,11.675832194939694,2.3978952727983707,2.539697203727458,1.1699946451776775,0.03,Hot spot,SP,2001–2024,incidencia_periodo_100mil_pessoa_ano
3520905,Ipaussu,Ipaussu,352090,IPAUSSU,SP,IPAUSSU,72,323587,13482.791666666666,22.356251280022136,21.914611025619486,58.42827928717499,23,1,22.250584850442078,4.290459441148391,3.146330286574711,-0.06732786704999176,0.343,Não significativo,SP,2001–2024,incidencia_periodo_100mil_pessoa_ano
3521002,Iperó,Iperó,352100,IPERO,SP,IPERO,620,700663,29194.291666666668,84.71720585432472,77.8725739802164,167.64714847441095,24,0,88.48761815594659,6.431331081933479,4.494100271084014,0.18149943295261772,0.242,Não significativo,SP,2001–2024,incidencia_periodo_100mil_pessoa_ano
3521101,Ipeúna,Ipeúna,352110,IPEUNA,SP,IPEUNA,26,143469,5977.875,16.62628435165273,7.476076555023923,101.24385305177898,12,12,18.122381838585337,3.295836866004329,2.9508594730124336,0.3102090276223962,0.099,Não significativo,SP,2001–2024,incidencia_periodo_100mil_pessoa_ano
3521150,Ipiguá,Ipiguá,352115,IPIGUA,SP,IPIGUA,19,121468,5061.166666666667,13.305999923112253,7.65579543714592,43.49086691794723,12,12,15.641979780682977,2.995732273553991,2.811928405520342,-0.21785683570911313,0.353,Não significativo,SP,2001–2024,incidencia_periodo_100mil_pessoa_ano
3521200,Iporanga,Iporanga,352120,IPORANGA,SP,IPORANGA,24,102249,4260.375,24.07791686470237,0.0,146.66340747983378,11,13,23.4721121966963,3.2188758248682006,3.197534191534738,-0.23204068466621652,0.209,Não significativo,SP,2001–2024,incidencia_periodo_100mil_pessoa_ano
3521309,Ipuã,Ipuã,352130,IPUA,SP,IPUA,49,331922,13830.083333333334,14.212352460488402,13.88665559841641,54.89980785067252,15,9,14.762504443815113,3.912023005428146,2.757633983214241,-0.26571724690043746,0.152,Não significativo,SP,2001–2024,incidencia_periodo_100mil_pessoa_ano
3521408,Iracemápolis,Iracemápolis,352140,IRACEMAPOLIS,SP,IRACEMAPOLIS,81,476630,19859.583333333332,17.05394933872787,15.308952823603772,38.66762415069325,22,2,16.99431424794914,4.406719247264253,2.890055832883176,-0.13513294558204897,0.429,Não significativo,SP,2001–2024,incidencia_periodo_100mil_pessoa_ano
3521507,Irapuã,Irapuã,352150,IRAPUA,SP,IRAPUA,21,168403,7016.791666666667,12.51153450268486,6.8728522336769755,43.271311120726956,12,12,12.470086637411448,3.091042453358316,2.600471422280686,-0.3414279772411725,0.019,Cold spot,SP,2001–2024,incidencia_periodo_100mil_pessoa_ano
3521606,Irapuru,Irapuru,352160,IRAPURU,SP,IRAPURU,435,179470,7477.916666666667,243.78560597574176,229.1000291473789,578.4146181148942,21,3,242.38034211845988,6.077642243349034,5.4946254136043535,1.8360749318017513,0.028,Hot spot,SP,2001–2024,incidencia_periodo_100mil_pessoa_ano
3521705,Itaberá,Itaberá,352170,ITABERA,SP,ITABERA,60,434757,18114.875,13.725068577530886,11.170065098927287,59.51414813612509,18,6,13.800812867877918,4.110873864173311,2.6946821027670937,-0.08531680573999366,0.36,Não significativo,SP,2001–2024,incidencia_periodo_100mil_pessoa_ano
3521804,Itaí,Itaí,352180,ITAI,SP,ITAI,222,573538,23897.416666666668,37.9850158603526,34.44728346397378,109.58046336881652,23,1,38.70711269349197,5.407171771460119,3.6815303326908593,-0.03714687960812007,0.398,Não significativo,SP,2001–2024,incidencia_periodo_100mil_pessoa_ano
3521903,Itajobi,Itajobi,352190,ITAJOBI,SP,ITAJOBI,23,368824,15367.666666666666,6.170531634305838,6.078910211140975,24.789291026276647,15,9,6.236036700431642,3.1780538303479458,1.9790736394427462,-0.3426938211327546,0.009,Cold spot,SP,2001–2024,incidencia_periodo_100mil_pessoa_ano
3522000,Itaju,Itaju,352200,ITAJU,SP,ITAJU,14,78309,3262.875,18.708948175066887,13.94700139470014,65.57377049180327,12,12,17.877893984088676,2.70805020110221,2.9379916070425445,-0.2094632177140445,0.361,Não significativo,SP,2001–2024,incidencia_periodo_100mil_pessoa_ano
3522109,Itanhaém,Itanhaém,352210,ITANHAEM,SP,ITANHAEM,2097,2236244,93176.83333333333,92.17931911527369,94.09721554548045,130.9793735003412,24,0,93.7733091737753,7.6487397889562425,4.551487820818833,0.9136834268076897,0.053,Não significativo,SP,2001–2024,incidencia_periodo_100mil_pessoa_ano
3522158,Itaóca,Itaóca,352215,ITAOCA,SP,ITAOCA,12,79202,3300.0833333333335,15.3283918409171,0.0,123.99256044637322,9,15,15.1511325471579,2.5649493574615367,2.7819901739689024,-0.19357528710262376,0.459,Não significativo,SP,2001–2024,incidencia_periodo_100mil_pessoa_ano
3522208,Itapecerica da Serra,Itapecerica da Serra,352220,ITAPECERICA DA SERRA,SP,ITAPECERICA DA SERRA,1897,3614558,150606.58333333334,52.1805133883837,54.88241880790722,70.27496677910662,24,0,52.48221220962563,7.5485559791698735,3.979349116554473,0.15667143366734934,0.205,Não significativo,SP,2001–2024,incidencia_periodo_100mil_pessoa_ano
3522307,Itapetininga,Itapetininga,352230,ITAPETININGA,SP,ITAPETININGA,1465,3499974,145832.25,41.507810210811336,42.54267904345128,57.215762613773876,24,0,41.857453798228214,7.290292882446597,3.7578795808665597,0.058893120426805376,0.284,Não significativo,SP,2001–2024,incidencia_periodo_100mil_pessoa_ano
3522406,Itapeva,Itapeva,352240,ITAPEVA,SP,ITAPEVA,622,2104479,87686.625,29.606967836187422,30.955024371286683,46.11923509561305,24,0,29.556008874405496,6.434546518787453,3.4195613561099356,-0.19353315618436379,0.247,Não significativo,SP,2001–2024,incidencia_periodo_100mil_pessoa_ano
3522505,Itapevi,Itapevi,352250,ITAPEVI,SP,ITAPEVI,2902,4917064,204877.66666666666,58.92340233842075,59.95674796751843,81.79184406169688,24,0,59.01895928139231,7.97349996402463,4.094660500331605,0.035512414696089525,0.332,Não significativo,SP,2001–2024,incidencia_periodo_100mil_pessoa_ano
3522604,Itapira,Itapira,352260,ITAPIRA,SP,ITAPIRA,526,1653625,68901.04166666667,32.05442211151104,30.396119867905753,57.20823798627002,24,0,31.80890467911407,6.267200548541362,3.4906999626642845,-0.1880398943747038,0.272,Não significativo,SP,2001–2024,incidencia_periodo_100mil_pessoa_ano
3522653,Itapirapuã Paulista,Itapirapuã Paulista,352265,ITAPIRAPUA PAULISTA,SP,ITAPIRAPUA PAULISTA,13,95459,3977.4583333333335,13.738708176083547,0.0,54.570259208731244,11,13,13.618412093149937,2.6390573296152584,2.682281836463278,-0.24150081365756615,0.497,Não significativo,SP,2001–2024,incidencia_periodo_100mil_pessoa_ano
3522703,Itápolis,Itápolis,352270,ITAPOLIS,SP,ITAPOLIS,150,947459,39477.458333333336,15.881623743534888,13.722031539511072,42.52551530918551,24,0,15.831819635467076,5.017279836814924,2.823271120924401,-0.26714680314607275,0.109,Não significativo,SP,2001–2024,incidencia_periodo_100mil_pessoa_ano
3522802,Itaporanga,Itaporanga,352280,ITAPORANGA,SP,ITAPORANGA,93,344601,14358.375,27.033133539440325,21.111406364377284,63.21112515802782,23,1,26.987733639774696,4.543294782270004,3.331766329894484,-0.1549583861783621,0.443,Não significativo,SP,2001–2024,incidencia_periodo_100mil_pessoa_ano
3522901,Itapuí,Itapuí,352290,ITAPUI,SP,ITAPUI,58,296753,12364.708333333334,19.03670769708447,15.144325021910918,64.46933677169795,20,4,19.544874019807718,4.07753744390572,3.0226114704016407,-0.26103860647647,0.19,Não significativo,SP,2001–2024,incidencia_periodo_100mil_pessoa_ano
3523008,Itapura,Itapura,352300,ITAPURA,SP,ITAPURA,25,98982,4124.25,25.206683014267686,23.47830074757952,74.29420505200594,16,8,25.257117455699017,3.258096538021482,3.2679370934549956,-0.09878123450888227,0.324,Não significativo,SP,2001–2024,incidencia_periodo_100mil_pessoa_ano
3523107,Itaquaquecetuba,Itaquaquecetuba,352310,ITAQUAQUECETUBA,SP,ITAQUAQUECETUBA,3063,7913238,329718.25,38.836498393251176,39.093095286480185,50.45572330081342,24,0,38.70729023946961,8.027476530860483,3.681534804070636,0.1462287384941262,0.189,Não significativo,SP,2001–2024,incidencia_periodo_100mil_pessoa_ano
3523206,Itararé,Itararé,352320,ITARARE,SP,ITARARE,262,1115524,46480.166666666664,23.533670055393618,22.71586836909725,38.439361906592346,24,0,23.48672014228291,5.572154032177765,3.1981309355877396,-0.13618343233788924,0.465,Não significativo,SP,2001–2024,incidencia_periodo_100mil_pessoa_ano
3523305,Itariri,Itariri,352330,ITARIRI,SP,ITARIRI,180,363580,15149.166666666666,49.49845971392478,47.36494854261974,83.95221181788828,24,0,49.507673689421864,5.198497031265826,3.9221252789834145,0.538976371523054,0.076,Não significativo,SP,2001–2024,incidencia_periodo_100mil_pessoa_ano
3523404,Itatiba,Itatiba,352340,ITATIBA,SP,ITATIBA,598,2514943,104789.29166666667,24.16759540435414,25.00896615505752,32.98036490418026,24,0,23.777874886230027,6.395261598115449,3.2099511132914222,-0.18263826644497502,0.36,Não significativo,SP,2001–2024,incidencia_periodo_100mil_pessoa_ano
3523503,Itatinga,Itatinga,352350,ITATINGA,SP,ITATINGA,110,430318,17929.916666666668,24.613015515714427,11.229137912740462,109.10224438902742,20,4,25.56249099503158,4.709530201312334,3.2795001076740022,-0.1694992490864941,0.409,Não significativo,SP,2001–2024,incidencia_periodo_100mil_pessoa_ano
3523602,Itirapina,Itirapina,352360,ITIRAPINA,SP,ITIRAPINA,607,365764,15240.166666666666,161.76582720076382,164.2158434145885,345.57788301548703,24,0,165.95400312769982,6.410174881966167,5.117718344105788,-0.015760067158670992,0.101,Não significativo,SP,2001–2024,incidencia_periodo_100mil_pessoa_ano
3523701,Itirapuã,Itirapuã,352370,ITIRAPUA,SP,ITIRAPUA,8,138612,5775.5,5.705860057912365,0.0,85.91065292096219,4,20,5.771506074510143,2.1972245773362196,1.9127235251829808,-0.4601353452968967,0.006,Cold spot,SP,2001–2024,incidencia_periodo_100mil_pessoa_ano
3523800,Itobi,Itobi,352380,ITOBI,SP,ITOBI,12,185207,7716.958333333333,6.4585730573364515,0.0,38.50102669404517,8,16,6.479236745911332,2.5649493574615367,2.012130747463354,-0.13851573029038758,0.334,Não significativo,SP,2001–2024,incidencia_periodo_100mil_pessoa_ano
3523909,Itu,Itu,352390,ITU,SP,ITU,1197,3741020,155875.83333333334,32.004223756584004,31.884308040810772,42.29378135573445,24,0,31.996621242334978,7.088408778675395,3.496405169628705,-0.0675392336780018,0.431,Não significativo,SP,2001–2024,incidencia_periodo_100mil_pessoa_ano
3524006,Itupeva,Itupeva,352400,ITUPEVA,SP,ITUPEVA,212,1196828,49867.833333333336,17.871713432944322,16.224573211041466,42.21085563887372,23,1,17.71348932344497,5.3612921657094255,2.9292446180045735,-0.14494708162138634,0.489,Não significativo,SP,2001–2024,incidencia_periodo_100mil_pessoa_ano
3524105,Ituverava,Ituverava,352410,ITUVERAVA,SP,ITUVERAVA,175,909359,37889.958333333336,19.12993824655757,17.090831242496478,41.45077720207254,20,4,19.244324848602147,5.170483995038151,3.0078744998839304,-0.3846799466666458,0.001,Cold spot,SP,2001–2024,incidencia_periodo_100mil_pessoa_ano
3524204,Jaborandi,Jaborandi,352420,JABORANDI,SP,JABORANDI,12,154381,6432.541666666667,7.8817369295637585,0.0,62.76478895339715,9,15,7.772977244609117,2.5649493574615367,2.1716762293447656,-0.2327284247675303,0.422,Não significativo,SP,2001–2024,incidencia_periodo_100mil_pessoa_ano
3524303,Jaboticabal,Jaboticabal,352430,JABOTICABAL,SP,JABOTICABAL,375,1704343,71014.29166666667,22.10252341760945,21.385773140383563,52.75652862041678,24,0,22.002613323726504,5.929589143389895,3.135607832245289,-0.19598099920101628,0.291,Não significativo,SP,2001–2024,incidencia_periodo_100mil_pessoa_ano
3524402,Jacareí,Jacareí,352440,JACAREI,SP,JACAREI,1659,5235646,218151.91666666666,32.01290666300014,31.210856660964666,48.29284782923649,24,0,31.686634275884963,7.414572881350589,3.4869662566066473,-0.2099549666325146,0.235,Não significativo,SP,2001–2024,incidencia_periodo_100mil_pessoa_ano
3524501,Jaci,Jaci,352450,JACI,SP,JACI,37,144883,6036.791666666667,24.205673792778455,24.458282932365638,70.7088562842496,15,9,25.537847780622986,3.6375861597263857,3.2785719321954274,-0.26241828274799234,0.11,Não significativo,SP,2001–2024,incidencia_periodo_100mil_pessoa_ano
3524600,Jacupiranga,Jacupiranga,352460,JACUPIRANGA,SP,JACUPIRANGA,96,402957,16789.875,23.879823742018676,23.57468465238361,48.87585532746823,24,0,23.823881952664927,4.574710978503383,3.211806171763556,0.26680381793710484,0.136,Não significativo,SP,2001–2024,incidencia_periodo_100mil_pessoa_ano
3524709,Jaguariúna,Jaguariúna,352470,JAGUARIUNA,SP,JAGUARIUNA,279,1119485,46645.208333333336,25.928269767783586,27.376737451003464,41.90863916661677,24,0,24.922174035382344,5.634789603169249,3.2550987427886273,-0.13774692258248408,0.475,Não significativo,SP,2001–2024,incidencia_periodo_100mil_pessoa_ano
3524808,Jales,Jales,352480,JALES,SP,JALES,235,1141349,47556.208333333336,20.643692329480153,19.952101896377524,39.921837244973,24,0,20.589670644123753,5.4638318050256105,3.072214989390614,-0.226678388362463,0.202,Não significativo,SP,2001–2024,incidencia_periodo_100mil_pessoa_ano
3524907,Jambeiro,Jambeiro,352490,JAMBEIRO,SP,JAMBEIRO,3,130931,5455.458333333333,1.9011406844106464,0.0,45.627376425855516,1,23,2.291283194965287,1.3862943611198906,1.1912775176006234,-0.2349057719338391,0.355,Não significativo,SP,2001–2024,incidencia_periodo_100mil_pessoa_ano
3525003,Jandira,Jandira,352500,JANDIRA,SP,JANDIRA,733,2611111,108796.29166666667,27.244289868307987,31.551805786491045,46.725907466308165,20,4,28.072341620099643,6.598509028614515,3.369787262413739,0.15607214442299522,0.164,Não significativo,SP,2001–2024,incidencia_periodo_100mil_pessoa_ano
3525102,Jardinópolis,Jardinópolis,352510,JARDINOPOLIS,SP,JARDINOPOLIS,359,937265,39052.708333333336,35.40625196119913,17.515965172239504,95.51098376313276,24,0,38.30293460227364,5.886104031450156,3.671299187900993,-0.1386982041389207,0.414,Não significativo,SP,2001–2024,incidencia_periodo_100mil_pessoa_ano
3525201,Jarinu,Jarinu,352520,JARINU,SP,JARINU,164,653004,27208.5,24.650200710497185,22.97901850965089,49.380006584000874,24,0,25.114700675646702,5.10594547390058,3.262498400043778,-0.08011071167348019,0.369,Não significativo,SP,2001–2024,incidencia_periodo_100mil_pessoa_ano
3525300,Jaú,Jaú,352530,JAU,SP,JAU,780,3083876,128494.83333333333,25.172442773391182,24.44848311863204,36.40390128475435,24,0,25.292845756444162,6.660575149839686,3.269296877708548,-0.25380249549067324,0.091,Não significativo,SP,2001–2024,incidencia_periodo_100mil_pessoa_ano
3525409,Jeriquara,Jeriquara,352540,JERIQUARA,SP,JERIQUARA,4,82383,3432.625,4.650222688339051,0.0,30.09328919650918,4,20,4.855370646856755,1.6094379124341003,1.7673592993768326,-0.42570108460539774,0.001,Cold spot,SP,2001–2024,incidencia_periodo_100mil_pessoa_ano
3525508,Joanópolis,Joanópolis,352550,JOANOPOLIS,SP,JOANOPOLIS,29,285408,11892.0,10.275113348060147,7.94436853642668,49.91265285749938,13,11,10.160892476735059,3.4011973816621555,2.4124159247892596,-0.25923396754400946,0.309,Não significativo,SP,2001–2024,incidencia_periodo_100mil_pessoa_ano
3525607,João Ramalho,João Ramalho,352560,JOAO RAMALHO,SP,JOAO RAMALHO,6,100188,4174.5,6.038382104018539,0.0,25.4323499491353,6,18,5.988741166606779,1.9459101490553132,1.9443004494132623,-0.13161631337299676,0.328,Não significativo,SP,2001–2024,incidencia_periodo_100mil_pessoa_ano
3525706,José Bonifácio,José Bonifácio,352570,JOSE BONIFACIO,SP,JOSE BONIFACIO,129,801952,33414.666666666664,15.742973008359412,13.387769247704664,49.13602489558594,24,0,16.08575076812577,4.867534450455582,2.8382448277171357,-0.24477134577393078,0.138,Não significativo,SP,2001–2024,incidencia_periodo_100mil_pessoa_ano
3525805,Júlio Mesquita,Júlio Mesquita,352580,JULIO MESQUITA,SP,JULIO MESQUITA,19,103697,4320.708333333333,18.40487998254794,22.904380349951232,47.01457451810061,15,9,18.322612997483052,2.995732273553991,2.9612760679560712,0.7117884040190172,0.049,Hot spot,SP,2001–2024,incidencia_periodo_100mil_pessoa_ano
3525854,Jumirim,Jumirim,352585,JUMIRIM,SP,JUMIRIM,7,66593,2774.7083333333335,10.369266107987642,0.0,107.21944245889921,5,19,10.511615334945114,2.0794415416798357,2.4433565547586524,-0.19937675261378254,0.427,Não significativo,SP,2001–2024,incidencia_periodo_100mil_pessoa_ano
3525904,Jundiaí,Jundiaí,352590,JUNDIAI,SP,JUNDIAI,3370,9301330,387555.4166666667,36.86471546999534,36.209102229721694,54.60796666168382,24,0,36.2313776631944,8.12296471523406,3.617151891314801,-0.027468796043592154,0.372,Não significativo,SP,2001–2024,incidencia_periodo_100mil_pessoa_ano
3526001,Junqueirópolis,Junqueirópolis,352600,JUNQUEIROPOLIS,SP,JUNQUEIROPOLIS,583,456673,19028.041666666668,125.136749487607,112.03681683913985,350.0405844155844,24,0,127.6624630753296,6.369900982828227,4.857192409864039,0.648745824793474,0.07,Não significativo,SP,2001–2024,incidencia_periodo_100mil_pessoa_ano
3526100,Juquiá,Juquiá,352610,JUQUIA,SP,JUQUIA,203,449681,18736.708333333332,45.74876421392594,39.01073095685486,107.61823845935996,24,0,45.143112562016185,5.318119993844216,3.8317477095517547,0.21469787895223005,0.163,Não significativo,SP,2001–2024,incidencia_periodo_100mil_pessoa_ano
3526209,Juquitiba,Juquitiba,352620,JUQUITIBA,SP,JUQUITIBA,255,668792,27866.333333333332,38.22698506283596,36.03134666229647,74.98125468632841,24,0,38.12844651251809,5.545177444479562,3.6668497347574607,0.2188051565234189,0.164,Não significativo,SP,2001–2024,incidencia_periodo_100mil_pessoa_ano
3526308,Lagoinha,Lagoinha,352630,LAGOINHA,SP,LAGOINHA,29,118897,4954.041666666667,24.30078651150522,20.389463912374154,101.11223458038423,16,8,24.3908593152056,3.4011973816621555,3.234389239775836,-0.10113466574114233,0.418,Não significativo,SP,2001–2024,incidencia_periodo_100mil_pessoa_ano
3526407,Laranjal Paulista,Laranjal Paulista,352640,LARANJAL PAULISTA,SP,LARANJAL PAULISTA,239,601376,25057.333333333332,39.39638369383002,34.7267445225898,81.28507838203987,24,0,39.742191241419675,5.480638923341991,3.707264195346837,-0.1314334854514556,0.42,Não significativo,SP,2001–2024,incidencia_periodo_100mil_pessoa_ano
3526506,Lavínia,Lavínia,352650,LAVINIA,SP,LAVINIA,1240,200648,8360.333333333334,575.9487666179703,609.7042613738697,1473.2766964189698,24,0,617.9976874925242,7.123672785204607,6.428101536801243,2.780874028385192,0.015,Hot spot,SP,2001–2024,incidencia_periodo_100mil_pessoa_ano
3526605,Lavrinhas,Lavrinhas,352660,LAVRINHAS,SP,LAVRINHAS,20,160621,6692.541666666667,12.387756957769284,6.9725282387393674,56.5690849950502,12,12,12.451671948250851,3.044522437723423,2.5991034067423344,-0.14797350752368285,0.333,Não significativo,SP,2001–2024,incidencia_periodo_100mil_pessoa_ano
3526704,Leme,Leme,352670,LEME,SP,LEME,744,2210224,92092.66666666667,33.9414467882746,31.696562137646296,52.948028568402975,24,0,33.661746501712045,6.61338421837956,3.545636672565325,-0.15674817696451399,0.383,Não significativo,SP,2001–2024,incidencia_periodo_100mil_pessoa_ano
3526803,Lençóis Paulista,Lençóis Paulista,352680,LENCOIS PAULISTA,SP,LENCOIS PAULISTA,417,1490540,62105.833333333336,27.927464663375243,26.46836693058152,49.73577867578489,24,0,27.976438069424507,6.035481432524756,3.366483019380742,-0.16787103622980168,0.353,Não significativo,SP,2001–2024,incidencia_periodo_100mil_pessoa_ano
3526902,Limeira,Limeira,352690,LIMEIRA,SP,LIMEIRA,2108,6647924,276996.8333333333,31.722124176789325,31.90356406483647,40.56822111675667,24,0,31.709147096146104,7.653969180478774,3.487654766497596,-0.1552479859033351,0.371,Não significativo,SP,2001–2024,incidencia_periodo_100mil_pessoa_ano
3527009,Lindóia,Lindóia,352700,LINDOIA,SP,LINDOIA,18,157363,6556.791666666667,11.293267998765728,14.362849751120951,42.7715996578272,14,10,11.438521126313047,2.9444389791664403,2.5207981997227247,-0.2314281853138103,0.386,Não significativo,SP,2001–2024,incidencia_periodo_100mil_pessoa_ano
3527108,Lins,Lins,352710,LINS,SP,LINS,602,1720562,71690.08333333333,34.935651823547836,36.122135102362705,51.79751371934147,24,0,34.98856768892954,6.401917196727186,3.5832013238255214,0.27819661597812234,0.124,Não significativo,SP,2001–2024,incidencia_periodo_100mil_pessoa_ano
3527207,Lorena,Lorena,352720,LORENA,SP,LORENA,706,1983615,82650.625,35.51742345932909,36.18091618667616,49.44584474004752,24,0,35.59158405234887,6.561030665896573,3.5998182700412684,-0.21284684071691762,0.193,Não significativo,SP,2001–2024,incidencia_periodo_100mil_pessoa_ano
3527256,Lourdes,Lourdes,352725,LOURDES,SP,LOURDES,2,49023,2042.625,4.129419122245522,0.0,51.282051282051285,2,22,4.079717683536299,1.0986122886681098,1.625255685939065,-0.29579474318025517,0.247,Não significativo,SP,2001–2024,incidencia_periodo_100mil_pessoa_ano
3527306,Louveira,Louveira,352730,LOUVEIRA,SP,LOUVEIRA,137,950360,39598.333333333336,15.226724626226412,13.681292965679813,33.56943838329585,24,0,14.41558988172903,4.927253685157205,2.735379327341545,-0.17650567249580437,0.454,Não significativo,SP,2001–2024,incidencia_periodo_100mil_pessoa_ano
3527405,Lucélia,Lucélia,352740,LUCELIA,SP,LUCELIA,421,472000,19666.666666666668,88.38432411893426,63.09156957105121,315.45741324921136,24,0,89.19491525423729,6.045005314036012,4.501973053575379,0.7476469235993786,0.048,Hot spot,SP,2001–2024,incidencia_periodo_100mil_pessoa_ano
3527504,Lucianópolis,Lucianópolis,352750,LUCIANOPOLIS,SP,LUCIANOPOLIS,8,54654,2277.25,14.797409639471624,0.0,88.92841262783459,7,17,14.6375379661141,2.1972245773362196,2.7496743036790736,-0.2326958080423266,0.293,Não significativo,SP,2001–2024,incidencia_periodo_100mil_pessoa_ano
3527603,Luís Antônio,Luís Antônio,352760,LUIS ANTONIO,SP,LUIS ANTONIO,17,259391,10807.958333333334,6.890410158314009,4.033233846898443,26.69157880688643,12,12,6.553812584091198,2.8903717578961645,2.022052413827762,-0.3024544554215584,0.081,Não significativo,SP,2001–2024,incidencia_periodo_100mil_pessoa_ano
3527702,Luiziânia,Luiziânia,352770,LUIZIANIA,SP,LUIZIANIA,14,114475,4769.791666666667,12.478782388643635,9.940357852882704,69.06077348066297,12,12,12.229744485695566,2.70805020110221,2.582467664689837,0.07930187160567284,0.199,Não significativo,SP,2001–2024,incidencia_periodo_100mil_pessoa_ano
3527801,Lupércio,Lupércio,352780,LUPERCIO,SP,LUPERCIO,11,100776,4199.0,11.04823948245897,0.0,74.68259895444362,8,16,10.915297293006272,2.4849066497880004,2.4778230613939645,-0.23015965307786188,0.364,Não significativo,SP,2001–2024,incidencia_periodo_100mil_pessoa_ano
3527900,Lutécia,Lutécia,352790,LUTECIA,SP,LUTECIA,12,65556,2731.5,18.42851285108699,0.0,74.90636704119851,10,14,18.304960644334617,2.5649493574615367,2.960362091088616,1.1058511456538684,0.021,Hot spot,SP,2001–2024,incidencia_periodo_100mil_pessoa_ano
3528007,Macatuba,Macatuba,352800,MACATUBA,SP,MACATUBA,70,393184,16382.666666666666,17.83844779392713,18.657718872561603,30.752198782212925,22,2,17.80336941482868,4.2626798770413155,2.9340360779701813,-0.1628929909857432,0.483,Não significativo,SP,2001–2024,incidencia_periodo_100mil_pessoa_ano
3528106,Macaubal,Macaubal,352810,MACAUBAL,SP,MACAUBAL,11,181261,7552.541666666667,6.0787752155321835,0.0,26.291573550677008,10,14,6.06859721616895,2.4849066497880004,1.955662046667304,-0.308240940153432,0.067,Não significativo,SP,2001–2024,incidencia_periodo_100mil_pessoa_ano
3528205,Macedônia,Macedônia,352820,MACEDONIA,SP,MACEDONIA,8,91017,3792.375,8.684570917768488,0.0,53.734551316496514,7,17,8.789566784227123,2.1972245773362196,2.281317204718288,-0.29447599371631433,0.109,Não significativo,SP,2001–2024,incidencia_periodo_100mil_pessoa_ano
3528304,Magda,Magda,352830,MAGDA,SP,MAGDA,25,77555,3231.4583333333335,32.064789814457214,30.96828759130107,94.33962264150944,13,11,32.23518793114564,3.258096538021482,3.503609192093043,-0.25530533612023787,0.069,Não significativo,SP,2001–2024,incidencia_periodo_100mil_pessoa_ano
3528403,Mairinque,Mairinque,352840,MAIRINQUE,SP,MAIRINQUE,364,1081818,45075.75,32.92385718631126,30.43310766687481,85.17228029423151,24,0,33.64706447849823,5.8998973535824915,3.5452130028117748,-0.0810771807455221,0.389,Não significativo,SP,2001–2024,incidencia_periodo_100mil_pessoa_ano
3528502,Mairiporã,Mairiporã,352850,MAIRIPORA,SP,MAIRIPORA,461,1957063,81544.29166666667,23.582976143610136,23.001997163984562,54.903353949004476,24,0,23.555705667114445,6.135564891081739,3.2009442373032555,0.12104225046804862,0.183,Não significativo,SP,2001–2024,incidencia_periodo_100mil_pessoa_ano
3528601,Manduri,Manduri,352860,MANDURI,SP,MANDURI,37,220234,9176.416666666666,16.972805352551052,11.039687704713376,59.45303210463733,17,7,16.80031239499805,3.6375861597263857,2.8792160074248243,-0.08180174429239288,0.297,Não significativo,SP,2001–2024,incidencia_periodo_100mil_pessoa_ano
3528700,Marabá Paulista,Marabá Paulista,352870,MARABA PAULISTA,SP,MARABA PAULISTA,342,108275,4511.458333333333,305.5460778430839,279.0096113418477,749.3042175123101,20,4,315.86238743939043,5.8377304471659395,5.758467570600675,0.6278197757437636,0.211,Não significativo,SP,2001–2024,incidencia_periodo_100mil_pessoa_ano
3528809,Maracaí,Maracaí,352880,MARACAI,SP,MARACAI,44,313082,13045.083333333334,13.989141202911567,11.448017972120908,37.690336197798885,21,3,14.053826154170471,3.8066624897703196,2.7116321883970262,-0.16601872487991232,0.455,Não significativo,SP,2001–2024,incidencia_periodo_100mil_pessoa_ano
3528858,Marapoama,Marapoama,352885,MARAPOAMA,SP,MARAPOAMA,3,66967,2790.2916666666665,4.6217726125309015,0.0,43.956043956043956,3,21,4.479818418026789,1.3862943611198906,1.7010719650143635,-0.37205928392096005,0.011,Cold spot,SP,2001–2024,incidencia_periodo_100mil_pessoa_ano
3528908,Mariápolis,Mariápolis,352890,MARIAPOLIS,SP,MARIAPOLIS,10,90276,3761.5,11.184698423889294,0.0,51.22950819672131,9,15,11.077141211396162,2.3978952727983707,2.491314509813782,1.2296170767854113,0.016,Hot spot,SP,2001–2024,incidencia_periodo_100mil_pessoa_ano
3529005,Marília,Marília,352900,MARILIA,SP,MARILIA,1939,5302113,220921.375,36.18900635702092,36.02720757511855,58.16361601438228,24,0,36.57032583047551,7.570443252057374,3.626214532172053,0.531184193518653,0.063,Não significativo,SP,2001–2024,incidencia_periodo_100mil_pessoa_ano
3529104,Marinópolis,Marinópolis,352910,MARINOPOLIS,SP,MARINOPOLIS,0,48912,2038.0,0.0,0.0,0.0,0,24,0.0,0.0,0.0,-0.4275609523222444,0.01,Cold spot,SP,2001–2024,incidencia_periodo_100mil_pessoa_ano
3529203,Martinópolis,Martinópolis,352920,MARTINOPOLIS,SP,MARTINOPOLIS,667,578939,24122.458333333332,113.83364347440248,95.65765400244976,304.16092140481794,24,0,115.21075622820365,6.504288173536645,4.7554054066415725,0.4835803369077606,0.083,Não significativo,SP,2001–2024,incidencia_periodo_100mil_pessoa_ano
3529302,Matão,Matão,352930,MATAO,SP,MATAO,349,1841909,76746.20833333333,19.082790769665333,18.91426539499377,32.33324800948442,24,0,18.947733031327825,5.857933154483459,2.993115504364313,-0.27119783969063305,0.078,Não significativo,SP,2001–2024,incidencia_periodo_100mil_pessoa_ano
3529401,Mauá,Mauá,352940,MAUA,SP,MAUA,3811,9788727,407863.625,38.78356768624174,38.37454683181127,51.67726955241349,24,0,38.93253944052174,8.245909264774093,3.68719151636124,0.12351811950510823,0.206,Não significativo,SP,2001–2024,incidencia_periodo_100mil_pessoa_ano
3529500,Mendonça,Mendonça,352950,MENDONCA,SP,MENDONCA,20,120039,5001.625,16.197105097505215,18.057955783977746,44.02377283733216,15,9,16.661251759844717,3.044522437723423,2.8713730737422787,-0.3023509553250347,0.036,Cold spot,SP,2001–2024,incidencia_periodo_100mil_pessoa_ano
3529609,Meridiano,Meridiano,352960,MERIDIANO,SP,MERIDIANO,11,99437,4143.208333333333,10.9993598080474,0.0,25.278058645096056,11,13,11.062280640003218,2.4849066497880004,2.4900832812150426,-0.22283903042880746,0.386,Não significativo,SP,2001–2024,incidencia_periodo_100mil_pessoa_ano
3529658,Mesópolis,Mesópolis,352965,MESOPOLIS,SP,MESOPOLIS,16,46073,1919.7083333333333,34.710691465376264,0.0,158.144438587243,10,14,34.72749766674625,2.833213344056216,3.5759206350668693,-0.2770499216104692,0.024,Cold spot,SP,2001–2024,incidencia_periodo_100mil_pessoa_ano
3529708,Miguelópolis,Miguelópolis,352970,MIGUELOPOLIS,SP,MIGUELOPOLIS,43,475981,19832.541666666668,9.08834287922061,0.0,30.86260994804794,11,13,9.033974045182477,3.784189633918261,2.3059767393716992,-0.32935608614577166,0.068,Não significativo,SP,2001–2024,incidencia_periodo_100mil_pessoa_ano
3529807,Mineiros do Tietê,Mineiros do Tietê,352980,MINEIROS DO TIETE,SP,MINEIROS DO TIETE,44,279313,11638.041666666666,15.871610095380248,12.809742077470544,53.42831700801425,19,5,15.752936669614375,3.8066624897703196,2.8185735664627636,-0.20934139087687895,0.426,Não significativo,SP,2001–2024,incidencia_periodo_100mil_pessoa_ano
3529906,Miracatu,Miracatu,352990,MIRACATU,SP,MIRACATU,249,484792,20199.666666666668,51.12547753936388,50.296782999506846,75.77910391209623,24,0,51.36223370022608,5.521460917862246,3.958185600563894,0.10321670902651726,0.241,Não significativo,SP,2001–2024,incidencia_periodo_100mil_pessoa_ano
3530003,Mira Estrela,Mira Estrela,353000,MIRA ESTRELA,SP,MIRA ESTRELA,8,69337,2889.0416666666665,11.386541354072842,0.0,71.50518412584913,6,18,11.537851363629807,2.1972245773362196,2.528752177910699,-0.2901263189676722,0.225,Não significativo,SP,2001–2024,incidencia_periodo_100mil_pessoa_ano
3530102,Mirandópolis,Mirandópolis,353010,MIRANDOPOLIS,SP,MIRANDOPOLIS,1412,657924,27413.5,212.90931952063707,238.46687558141923,377.2763549299862,24,0,214.61445394908833,7.253470382684528,5.3734918773679095,2.3241696822573417,0.003,Hot spot,SP,2001–2024,incidencia_periodo_100mil_pessoa_ano
3530201,Mirante do Paranapanema,Mirante do Paranapanema,353020,MIRANTE DO PARANAPANEMA,SP,MIRANTE DO PARANAPANEMA,51,396016,16500.666666666668,12.879470770079928,12.180232007866556,41.27115146512588,22,2,12.878267544745668,3.9512437185814275,2.630324130627436,0.9507622877977959,0.032,Hot spot,SP,2001–2024,incidencia_periodo_100mil_pessoa_ano
3530300,Mirassol,Mirassol,353030,MIRASSOL,SP,MIRASSOL,229,1348734,56197.25,16.947921429716214,17.604668077153267,30.338722918228218,24,0,16.97888538436786,5.438079308923196,2.8891980351512507,-0.2332209171946625,0.207,Não significativo,SP,2001–2024,incidencia_periodo_100mil_pessoa_ano
3530409,Mirassolândia,Mirassolândia,353040,MIRASSOLANDIA,SP,MIRASSOLANDIA,16,103824,4326.0,15.577240458954806,0.0,78.003120124805,9,15,15.410695022345509,2.833213344056216,2.797933257791066,-0.27715310590330455,0.119,Não significativo,SP,2001–2024,incidencia_periodo_100mil_pessoa_ano
3530508,Mococa,Mococa,353050,MOCOCA,SP,MOCOCA,390,1601986,66749.41666666667,24.336884823759263,25.3809052047848,35.46046896470206,24,0,24.344782039293726,5.968707559985366,3.232572872135657,-0.20405567725892915,0.313,Não significativo,SP,2001–2024,incidencia_periodo_100mil_pessoa_ano
3530607,Mogi das Cruzes,Mogi das Cruzes,353060,MOGI DAS CRUZES,SP,MOGI DAS CRUZES,4010,9597045,399876.875,41.82936731762292,41.78324382834559,54.233166859363266,24,0,41.783694876912634,8.296795865770052,3.7561570691839448,0.18188230384257376,0.184,Não significativo,SP,2001–2024,incidencia_periodo_100mil_pessoa_ano
3530706,Mogi Guaçu,Mogi Guaçu,353070,MOGI GUACU,SP,MOGI GUACU,790,3380988,140874.5,23.388424807516994,23.4327329480706,34.375537117767465,24,0,23.36595101786815,6.673297967767654,3.193186707664585,-0.1091967594226742,0.487,Não significativo,SP,2001–2024,incidencia_periodo_100mil_pessoa_ano
3530805,Moji Mirim,Moji Mirim,353080,MOJI MIRIM,SP,MOGI MIRIM,467,2108695,87862.29166666667,22.23538651995241,20.288916060924933,35.951393715696376,24,0,22.14639860197895,6.148468295917647,3.141839200481221,-0.18571150082345084,0.352,Não significativo,SP,2001–2024,incidencia_periodo_100mil_pessoa_ano
3530904,Mombuca,Mombuca,353090,MOMBUCA,SP,MOMBUCA,27,81619,3400.7916666666665,32.22573748508744,28.076531956534645,114.71178663607685,14,10,33.08053271909727,3.332204510175204,3.528726333267856,-0.1462569959039816,0.459,Não significativo,SP,2001–2024,incidencia_periodo_100mil_pessoa_ano
3531001,Monções,Monções,353100,MONCOES,SP,MONCOES,11,49167,2048.625,22.435821149372984,0.0,154.24164524421596,8,16,22.372729676408973,2.4849066497880004,3.1515699443147698,-0.28350944475220385,0.073,Não significativo,SP,2001–2024,incidencia_periodo_100mil_pessoa_ano
3531100,Mongaguá,Mongaguá,353110,MONGAGUA,SP,MONGAGUA,1845,1190509,49604.541666666664,147.59496885944307,151.87284592348198,284.72716540217715,24,0,154.97572886891237,7.520776415062797,5.049700410971425,1.344966703218135,0.051,Não significativo,SP,2001–2024,incidencia_periodo_100mil_pessoa_ano
3531209,Monte Alegre do Sul,Monte Alegre do Sul,353120,MONTE ALEGRE DO SUL,SP,MONTE ALEGRE DO SUL,8,180455,7518.958333333333,4.287971053078801,0.0,27.96420581655481,6,18,4.433238203430218,2.1972245773362196,1.6925353104202046,-0.3112336526430035,0.124,Não significativo,SP,2001–2024,incidencia_periodo_100mil_pessoa_ano
3531308,Monte Alto,Monte Alto,353130,MONTE ALTO,SP,MONTE ALTO,264,1115236,46468.166666666664,23.632028618629757,22.097743443520805,42.24846321215066,24,0,23.67211962311116,5.579729825986222,3.20567384590642,-0.28196777007947454,0.042,Cold spot,SP,2001–2024,incidencia_periodo_100mil_pessoa_ano
3531407,Monte Aprazível,Monte Aprazível,353140,MONTE APRAZIVEL,SP,MONTE APRAZIVEL,70,511527,21313.625,13.531182604516651,13.712594719755078,27.424810311728677,21,3,13.684517141812652,4.2626798770413155,2.686793683062162,-0.3206846500360122,0.01,Cold spot,SP,2001–2024,incidencia_periodo_100mil_pessoa_ano
3531506,Monte Azul Paulista,Monte Azul Paulista,353150,MONTE AZUL PAULISTA,SP,MONTE AZUL PAULISTA,65,450781,18782.541666666668,14.533081338373949,10.859332228573532,49.58404495620076,22,2,14.419418742138642,4.189654742026425,2.735627672362362,-0.29512275521527953,0.073,Não significativo,SP,2001–2024,incidencia_periodo_100mil_pessoa_ano
3531605,Monte Castelo,Monte Castelo,353160,MONTE CASTELO,SP,MONTE CASTELO,14,99093,4128.875,14.099385051804298,11.625203441060219,48.94762604013706,12,12,14.128142250209399,2.70805020110221,2.7165567344193904,0.5553249172641423,0.063,Não significativo,SP,2001–2024,incidencia_periodo_100mil_pessoa_ano
3531704,Monteiro Lobato,Monteiro Lobato,353170,MONTEIRO LOBATO,SP,MONTEIRO LOBATO,4,96804,4033.5,3.9980593732435366,0.0,48.39099927413501,2,22,4.132060658650469,1.6094379124341003,1.6355072663738088,0.05534275274751695,0.207,Não significativo,SP,2001–2024,incidencia_periodo_100mil_pessoa_ano
3531803,Monte Mor,Monte Mor,353180,MONTE MOR,SP,MONTE MOR,348,1253105,52212.708333333336,28.275287248256944,27.812243298035135,45.665575766801126,24,0,27.771016794283003,5.855071922202427,3.3593685191107476,-0.08823104890309136,0.433,Não significativo,SP,2001–2024,incidencia_periodo_100mil_pessoa_ano
3531902,Morro Agudo,Morro Agudo,353190,MORRO AGUDO,SP,MORRO AGUDO,141,672613,28025.541666666668,21.03894720566366,17.807272175775893,66.5242813626974,21,3,20.963020340076685,4.955827057601261,3.0893601454386697,-0.24649933688276696,0.095,Não significativo,SP,2001–2024,incidencia_periodo_100mil_pessoa_ano
3532009,Morungaba,Morungaba,353200,MORUNGABA,SP,MORUNGABA,32,290659,12110.791666666666,11.19566198340773,8.307228689631422,37.67897513187641,16,8,11.00946469918358,3.4965075614664802,2.4856950638399113,-0.17777251113778691,0.435,Não significativo,SP,2001–2024,incidencia_periodo_100mil_pessoa_ano
3532058,Motuca,Motuca,353205,MOTUCA,SP,MOTUCA,8,98915,4121.458333333333,8.036342055416265,0.0,49.578582052553294,6,18,8.087752110397815,2.1972245773362196,2.206927585022035,-0.30851708410627343,0.052,Não significativo,SP,2001–2024,incidencia_periodo_100mil_pessoa_ano
3532108,Murutinga do Sul,Murutinga do Sul,353210,MURUTINGA DO SUL,SP,MURUTINGA DO SUL,4,95661,3985.875,4.221098139878367,0.0,26.75943270002676,4,20,4.181432349651374,1.6094379124341003,1.6450815334247741,0.027284499218448596,0.183,Não significativo,SP,2001–2024,incidencia_periodo_100mil_pessoa_ano
3532157,Nantes,Nantes,353215,NANTES,SP,NANTES,19,62589,2607.875,30.4295419679552,18.49796522382538,149.92503748125935,12,12,30.356771956733613,2.995732273553991,3.4454302551308937,0.1805177390182912,0.174,Não significativo,SP,2001–2024,incidencia_periodo_100mil_pessoa_ano
3532207,Narandiba,Narandiba,353220,NARANDIBA,SP,NARANDIBA,17,112397,4683.208333333333,14.584234048125907,0.0,59.18327086210299,11,13,15.12495885121489,2.8903717578961645,2.7803683108159376,-0.2428430136508598,0.35,Não significativo,SP,2001–2024,incidencia_periodo_100mil_pessoa_ano
3532306,Natividade da Serra,Natividade da Serra,353230,NATIVIDADE DA SERRA,SP,NATIVIDADE DA SERRA,20,164410,6850.416666666667,12.125008630655918,14.513609871470562,57.151021574510644,15,9,12.164710175780062,3.044522437723423,2.577539777953196,-0.021901892085241865,0.268,Não significativo,SP,2001–2024,incidencia_periodo_100mil_pessoa_ano
3532405,Nazaré Paulista,Nazaré Paulista,353240,NAZARE PAULISTA,SP,NAZARE PAULISTA,66,400442,16685.083333333332,16.000905452121277,12.889525730860537,51.15089514066496,18,6,16.481787624674734,4.204692619390966,2.8611596318563133,-0.12761202249371517,0.468,Não significativo,SP,2001–2024,incidencia_periodo_100mil_pessoa_ano
3532504,Neves Paulista,Neves Paulista,353250,NEVES PAULISTA,SP,NEVES PAULISTA,31,219252,9135.5,13.943476265199715,10.619227788601776,42.29223937407485,13,11,14.138981628445807,3.4657359027997265,2.717272982104057,-0.26821548082220303,0.144,Não significativo,SP,2001–2024,incidencia_periodo_100mil_pessoa_ano
3532603,Nhandeara,Nhandeara,353260,NHANDEARA,SP,NHANDEARA,38,247631,10317.958333333334,15.522277131775084,9.753910711697651,60.33789219629927,20,4,15.34541313486599,3.6635616461296463,2.793947315773904,-0.27955017092001183,0.087,Não significativo,SP,2001–2024,incidencia_periodo_100mil_pessoa_ano
3532702,Nipoã,Nipoã,353270,NIPOA,SP,NIPOA,16,101982,4249.25,16.317494261274742,0.0,96.13073780341264,10,14,15.689043164480006,2.833213344056216,2.8147524061609412,-0.2716887696908846,0.157,Não significativo,SP,2001–2024,incidencia_periodo_100mil_pessoa_ano
3532801,Nova Aliança,Nova Aliança,353280,NOVA ALIANCA,SP,NOVA ALIANCA,16,143097,5962.375,11.31460394315914,0.0,80.41817450743868,9,15,11.181226720336555,2.833213344056216,2.499895973165622,-0.2661982623518282,0.176,Não significativo,SP,2001–2024,incidencia_periodo_100mil_pessoa_ano
3532827,Nova Campina,Nova Campina,353282,NOVA CAMPINA,SP,NOVA CAMPINA,44,198758,8281.583333333334,22.35866122585144,24.414039218378832,47.70992366412214,19,5,22.137473711749966,3.8066624897703196,3.1414535417239287,-0.22305506582574836,0.283,Não significativo,SP,2001–2024,incidencia_periodo_100mil_pessoa_ano
3532843,Nova Canaã Paulista,Nova Canaã Paulista,353284,NOVA CANAA PAULISTA,SP,NOVA CANAA PAULISTA,3,51685,2153.5416666666665,6.057884298262137,0.0,49.04364884747425,3,21,5.804391989939054,1.3862943611198906,1.9175682845641688,-0.36082738836911354,0.03,Cold spot,SP,2001–2024,incidencia_periodo_100mil_pessoa_ano
3532868,Nova Castilho,Nova Castilho,353286,NOVA CASTILHO,SP,NOVA CASTILHO,1,25862,1077.5833333333333,3.9948865452221156,0.0,95.87727708533077,1,23,3.866676977805274,0.6931471805599453,1.5824113587710478,-0.24986708639102756,0.353,Não significativo,SP,2001–2024,incidencia_periodo_100mil_pessoa_ano
3532900,Nova Europa,Nova Europa,353290,NOVA EUROPA,SP,NOVA EUROPA,25,214149,8922.875,11.613340021540097,11.421745903308729,32.23033949290932,18,6,11.674114751878365,3.258096538021482,2.5395617049772983,-0.19025013074213806,0.475,Não significativo,SP,2001–2024,incidencia_periodo_100mil_pessoa_ano
3533007,Nova Granada,Nova Granada,353300,NOVA GRANADA,SP,NOVA GRANADA,75,452874,18869.75,16.790804657701518,15.496734376156088,45.3489031234057,21,3,16.56089773314432,4.330733340286331,2.865674710655567,-0.2275873649527169,0.249,Não significativo,SP,2001–2024,incidencia_periodo_100mil_pessoa_ano
3533106,Nova Guataporanga,Nova Guataporanga,353310,NOVA GUATAPORANGA,SP,NOVA GUATAPORANGA,6,51711,2154.625,11.777078777726155,0.0,142.51781472684087,4,20,11.602947148575739,1.9459101490553132,2.533930687287547,0.20929615456262882,0.136,Não significativo,SP,2001–2024,incidencia_periodo_100mil_pessoa_ano
3533205,Nova Independência,Nova Independência,353320,NOVA INDEPENDENCIA,SP,NOVA INDEPENDENCIA,67,81538,3397.4166666666665,64.0174163402794,0.0,291.8069584736251,11,13,82.170276435527,4.219507705176107,4.420890029615928,0.1101660368693706,0.3,Não significativo,SP,2001–2024,incidencia_periodo_100mil_pessoa_ano
3533254,Novais,Novais,353325,NOVAIS,SP,NOVAIS,6,102207,4258.625,6.4493732988079175,0.0,57.78676683039584,5,19,5.870439402389269,1.9459101490553132,1.9272280637797994,-0.35008363413780885,0.107,Não significativo,SP,2001–2024,incidencia_periodo_100mil_pessoa_ano
3533304,Nova Luzitânia,Nova Luzitânia,353330,NOVA LUZITANIA,SP,NOVA LUZITANIA,22,74094,3087.25,30.209903692995166,29.77268875654219,136.00816048962938,14,10,29.69201284854374,3.1354942159291497,3.42400245294376,-0.31955836969234364,0.004,Cold spot,SP,2001–2024,incidencia_periodo_100mil_pessoa_ano
3533403,Nova Odessa,Nova Odessa,353340,NOVA ODESSA,SP,NOVA ODESSA,248,1279913,53329.708333333336,19.048893034008803,18.60832079499072,27.41095470742837,23,1,19.37631698404501,5.517452896464707,3.014373294291772,-0.16260361850083582,0.466,Não significativo,SP,2001–2024,incidencia_periodo_100mil_pessoa_ano
3533502,Novo Horizonte,Novo Horizonte,353350,NOVO HORIZONTE,SP,NOVO HORIZONTE,120,875391,36474.625,13.712541066687136,13.338426267671396,30.060394064438555,24,0,13.708160125018422,4.795790545596741,2.6884024503132977,-0.13089072644912178,0.466,Não significativo,SP,2001–2024,incidencia_periodo_100mil_pessoa_ano
3533601,Nuporanga,Nuporanga,353360,NUPORANGA,SP,NUPORANGA,3,166356,6931.5,1.7762908354533942,0.0,15.015015015015015,3,21,1.8033614657721992,1.3862943611198906,1.0308192206191396,-0.35461365051862526,0.015,Cold spot,SP,2001–2024,incidencia_periodo_100mil_pessoa_ano
3533700,Ocauçu,Ocauçu,353370,OCAUCU,SP,OCAUCU,20,101458,4227.416666666667,19.59372865536006,0.0,120.10569300984868,9,15,19.712590431508605,3.044522437723423,3.030741748778569,-0.18735297680481489,0.392,Não significativo,SP,2001–2024,incidencia_periodo_100mil_pessoa_ano
3533809,Óleo,Óleo,353380,OLEO,SP,OLEO,5,64229,2676.2083333333335,7.973750846200727,0.0,39.603960396039604,5,19,7.784645565087421,1.791759469228055,2.1730053753598693,-0.12800557082295733,0.359,Não significativo,SP,2001–2024,incidencia_periodo_100mil_pessoa_ano
3533908,Olímpia,Olímpia,353390,OLIMPIA,SP,OLIMPIA,284,1227127,51130.291666666664,23.33623725159217,20.55844844853342,47.54128857562166,24,0,23.143488815746046,5.652489180268651,3.184014729491302,-0.22342239043948825,0.198,Não significativo,SP,2001–2024,incidencia_periodo_100mil_pessoa_ano
3534005,Onda Verde,Onda Verde,353400,ONDA VERDE,SP,ONDA VERDE,15,98615,4108.958333333333,14.356564778395873,0.0,56.36978579481398,10,14,15.21066774831415,2.772588722239781,2.785669528502739,-0.2052642323041274,0.414,Não significativo,SP,2001–2024,incidencia_periodo_100mil_pessoa_ano
3534104,Oriente,Oriente,353410,ORIENTE,SP,ORIENTE,27,145403,6058.458333333333,18.594667995000428,16.427104833613868,50.44560282495376,17,7,18.569080417873085,3.332204510175204,2.9739507909259775,-0.2371593471669715,0.308,Não significativo,SP,2001–2024,incidencia_periodo_100mil_pessoa_ano
3534203,Orindiúva,Orindiúva,353420,ORINDIUVA,SP,ORINDIUVA,20,132126,5505.25,15.530518703266216,0.0,83.00132802124834,11,13,15.13706613384194,3.044522437723423,2.7811188702244705,-0.1966782777378227,0.476,Não significativo,SP,2001–2024,incidencia_periodo_100mil_pessoa_ano
3534302,Orlândia,Orlândia,353430,ORLANDIA,SP,ORLANDIA,145,926265,38594.375,15.665242725977029,14.442414547745393,33.16918837547521,24,0,15.654267407275455,4.983606621708336,2.8126664843242946,-0.3314207885759695,0.026,Cold spot,SP,2001–2024,incidencia_periodo_100mil_pessoa_ano
3534401,Osasco,Osasco,353440,OSASCO,SP,OSASCO,7886,16500703,687529.2916666666,47.81415898786989,47.32302519748268,67.2789046994315,24,0,47.79190316921649,8.97297111339799,3.8875643804294806,0.2309951813655119,0.164,Não significativo,SP,2001–2024,incidencia_periodo_100mil_pessoa_ano
3534500,Oscar Bressane,Oscar Bressane,353450,OSCAR BRESSANE,SP,OSCAR BRESSANE,8,60433,2518.0416666666665,13.271571677843655,0.0,80.41817450743868,6,18,13.237800539440373,2.1972245773362196,2.655900437554222,-0.2929118255987201,0.15,Não significativo,SP,2001–2024,incidencia_periodo_100mil_pessoa_ano
3534609,Osvaldo Cruz,Osvaldo Cruz,353460,OSVALDO CRUZ,SP,OSVALDO CRUZ,365,740506,30854.416666666668,49.01723887641058,47.60097939663807,115.77796359426256,23,1,49.2906201975406,5.902633333401366,3.9178185825305896,-0.1869612641490848,0.188,Não significativo,SP,2001–2024,incidencia_periodo_100mil_pessoa_ano
3534708,Ourinhos,Ourinhos,353470,OURINHOS,SP,OURINHOS,756,2443174,101798.91666666667,30.955171701547453,32.045828783522346,43.97578524846318,24,0,30.943354832688954,6.6293632534374485,3.4639641727340513,-0.0077933272155909835,0.273,Não significativo,SP,2001–2024,incidencia_periodo_100mil_pessoa_ano
3534757,Ouroeste,Ouroeste,353475,OUROESTE,SP,OUROESTE,54,207826,8659.416666666666,26.38015789979742,24.677228291615513,59.488399762046406,22,2,25.983274469989315,4.007333185232471,3.2952172099827157,-0.29893603271392905,0.029,Cold spot,SP,2001–2024,incidencia_periodo_100mil_pessoa_ano
3534807,Ouro Verde,Ouro Verde,353480,OURO VERDE,SP,OURO VERDE,36,184222,7675.916666666667,19.71787443914587,13.629980697948987,68.1384573453257,18,6,19.54163997785281,3.6109179126442243,3.022454044441299,0.35071153248466796,0.107,Não significativo,SP,2001–2024,incidencia_periodo_100mil_pessoa_ano
3534906,Pacaembu,Pacaembu,353490,PACAEMBU,SP,PACAEMBU,1025,328554,13689.75,304.2440749980116,329.2802786451714,804.8005647723261,23,1,311.97306987588036,6.933423025730715,5.746117148103402,3.4823434970903966,0.001,Hot spot,SP,2001–2024,incidencia_periodo_100mil_pessoa_ano
3535002,Palestina,Palestina,353500,PALESTINA,SP,PALESTINA,40,260046,10835.25,15.599765809864634,13.620126467510724,41.467965996267885,21,3,15.381893972604848,3.713572066704308,2.7961766988837735,-0.07404132627271212,0.401,Não significativo,SP,2001–2024,incidencia_periodo_100mil_pessoa_ano
3535101,Palmares Paulista,Palmares Paulista,353510,PALMARES PAULISTA,SP,PALMARES PAULISTA,33,239662,9985.916666666666,14.282516108237331,9.486389815172934,87.72891764447856,14,10,13.769391893583464,3.5263605246161616,2.6925569239681173,-0.3581734797443712,0.004,Cold spot,SP,2001–2024,incidencia_periodo_100mil_pessoa_ano
3535200,Palmeira d'Oeste,Palmeira d'Oeste,353520,PALMEIRA D'OESTE,SP,PALMEIRA DOESTE,23,227589,9482.875,10.187879537940812,10.318994942031388,42.776173671265106,15,9,10.105936578657142,3.1780538303479458,2.407479792255401,-0.33181840442467647,0.003,Cold spot,SP,2001–2024,incidencia_periodo_100mil_pessoa_ano
3535309,Palmital,Palmital,353530,PALMITAL,SP,PALMITAL,122,492875,20536.458333333332,24.90914372483522,24.73636716536592,70.82511256133961,22,2,24.752726350494545,4.812184355372417,3.2485404991942066,-0.1807144211454338,0.454,Não significativo,SP,2001–2024,incidencia_periodo_100mil_pessoa_ano
3535408,Panorama,Panorama,353540,PANORAMA,SP,PANORAMA,94,349341,14555.875,26.97733005531572,26.51119709343527,65.50218340611353,24,0,26.907806412645524,4.553876891600541,3.3289064494270724,0.13561594414931386,0.189,Não significativo,SP,2001–2024,incidencia_periodo_100mil_pessoa_ano
3535507,Paraguaçu Paulista,Paraguaçu Paulista,353550,PARAGUACU PAULISTA,SP,PARAGUACU PAULISTA,386,994130,41422.083333333336,38.67650221094144,34.34646406439715,86.26473689255248,24,0,38.82791988975285,5.958424693029782,3.6845681711185936,1.1306985329328143,0.022,Hot spot,SP,2001–2024,incidencia_periodo_100mil_pessoa_ano
3535606,Paraibuna,Paraibuna,353560,PARAIBUNA,SP,PARAIBUNA,68,418392,17433.0,16.258391140221132,17.19984645860851,44.923629829290206,21,3,16.252700816459207,4.23410650459726,2.84796870029181,-0.20596226498690365,0.361,Não significativo,SP,2001–2024,incidencia_periodo_100mil_pessoa_ano
3535705,Paraíso,Paraíso,353570,PARAISO,SP,PARAISO,5,141279,5886.625,3.5583256243225043,0.0,33.06878306878307,4,20,3.5390963979076866,1.791759469228055,1.512727960946033,-0.351391246736725,0.013,Cold spot,SP,2001–2024,incidencia_periodo_100mil_pessoa_ano
3535804,Paranapanema,Paranapanema,353580,PARANAPANEMA,SP,PARANAPANEMA,59,430750,17947.916666666668,13.897253393105226,15.668728217020192,30.086046091822613,21,3,13.697040046430645,4.0943445622221,2.6876461161239003,-0.12299839835768624,0.408,Não significativo,SP,2001–2024,incidencia_periodo_100mil_pessoa_ano
3535903,Paranapuã,Paranapuã,353590,PARANAPUA,SP,PARANAPUA,11,92676,3861.5,11.728153082715226,0.0,50.30181086519115,9,15,11.869308127238982,2.4849066497880004,2.5548452615957022,-0.2703551042712966,0.139,Não significativo,SP,2001–2024,incidencia_periodo_100mil_pessoa_ano
3536000,Parapuã,Parapuã,353600,PARAPUA,SP,PARAPUA,52,259393,10808.041666666666,19.912745009159504,13.994765588962068,54.42176870748299,18,6,20.04680157136083,3.970291913552122,3.046748604230273,0.025710287678589083,0.265,Não significativo,SP,2001–2024,incidencia_periodo_100mil_pessoa_ano
3536109,Pardinho,Pardinho,353610,PARDINHO,SP,PARDINHO,17,143339,5972.458333333333,11.156262029085093,0.0,41.94044456871243,11,13,11.85999623270708,2.8903717578961645,2.554121425862858,-0.1675177054137225,0.375,Não significativo,SP,2001–2024,incidencia_periodo_100mil_pessoa_ano
3536208,Pariquera-Açu,Pariquera-Açu,353620,PARIQUERA-ACU,SP,PARIQUERA-ACU,449,446260,18594.166666666668,101.23741201007255,91.27190131964338,204.16045908514045,24,0,100.61399184332005,6.1092475827643655,4.62118124065585,0.4748362764758682,0.138,Não significativo,SP,2001–2024,incidencia_periodo_100mil_pessoa_ano
3536257,Parisi,Parisi,353625,PARISI,SP,PARISI,16,55560,2315.0,29.121018809716748,34.261238954007545,100.95911155981827,14,10,28.797696184305252,2.833213344056216,3.394431081271343,-0.25434699272223543,0.113,Não significativo,SP,2001–2024,incidencia_periodo_100mil_pessoa_ano
3536307,Patrocínio Paulista,Patrocínio Paulista,353630,PATROCINIO PAULISTA,SP,PATROCINIO PAULISTA,6,317878,13244.916666666666,1.8632469879314204,0.0,15.104599350502227,4,20,1.887516594416726,1.9459101490553132,1.0603968228155456,-0.360270571627492,0.051,Não significativo,SP,2001–2024,incidencia_periodo_100mil_pessoa_ano
3536406,Paulicéia,Paulicéia,353640,PAULICEIA,SP,PAULICEIA,32,161057,6710.708333333333,18.695021329555843,16.065872186169155,56.330094352908034,15,9,19.8687421223542,3.4965075614664802,3.0382524472244827,-0.1596199157016472,0.465,Não significativo,SP,2001–2024,incidencia_periodo_100mil_pessoa_ano
3536505,Paulínia,Paulínia,353650,PAULINIA,SP,PAULINIA,644,2061565,85898.54166666667,30.80801567117001,29.718276047155705,47.04307155070248,24,0,31.23840383398049,6.4692503167957724,3.4731584075412503,-0.1387584340137924,0.443,Não significativo,SP,2001–2024,incidencia_periodo_100mil_pessoa_ano
3536570,Paulistânia,Paulistânia,353657,PAULISTANIA,SP,PAULISTANIA,1,45373,1890.5416666666667,2.02069188490139,0.0,48.49660523763337,1,23,2.2039538932845524,0.6931471805599453,1.164385638741944,-0.2534444548787448,0.349,Não significativo,SP,2001–2024,incidencia_periodo_100mil_pessoa_ano
3536604,Paulo de Faria,Paulo de Faria,353660,PAULO DE FARIA,SP,PAULO DE FARIA,41,195370,8140.416666666667,21.37942130572259,13.264874218940136,107.67160161507401,17,7,20.985821774069713,3.7376696182833684,3.0903977807865877,0.2667909146346665,0.116,Não significativo,SP,2001–2024,incidencia_periodo_100mil_pessoa_ano
3536703,Pederneiras,Pederneiras,353670,PEDERNEIRAS,SP,PEDERNEIRAS,159,1003588,41816.166666666664,15.807249162949077,16.440514382486526,30.287951885425002,24,0,15.843154760718543,5.075173815233827,2.8239443286035635,-0.16709171109003101,0.392,Não significativo,SP,2001–2024,incidencia_periodo_100mil_pessoa_ano
3536802,Pedra Bela,Pedra Bela,353680,PEDRA BELA,SP,PEDRA BELA,19,144694,6028.916666666667,13.100254970749132,0.0,50.82161612739285,11,13,13.131159550499675,2.995732273553991,2.6483822563513666,-0.2816374506981275,0.195,Não significativo,SP,2001–2024,incidencia_periodo_100mil_pessoa_ano
3536901,Pedranópolis,Pedranópolis,353690,PEDRANOPOLIS,SP,PEDRANOPOLIS,9,64191,2674.625,14.203084772817666,0.0,78.18608287724786,8,16,14.020657101462822,2.302585092994046,2.7094263938119982,-0.2860539550369558,0.07,Não significativo,SP,2001–2024,incidencia_periodo_100mil_pessoa_ano
3537008,Pedregulho,Pedregulho,353700,PEDREGULHO,SP,PEDREGULHO,14,372433,15518.041666666666,3.737147356323824,0.0,19.12655403251514,8,16,3.759065388942441,2.70805020110221,1.5600513021039284,-0.430905697029232,0.001,Cold spot,SP,2001–2024,incidencia_periodo_100mil_pessoa_ano
3537107,Pedreira,Pedreira,353710,PEDREIRA,SP,PEDREIRA,203,982980,40957.5,20.89634703054268,21.32855986276619,50.26950037702125,23,1,20.651488331400436,5.318119993844216,3.07507419718499,-0.1390820144341962,0.454,Não significativo,SP,2001–2024,incidencia_periodo_100mil_pessoa_ano
3537156,Pedrinhas Paulista,Pedrinhas Paulista,353715,PEDRINHAS PAULISTA,SP,PEDRINHAS PAULISTA,6,69090,2878.75,8.598447672479475,0.0,34.85535029627048,6,18,8.684324793747287,1.9459101490553132,2.2705085777272727,0.8215640561532959,0.045,Hot spot,SP,2001–2024,incidencia_periodo_100mil_pessoa_ano
3537206,Pedro de Toledo,Pedro de Toledo,353720,PEDRO DE TOLEDO,SP,PEDRO DE TOLEDO,120,249665,10402.708333333334,47.58429134840923,54.77844037961889,87.65010079761592,22,2,48.06440630444796,4.795790545596741,3.8931338494007584,0.4853003554150646,0.094,Não significativo,SP,2001–2024,incidencia_periodo_100mil_pessoa_ano
3537305,Penápolis,Penápolis,353730,PENAPOLIS,SP,PENAPOLIS,326,1415806,58991.916666666664,23.07877224374324,20.46820230277727,42.1677602172483,24,0,23.02575352837889,5.7899601708972535,3.1791263187091,-0.047130399589274556,0.379,Não significativo,SP,2001–2024,incidencia_periodo_100mil_pessoa_ano
3537404,Pereira Barreto,Pereira Barreto,353740,PEREIRA BARRETO,SP,PEREIRA BARRETO,106,592427,24684.458333333332,17.891744352257557,18.199910001975198,36.01728829838322,23,1,17.89249983542276,4.672828834461906,2.9387650092014908,0.981749364904141,0.021,Hot spot,SP,2001–2024,incidencia_periodo_100mil_pessoa_ano
3537503,Pereiras,Pereiras,353750,PEREIRAS,SP,PEREIRAS,42,184237,7676.541666666667,23.313233059828857,19.037194440805038,91.31030284583778,18,6,22.796723785124595,3.7612001156935624,3.1695479151147583,-0.19044144964121418,0.387,Não significativo,SP,2001–2024,incidencia_periodo_100mil_pessoa_ano
3537602,Peruíbe,Peruíbe,353760,PERUIBE,SP,PERUIBE,1686,1471131,61297.125,113.46519591830297,107.10609696953672,168.24672284644194,24,0,114.60570132775395,7.430707082545968,4.750185274466352,0.6136949200603484,0.112,Não significativo,SP,2001–2024,incidencia_periodo_100mil_pessoa_ano
3537701,Piacatu,Piacatu,353770,PIACATU,SP,PIACATU,14,125953,5248.041666666667,11.314754559464577,0.0,56.74295441649329,9,15,11.11525727850865,2.70805020110221,2.4944655904035993,-0.2387192544701801,0.248,Não significativo,SP,2001–2024,incidencia_periodo_100mil_pessoa_ano
3537800,Piedade,Piedade,353780,PIEDADE,SP,PIEDADE,241,1251226,52134.416666666664,19.33435166659684,17.341645453471056,41.56193718210066,24,0,19.261108704582547,5.488937726156687,3.008703221142718,-0.15377354238147503,0.481,Não significativo,SP,2001–2024,incidencia_periodo_100mil_pessoa_ano
3537909,Pilar do Sul,Pilar do Sul,353790,PILAR DO SUL,SP,PILAR DO SUL,119,633935,26413.958333333332,18.604685242838144,14.756619178687965,49.973228627520974,24,0,18.771640625616193,4.787491742782046,2.9842486193547964,-0.17934971796431842,0.43,Não significativo,SP,2001–2024,incidencia_periodo_100mil_pessoa_ano
3538006,Pindamonhangaba,Pindamonhangaba,353800,PINDAMONHANGABA,SP,PINDAMONHANGABA,910,3595241,149801.70833333334,25.323098238508013,25.361022571278344,42.08779157651382,24,0,25.311237828006526,6.814542897259958,3.269996141760255,0.86343871154289,0.034,Hot spot,SP,2001–2024,incidencia_periodo_100mil_pessoa_ano
3538105,Pindorama,Pindorama,353810,PINDORAMA,SP,PINDORAMA,32,348059,14502.458333333334,9.100666900880022,7.025523210376454,20.456870098874873,18,6,9.193843572497766,3.4965075614664802,2.321783966743979,-0.3619536365901583,0.008,Cold spot,SP,2001–2024,incidencia_periodo_100mil_pessoa_ano
3538204,Pinhalzinho,Pinhalzinho,353820,PINHALZINHO,SP,PINHALZINHO,28,322940,13455.833333333334,8.705908792784617,7.982351575209163,26.831231553528305,17,7,8.670341239858798,3.367295829986474,2.269063597349176,-0.3122164227539541,0.092,Não significativo,SP,2001–2024,incidencia_periodo_100mil_pessoa_ano
3538303,Piquerobi,Piquerobi,353830,PIQUEROBI,SP,PIQUEROBI,10,82328,3430.3333333333335,12.147649359559688,0.0,59.25925925925926,8,16,12.146535807987563,2.3978952727983707,2.5761582872633046,0.7145188840358206,0.042,Hot spot,SP,2001–2024,incidencia_periodo_100mil_pessoa_ano
3538501,Piquete,Piquete,353850,PIQUETE,SP,PIQUETE,50,329598,13733.25,15.32394251785152,13.658700712678517,39.904229848363926,19,5,15.16999496356167,3.9318256327243257,2.7831573621209196,-0.027385709593356726,0.262,Não significativo,SP,2001–2024,incidencia_periodo_100mil_pessoa_ano
3538600,Piracaia,Piracaia,353860,PIRACAIA,SP,PIRACAIA,158,603546,25147.75,26.31479415033722,24.33359223527014,49.94429290406854,23,1,26.178617702710316,5.0689042022202315,3.30243055028147,-0.23552287000427757,0.166,Não significativo,SP,2001–2024,incidencia_periodo_100mil_pessoa_ano
3538709,Piracicaba,Piracicaba,353870,PIRACICABA,SP,PIRACICABA,4161,9101226,379217.75,45.61708771459603,44.04201711926031,57.47585627427582,24,0,45.719115204918545,8.33375100695358,3.8441534000897533,-0.15485275741703539,0.257,Não significativo,SP,2001–2024,incidencia_periodo_100mil_pessoa_ano
3538808,Piraju,Piraju,353880,PIRAJU,SP,PIRAJU,152,690163,28756.791666666668,21.994543841385518,22.776922412736283,36.350418029807344,24,0,22.02378278754439,5.030437921392435,3.136527715925058,-0.02029209541085958,0.334,Não significativo,SP,2001–2024,incidencia_periodo_100mil_pessoa_ano
3538907,Pirajuí,Pirajuí,353890,PIRAJUI,SP,PIRAJUI,905,531038,22126.583333333332,168.14675426818812,168.87300378954072,346.3280348104076,24,0,170.4209491599471,6.80903930604298,5.144122222498617,1.6929377491580806,0.003,Hot spot,SP,2001–2024,incidencia_periodo_100mil_pessoa_ano
3539004,Pirangi,Pirangi,353900,PIRANGI,SP,PIRANGI,25,254798,10616.583333333334,9.705923644825697,9.356327067360477,36.747818098300414,15,9,9.81169396934042,3.258096538021482,2.3806283232911234,-0.3415525265991092,0.008,Cold spot,SP,2001–2024,incidencia_periodo_100mil_pessoa_ano
3539103,Pirapora do Bom Jesus,Pirapora do Bom Jesus,353910,PIRAPORA DO BOM JESUS,SP,PIRAPORA DO BOM JESUS,166,384620,16025.833333333334,42.456739633384196,39.90356246532724,111.48863877681038,24,0,43.159482086214965,5.117993812416755,3.7878076737799327,-0.007877668710218342,0.33,Não significativo,SP,2001–2024,incidencia_periodo_100mil_pessoa_ano
3539202,Pirapozinho,Pirapozinho,353920,PIRAPOZINHO,SP,PIRAPOZINHO,115,587379,24474.125,19.469003542337713,17.321300916348406,40.94668741298829,24,0,19.578500423065858,4.7535901911063645,3.0242468620108265,-0.25119858559306857,0.154,Não significativo,SP,2001–2024,incidencia_periodo_100mil_pessoa_ano
3539301,Pirassununga,Pirassununga,353930,PIRASSUNUNGA,SP,PIRASSUNUNGA,545,1690301,70429.20833333333,32.437659736857555,30.30470437170943,48.945448073329175,24,0,32.24277806142219,6.302618975744905,3.5038375423500403,-0.1943843995813626,0.251,Não significativo,SP,2001–2024,incidencia_periodo_100mil_pessoa_ano
3539400,Piratininga,Piratininga,353940,PIRATININGA,SP,PIRATININGA,38,308668,12861.166666666666,11.610047398386243,9.08340244671604,33.09504898067249,18,6,12.310961939689246,3.6635616461296463,2.5885879017481392,-0.22862509020847677,0.299,Não significativo,SP,2001–2024,incidencia_periodo_100mil_pessoa_ano
3539509,Pitangueiras,Pitangueiras,353950,PITANGUEIRAS,SP,PITANGUEIRAS,187,815413,33975.541666666664,22.88580043252844,25.044999370866638,35.63580210251232,23,1,22.93316393042544,5.236441962829949,3.1752651092450903,-0.16555052492996894,0.417,Não significativo,SP,2001–2024,incidencia_periodo_100mil_pessoa_ano
3539608,Planalto,Planalto,353960,PLANALTO,SP,PLANALTO,22,102884,4286.833333333333,21.55655738853889,11.225864391558149,90.88843444671666,12,12,21.383305470238327,3.1354942159291497,3.108315389485991,-0.3036655595032957,0.021,Cold spot,SP,2001–2024,incidencia_periodo_100mil_pessoa_ano
3539707,Platina,Platina,353970,PLATINA,SP,PLATINA,12,73742,3072.5833333333335,16.341377026222673,0.0,98.5869208018403,9,15,16.272951642212035,2.5649493574615367,2.8491417890900244,-0.1748750264106437,0.468,Não significativo,SP,2001–2024,incidencia_periodo_100mil_pessoa_ano
3539806,Poá,Poá,353980,POA,SP,POA,1000,2482339,103430.79166666667,40.40088738636046,40.417992117053146,65.09878482268331,24,0,40.284586432393,6.90875477931522,3.7204892204374325,0.19986197958934981,0.181,Não significativo,SP,2001–2024,incidencia_periodo_100mil_pessoa_ano
3539905,Poloni,Poloni,353990,POLONI,SP,POLONI,14,128446,5351.916666666667,11.01912253179668,0.0,80.77544426494346,8,16,10.899521978107533,2.70805020110221,2.476498229403721,-0.36264243169792926,0.071,Não significativo,SP,2001–2024,incidencia_periodo_100mil_pessoa_ano
3540002,Pompéia,Pompéia,354000,POMPEIA,SP,POMPEIA,54,473369,19723.708333333332,11.324657545460584,9.850566916850514,29.708853238265004,20,4,11.407591118134057,4.007333185232471,2.5183084722472993,0.014874616764168909,0.272,Não significativo,SP,2001–2024,incidencia_periodo_100mil_pessoa_ano
3540101,Pongaí,Pongaí,354010,PONGAI,SP,PONGAI,10,83826,3492.75,12.116174224234916,0.0,87.74495466510676,6,18,11.92947295588481,2.3978952727983707,2.5595094306138515,0.10131197644798731,0.183,Não significativo,SP,2001–2024,incidencia_periodo_100mil_pessoa_ano
3540200,Pontal,Pontal,354020,PONTAL,SP,PONTAL,306,894233,37259.708333333336,33.88440172973758,27.933239469004512,71.07133456172677,24,0,34.21926947451056,5.726847747587197,3.5615933610730077,-0.12941384553476803,0.481,Não significativo,SP,2001–2024,incidencia_periodo_100mil_pessoa_ano
3540259,Pontalinda,Pontalinda,354025,PONTALINDA,SP,PONTALINDA,24,95860,3994.1666666666665,25.465355508142338,24.441019575515373,139.31457230426304,16,8,25.036511579386605,3.2188758248682006,3.2594998444411547,-0.24239960956968878,0.146,Não significativo,SP,2001–2024,incidencia_periodo_100mil_pessoa_ano
3540309,Pontes Gestal,Pontes Gestal,354030,PONTES GESTAL,SP,PONTES GESTAL,6,59450,2477.0833333333335,10.22922051463583,0.0,41.649312786339024,6,18,10.09251471825063,1.9459101490553132,2.4062705311351027,0.03244065947475397,0.232,Não significativo,SP,2001–2024,incidencia_periodo_100mil_pessoa_ano
3540408,Populina,Populina,354040,POPULINA,SP,POPULINA,7,101635,4234.791666666667,7.016876850188346,0.0,47.99616030717542,6,18,6.887391154621931,2.0794415416798357,2.065265428041139,-0.23661921748275982,0.415,Não significativo,SP,2001–2024,incidencia_periodo_100mil_pessoa_ano
3540507,Porangaba,Porangaba,354050,PORANGABA,SP,PORANGABA,22,210044,8751.833333333334,10.337626242478455,10.623713775622655,35.35651149086623,14,10,10.473995924663404,3.1354942159291497,2.440083250999505,0.07755121624463364,0.202,Não significativo,SP,2001–2024,incidencia_periodo_100mil_pessoa_ano
3540606,Porto Feliz,Porto Feliz,354060,PORTO FELIZ,SP,PORTO FELIZ,491,1224336,51014.0,38.94785870092011,32.229691187994845,98.93831576544008,24,0,40.103370316645105,6.198478716492308,3.7160901209782202,0.0026082066237086477,0.346,Não significativo,SP,2001–2024,incidencia_periodo_100mil_pessoa_ano
3540705,Porto Ferreira,Porto Ferreira,354070,PORTO FERREIRA,SP,PORTO FERREIRA,273,1228025,51167.708333333336,22.4927117917729,20.228772405696088,46.00681737384722,24,0,22.230817776511067,5.6131281063880705,3.1454797496285134,-0.19445736505135944,0.407,Não significativo,SP,2001–2024,incidencia_periodo_100mil_pessoa_ano
3540754,Potim,Potim,354075,POTIM,SP,POTIM,1155,446742,18614.25,246.44340589452585,271.5653849527629,455.66070802663864,23,1,258.5384853002404,7.052721049232323,5.5589049971983515,0.6402250925780119,0.335,Não significativo,SP,2001–2024,incidencia_periodo_100mil_pessoa_ano
3540804,Potirendaba,Potirendaba,354080,POTIRENDABA,SP,POTIRENDABA,43,388625,16192.708333333334,10.711976676930094,9.056390160976806,27.440864936062784,19,5,11.06465101318752,3.784189633918261,2.4902797731043553,-0.3280973326407007,0.013,Cold spot,SP,2001–2024,incidencia_periodo_100mil_pessoa_ano
3540853,Pracinha,Pracinha,354085,PRACINHA,SP,PRACINHA,277,58982,2457.5833333333335,436.4186514329622,412.5037429020124,1252.7634487840826,20,4,469.63480383845916,5.627621113690637,6.154082429866447,1.327833104057824,0.145,Não significativo,SP,2001–2024,incidencia_periodo_100mil_pessoa_ano
3540903,Pradópolis,Pradópolis,354090,PRADOPOLIS,SP,PRADOPOLIS,32,393664,16402.666666666668,8.311975119473443,6.064812476284734,29.234637198152374,17,7,8.128759551292472,3.4965075614664802,2.2114298202386373,-0.3185541317031715,0.04,Cold spot,SP,2001–2024,incidencia_periodo_100mil_pessoa_ano
3541000,Praia Grande,Praia Grande,354100,PRAIA GRANDE,SP,PRAIA GRANDE,6782,6709220,279550.8333333333,99.18243267605591,97.89918174438355,135.47263360642896,24,0,101.08477587558613,8.82217476094608,4.625803604117135,1.4890992328876718,0.037,Hot spot,SP,2001–2024,incidencia_periodo_100mil_pessoa_ano
3541059,Pratânia,Pratânia,354105,PRATANIA,SP,PRATANIA,16,111976,4665.666666666667,14.301297403627563,0.0,61.2369871402327,11,13,14.288776166321355,2.833213344056216,2.7271189752934912,-0.10400233379406527,0.335,Não significativo,SP,2001–2024,incidencia_periodo_100mil_pessoa_ano
3541109,Presidente Alves,Presidente Alves,354110,PRESIDENTE ALVES,SP,PRESIDENTE ALVES,12,97134,4047.25,12.75355434727831,0.0,105.15247108307045,8,16,12.354067576749646,2.5649493574615367,2.5918210258354573,0.7303123270310943,0.033,Hot spot,SP,2001–2024,incidencia_periodo_100mil_pessoa_ano
3541208,Presidente Bernardes,Presidente Bernardes,354120,PRESIDENTE BERNARDES,SP,PRESIDENTE BERNARDES,626,338704,14112.666666666666,184.86583635627835,182.4850131333848,624.1577416838073,23,1,184.82214559024987,6.440946540632921,5.22479000975209,0.008269465026423353,0.142,Não significativo,SP,2001–2024,incidencia_periodo_100mil_pessoa_ano
3541307,Presidente Epitácio,Presidente Epitácio,354130,PRESIDENTE EPITACIO,SP,PRESIDENTE EPITACIO,238,968282,40345.083333333336,24.592011384751057,22.569762677132864,50.07260527765259,24,0,24.579616268814252,5.476463551931511,3.2417957948190317,1.1076435658721417,0.021,Hot spot,SP,2001–2024,incidencia_periodo_100mil_pessoa_ano
3541406,Presidente Prudente,Presidente Prudente,354140,PRESIDENTE PRUDENTE,SP,PRESIDENTE PRUDENTE,2081,5062902,210954.25,41.19262958210569,40.335843915811836,60.70511323838431,24,0,41.10290896406843,7.641084249174914,3.7401168348349723,-0.05537314817922898,0.464,Não significativo,SP,2001–2024,incidencia_periodo_100mil_pessoa_ano
3541505,Presidente Venceslau,Presidente Venceslau,354150,PRESIDENTE VENCESLAU,SP,PRESIDENTE VENCESLAU,323,885124,36880.166666666664,36.55996373894924,37.86824477874257,68.86103842445945,24,0,36.492062129148,5.780743515792329,3.6241292340136675,0.8392843090514518,0.03,Hot spot,SP,2001–2024,incidencia_periodo_100mil_pessoa_ano
3541604,Promissão,Promissão,354160,PROMISSAO,SP,PROMISSAO,178,831760,34656.666666666664,21.57819086413474,18.85484998913548,56.35072692437732,24,0,21.400403962681544,5.187385805840755,3.109078992746666,0.2412929454615955,0.136,Não significativo,SP,2001–2024,incidencia_periodo_100mil_pessoa_ano
3541653,Quadra,Quadra,354165,QUADRA,SP,QUADRA,4,76462,3185.9166666666665,4.907842120125197,0.0,58.17335660267597,3,21,5.231356752373728,1.6094379124341003,1.829594086356386,0.10094135045085813,0.174,Não significativo,SP,2001–2024,incidencia_periodo_100mil_pessoa_ano
3541703,Quatá,Quatá,354170,QUATA,SP,QUATA,42,305378,12724.083333333334,13.842595582975136,15.390555327240277,33.68421052631579,19,5,13.753446548212379,3.7612001156935624,2.6914767197761664,1.3268543010721465,0.017,Hot spot,SP,2001–2024,incidencia_periodo_100mil_pessoa_ano
3541802,Queiroz,Queiroz,354180,QUEIROZ,SP,QUEIROZ,11,68335,2847.2916666666665,16.826255106235653,0.0,43.74453193350831,11,13,16.097168361747276,2.4849066497880004,2.8389128569163233,0.12119588722887518,0.176,Não significativo,SP,2001–2024,incidencia_periodo_100mil_pessoa_ano
3541901,Queluz,Queluz,354190,QUELUZ,SP,QUELUZ,58,242391,10099.625,23.56958541656395,20.35238788718979,72.28697930785216,19,5,23.92828116555483,4.07753744390572,3.2160029487307478,-0.2407024504789329,0.24,Não significativo,SP,2001–2024,incidencia_periodo_100mil_pessoa_ano
3542008,Quintana,Quintana,354200,QUINTANA,SP,QUINTANA,23,150432,6268.0,14.703509579379615,15.182944396427544,70.11639321273313,15,9,15.28930014890449,3.1780538303479458,2.790508459683969,1.2438222069841771,0.022,Hot spot,SP,2001–2024,incidencia_periodo_100mil_pessoa_ano
3542107,Rafard,Rafard,354210,RAFARD,SP,RAFARD,46,208786,8699.416666666666,22.03406766690991,22.801631008658642,44.767767207610525,21,3,22.03212859099748,3.8501476017100584,3.136890136439369,-0.08080282368102905,0.337,Não significativo,SP,2001–2024,incidencia_periodo_100mil_pessoa_ano
3542206,Rancharia,Rancharia,354220,RANCHARIA,SP,RANCHARIA,218,690389,28766.208333333332,31.561738403053138,31.267370912489724,52.123149628188195,24,0,31.57640113037722,5.389071729816501,3.4835881345303275,-0.03468676129448765,0.408,Não significativo,SP,2001–2024,incidencia_periodo_100mil_pessoa_ano
3542305,Redenção da Serra,Redenção da Serra,354230,REDENCAO DA SERRA,SP,REDENCAO DA SERRA,6,99091,4128.791666666667,5.759120283492863,0.0,44.50378282153983,5,19,6.055040316476774,1.9459101490553132,1.9537422998847316,-0.2449641551890691,0.278,Não significativo,SP,2001–2024,incidencia_periodo_100mil_pessoa_ano
3542404,Regente Feijó,Regente Feijó,354240,REGENTE FEIJO,SP,REGENTE FEIJO,58,451543,18814.291666666668,12.763780512913605,11.423876912184568,32.71716015049894,21,3,12.844845341418203,4.07753744390572,2.6279129858431762,-0.03247467541372637,0.308,Não significativo,SP,2001–2024,incidencia_periodo_100mil_pessoa_ano
3542503,Reginópolis,Reginópolis,354250,REGINOPOLIS,SP,REGINOPOLIS,393,166300,6929.166666666667,224.59910408195253,247.45588568517547,420.16806722689074,23,1,236.31990378833436,5.976350909297934,5.469409035981353,0.47873683623705493,0.227,Não significativo,SP,2001–2024,incidencia_periodo_100mil_pessoa_ano
3542602,Registro,Registro,354260,REGISTRO,SP,REGISTRO,865,1350410,56267.083333333336,62.79518659098272,54.35488099891499,131.21233719950754,24,0,64.0546204486045,6.763884908562435,4.17522723162291,0.3126942775768535,0.149,Não significativo,SP,2001–2024,incidencia_periodo_100mil_pessoa_ano
3542701,Restinga,Restinga,354270,RESTINGA,SP,RESTINGA,13,152010,6333.75,8.354121576881129,0.0,62.46096189881324,7,17,8.552068942832708,2.6390573296152584,2.2567577742574394,-0.3530683213150751,0.065,Não significativo,SP,2001–2024,incidencia_periodo_100mil_pessoa_ano
3542800,Ribeira,Ribeira,354280,RIBEIRA,SP,RIBEIRA,26,79374,3307.25,33.03324878874748,29.139755694733548,157.92798483891346,15,9,32.75631818983546,3.295836866004329,3.5191676054225067,-0.2639579193080578,0.062,Não significativo,SP,2001–2024,incidencia_periodo_100mil_pessoa_ano
3542909,Ribeirão Bonito,Ribeirão Bonito,354290,RIBEIRAO BONITO,SP,RIBEIRAO BONITO,38,277465,11561.041666666666,13.703011450415898,12.779053242767539,49.44375772558715,18,6,13.695421044095653,3.6635616461296463,2.6875359516615474,-0.22459900542087874,0.266,Não significativo,SP,2001–2024,incidencia_periodo_100mil_pessoa_ano
3543006,Ribeirão Branco,Ribeirão Branco,354300,RIBEIRAO BRANCO,SP,RIBEIRAO BRANCO,48,454908,18954.5,10.566272424994148,10.086486241398314,31.695721077654518,20,4,10.55158405655649,3.8918202981106265,2.446822575317718,-0.24123241953880312,0.356,Não significativo,SP,2001–2024,incidencia_periodo_100mil_pessoa_ano
3543105,Ribeirão Corrente,Ribeirão Corrente,354310,RIBEIRAO CORRENTE,SP,RIBEIRAO CORRENTE,2,103726,4321.916666666667,1.8840436009471713,0.0,22.82062984938384,2,22,1.9281568748433373,1.0986122886681098,1.074373172137661,-0.3797528669957724,0.008,Cold spot,SP,2001–2024,incidencia_periodo_100mil_pessoa_ano
3543204,Ribeirão do Sul,Ribeirão do Sul,354320,RIBEIRAO DO SUL,SP,RIBEIRAO DO SUL,14,109022,4542.583333333333,12.753552746744903,0.0,44.672771945499214,11,13,12.841444845994385,2.70805020110221,2.6276673411274776,-0.08654282731966995,0.313,Não significativo,SP,2001–2024,incidencia_periodo_100mil_pessoa_ano
3543238,Ribeirão dos Índios,Ribeirão dos Índios,354323,RIBEIRAO DOS INDIOS,SP,RIBEIRAO DOS INDIOS,11,51283,2136.7916666666665,21.429184510124887,0.0,91.44947416552354,9,15,21.449603182341125,2.4849066497880004,3.111272938412499,0.4847809113929942,0.066,Não significativo,SP,2001–2024,incidencia_periodo_100mil_pessoa_ano
3543253,Ribeirão Grande,Ribeirão Grande,354325,RIBEIRAO GRANDE,SP,RIBEIRAO GRANDE,10,178402,7433.416666666667,5.594817049095191,0.0,40.37141703673799,7,17,5.605318326027735,2.3978952727983707,1.8878751315181443,-0.1881557522390669,0.427,Não significativo,SP,2001–2024,incidencia_periodo_100mil_pessoa_ano
3543303,Ribeirão Pires,Ribeirão Pires,354330,RIBEIRAO PIRES,SP,RIBEIRAO PIRES,650,2700641,112526.70833333333,24.13361157953919,24.393710980057804,34.03738592876067,24,0,24.068360067109992,6.478509642208569,3.221606495874639,0.027318588604608954,0.261,Não significativo,SP,2001–2024,incidencia_periodo_100mil_pessoa_ano
3543402,Ribeirão Preto,Ribeirão Preto,354340,RIBEIRAO PRETO,SP,RIBEIRAO PRETO,6127,14878291,619928.7916666666,41.13564799961925,42.4680001265775,51.36654535951325,24,0,41.18080497282921,8.720623711420426,3.7419652590987122,-0.19292456321241047,0.2,Não significativo,SP,2001–2024,incidencia_periodo_100mil_pessoa_ano
3543501,Riversul,Riversul,354350,RIVERSUL,SP,RIVERSUL,66,147634,6151.416666666667,44.92239548906199,35.578262747891216,125.86532410320957,22,2,44.70514922036929,4.204692619390966,3.822210965959205,-0.10277120011276977,0.465,Não significativo,SP,2001–2024,incidencia_periodo_100mil_pessoa_ano
3543600,Rifaina,Rifaina,354360,RIFAINA,SP,RIFAINA,2,87234,3634.75,2.2196051840049154,0.0,27.18129926610492,2,22,2.2926840452117294,1.0986122886681098,1.1917030513909597,-0.4021563674104837,0.083,Não significativo,SP,2001–2024,incidencia_periodo_100mil_pessoa_ano
3543709,Rincão,Rincão,354370,RINCAO,SP,RINCAO,53,238265,9927.708333333334,21.986815975146367,19.290126328000913,57.98782255726297,21,3,22.24413992823117,3.9889840465642745,3.1460530541668255,-0.1115349280394745,0.472,Não significativo,SP,2001–2024,incidencia_periodo_100mil_pessoa_ano
3543808,Rinópolis,Rinópolis,354380,RINOPOLIS,SP,RINOPOLIS,44,234228,9759.5,18.74494723027293,10.711855862102851,49.37783922575549,18,6,18.785115357685676,3.8066624897703196,2.984929905383224,-0.19576393923002774,0.431,Não significativo,SP,2001–2024,incidencia_periodo_100mil_pessoa_ano
3543907,Rio Claro,Rio Claro,354390,RIO CLARO,SP,RIO CLARO,1191,4526250,188593.75,26.39244879573229,25.854112103956265,39.546682033377394,24,0,26.313173156586576,7.083387847625295,3.307369119017502,0.0990891498137763,0.236,Não significativo,SP,2001–2024,incidencia_periodo_100mil_pessoa_ano
3544004,Rio das Pedras,Rio das Pedras,354400,RIO DAS PEDRAS,SP,RIO DAS PEDRAS,130,696693,29028.875,18.31327938143419,16.737627678745447,34.59772284078757,24,0,18.65958176700498,4.875197323201151,2.9785648411969614,-0.13660431747111046,0.453,Não significativo,SP,2001–2024,incidencia_periodo_100mil_pessoa_ano
3544103,Rio Grande da Serra,Rio Grande da Serra,354410,RIO GRANDE DA SERRA,SP,RIO GRANDE DA SERRA,318,1026818,42784.083333333336,31.134082383480223,29.4808797000761,72.93774410615971,24,0,30.969460995035146,5.765191102784844,3.4647811032184928,-0.03057522531065127,0.269,Não significativo,SP,2001–2024,incidencia_periodo_100mil_pessoa_ano
3544202,Riolândia,Riolândia,354420,RIOLANDIA,SP,RIOLANDIA,374,242330,10097.083333333334,150.29710552244168,154.33615490514575,422.3054035895959,22,2,154.3349977303677,5.926926025970411,5.045584060402498,0.1479823680286174,0.193,Não significativo,SP,2001–2024,incidencia_periodo_100mil_pessoa_ano
3544251,Rosana,Rosana,354425,ROSANA,SP,ROSANA,128,472962,19706.75,26.400385340548002,24.640900970021757,61.492511090613604,24,0,27.063485015709507,4.859812404361672,3.3344692656689765,-0.20341277090546628,0.363,Não significativo,SP,2001–2024,incidencia_periodo_100mil_pessoa_ano
3544301,Roseira,Roseira,354430,ROSEIRA,SP,ROSEIRA,34,236408,9850.333333333334,14.498616772672607,10.261932104993225,42.62120404901438,20,4,14.381916009610505,3.5553480614894135,2.7331925343163856,0.5280351208124195,0.061,Não significativo,SP,2001–2024,incidencia_periodo_100mil_pessoa_ano
3544400,Rubiácea,Rubiácea,354440,RUBIACEA,SP,RUBIACEA,6,63497,2645.7083333333335,9.33514260632564,0.0,38.98635477582846,6,18,9.4492653196214,1.9459101490553132,2.346531671596904,-0.03596252730291733,0.257,Não significativo,SP,2001–2024,incidencia_periodo_100mil_pessoa_ano
3544509,Rubinéia,Rubinéia,354450,RUBINEIA,SP,RUBINEIA,7,75730,3155.4166666666665,8.558532319543508,0.0,53.46164127238706,5,19,9.243364584708834,2.0794415416798357,2.326630138368637,-0.29172249339053735,0.138,Não significativo,SP,2001–2024,incidencia_periodo_100mil_pessoa_ano
3544608,Sabino,Sabino,354460,SABINO,SP,SABINO,25,123214,5133.916666666667,20.38711642469755,19.51611016044345,60.27727546714888,14,10,20.289902121512167,3.258096538021482,3.0582328815022493,-0.23615237442080314,0.188,Não significativo,SP,2001–2024,incidencia_periodo_100mil_pessoa_ano
3544707,Sagres,Sagres,354470,SAGRES,SP,SAGRES,17,58414,2433.9166666666665,29.023488157017624,20.26753141467369,83.19467554076539,12,12,29.102612387441365,2.8903717578961645,3.4046119582692156,1.1910821310322426,0.025,Hot spot,SP,2001–2024,incidencia_periodo_100mil_pessoa_ano
3544806,Sales,Sales,354480,SALES,SP,SALES,13,135178,5632.416666666667,9.78453714458706,0.0,48.582995951417004,8,16,9.616949503617452,2.6390573296152584,2.3624517338382898,-0.28690156670546657,0.148,Não significativo,SP,2001–2024,incidencia_periodo_100mil_pessoa_ano
3544905,Sales Oliveira,Sales Oliveira,354490,SALES OLIVEIRA,SP,SALES OLIVEIRA,19,255376,10640.666666666666,7.48009552834307,8.904811011681367,20.918313983892897,13,11,7.440010024434558,2.995732273553991,2.1329834963363736,-0.23656192546318758,0.314,Não significativo,SP,2001–2024,incidencia_periodo_100mil_pessoa_ano
3545001,Salesópolis,Salesópolis,354500,SALESOPOLIS,SP,SALESOPOLIS,49,365997,15249.875,13.328080080048467,12.956538139917871,39.00916715428126,20,4,13.388087880501754,3.912023005428146,2.6664006337172648,0.08945093536050723,0.204,Não significativo,SP,2001–2024,incidencia_periodo_100mil_pessoa_ano
3545100,Salmourão,Salmourão,354510,SALMOURAO,SP,SALMOURAO,17,113751,4739.625,14.833145607278526,20.697667544437977,41.597337770382694,14,10,14.944923561111551,2.8903717578961645,2.769140506540938,-0.026580527682164477,0.276,Não significativo,SP,2001–2024,incidencia_periodo_100mil_pessoa_ano
3545159,Saltinho,Saltinho,354515,SALTINHO,SP,SALTINHO,18,173065,7211.041666666667,9.522493303046828,0.0,49.60932655339204,9,15,10.400716493802907,2.9444389791664403,2.4336762037590387,-0.15773621737181884,0.345,Não significativo,SP,2001–2024,incidencia_periodo_100mil_pessoa_ano
3545209,Salto,Salto,354520,SALTO,SP,SALTO,600,2722116,113421.5,21.68451525563953,21.483013131888406,39.964317573595004,24,0,22.04167640174041,6.398594934535208,3.1373045936729795,-0.16378548157408776,0.452,Não significativo,SP,2001–2024,incidencia_periodo_100mil_pessoa_ano
3545308,Salto de Pirapora,Salto de Pirapora,354530,SALTO DE PIRAPORA,SP,SALTO DE PIRAPORA,332,986682,41111.75,34.12821287055491,31.45930779862941,63.995904262127226,24,0,33.6481257385865,5.808142489980444,3.5452436329344437,-0.14459206392329055,0.44,Não significativo,SP,2001–2024,incidencia_periodo_100mil_pessoa_ano
3545407,Salto Grande,Salto Grande,354540,SALTO GRANDE,SP,SALTO GRANDE,137,212988,8874.5,64.38510215613964,67.06023494328778,104.8951048951049,24,0,64.32287265010235,4.927253685157205,4.1793422452446,-0.050157966601905746,0.464,Não significativo,SP,2001–2024,incidencia_periodo_100mil_pessoa_ano
3545506,Sandovalina,Sandovalina,354550,SANDOVALINA,SP,SANDOVALINA,10,85559,3564.9583333333335,11.318551839479587,0.0,108.13733441470669,7,17,11.68784113886324,2.3978952727983707,2.5406441442327123,0.12855587629936863,0.164,Não significativo,SP,2001–2024,incidencia_periodo_100mil_pessoa_ano
3545605,Santa Adélia,Santa Adélia,354560,SANTA ADELIA,SP,SANTA ADELIA,19,337560,14065.0,5.606070014382687,0.0,28.37684449489217,11,13,5.628628984476834,2.995732273553991,1.8913979931421698,-0.38906050026614397,0.002,Cold spot,SP,2001–2024,incidencia_periodo_100mil_pessoa_ano
3545704,Santa Albertina,Santa Albertina,354570,SANTA ALBERTINA,SP,SANTA ALBERTINA,14,142579,5940.791666666667,9.728883591661301,0.0,35.542918073573844,10,14,9.819117822400214,2.70805020110221,2.381314737968738,-0.25891679933860295,0.257,Não significativo,SP,2001–2024,incidencia_periodo_100mil_pessoa_ano
3545803,Santa Bárbara d'Oeste,Santa Bárbara d'Oeste,354580,SANTA BARBARA D'OESTE,SP,SANTA BARBARA DOESTE,825,4312334,179680.58333333334,19.093923156968682,18.590359981684102,29.452349915733556,24,0,19.131171194067992,6.716594773520978,3.002269419482718,-0.11557484830772381,0.484,Não significativo,SP,2001–2024,incidencia_periodo_100mil_pessoa_ano
3546009,Santa Branca,Santa Branca,354600,SANTA BRANCA,SP,SANTA BRANCA,43,329042,13710.083333333334,12.85171267851245,7.224392593222026,56.29045876723895,14,10,13.068240528564743,3.784189633918261,2.643919812032019,-0.28900586799955214,0.122,Não significativo,SP,2001–2024,incidencia_periodo_100mil_pessoa_ano
3546108,Santa Clara d'Oeste,Santa Clara d'Oeste,354610,SANTA CLARA D'OESTE,SP,SANTA CLARA DOESTE,15,54566,2273.5833333333335,26.859800000991502,38.92899158085781,78.40062720501764,14,10,27.48964556683649,2.772588722239781,3.349540707815952,-0.2687107561171709,0.102,Não significativo,SP,2001–2024,incidencia_periodo_100mil_pessoa_ano
3546207,Santa Cruz da Conceição,Santa Cruz da Conceição,354620,SANTA CRUZ DA CONCEICAO,SP,SANTA CRUZ DA CONCEICAO,7,96329,4013.7083333333335,7.606532841118605,0.0,81.83306055646482,5,19,7.266762864765543,2.0794415416798357,2.1122430013019184,-0.2489961555667161,0.376,Não significativo,SP,2001–2024,incidencia_periodo_100mil_pessoa_ano
3546256,Santa Cruz da Esperança,Santa Cruz da Esperança,354625,SANTA CRUZ DA ESPERANCA,SP,SANTA CRUZ DA ESPERANCA,2,47597,1983.2083333333333,4.128999888176751,0.0,51.20327700972862,2,22,4.201945500766855,1.0986122886681098,1.6490326903792798,0.17950682130620027,0.137,Não significativo,SP,2001–2024,incidencia_periodo_100mil_pessoa_ano
3546306,Santa Cruz das Palmeiras,Santa Cruz das Palmeiras,354630,SANTA CRUZ DAS PALMEIRAS,SP,SANTA CRUZ DAS PALMEIRAS,143,689980,28749.166666666668,20.898981273635517,18.872085930929828,37.91181711339424,24,0,20.725238412707615,4.969813299576001,3.0784746452089675,-0.07526295081889618,0.367,Não significativo,SP,2001–2024,incidencia_periodo_100mil_pessoa_ano
3546405,Santa Cruz do Rio Pardo,Santa Cruz do Rio Pardo,354640,SANTA CRUZ DO RIO PARDO,SP,SANTA CRUZ DO RIO PARDO,228,1063555,44314.791666666664,21.319067601620365,19.790290058634067,48.24129034964448,24,0,21.437537315888694,5.43372200355424,3.110735329350789,-0.17985955965388545,0.253,Não significativo,SP,2001–2024,incidencia_periodo_100mil_pessoa_ano
3546504,Santa Ernestina,Santa Ernestina,354650,SANTA ERNESTINA,SP,SANTA ERNESTINA,15,139239,5801.625,10.580262039031513,0.0,52.21023320570832,10,14,10.772843815310365,2.772588722239781,2.465795507662216,-0.29122393753585846,0.245,Não significativo,SP,2001–2024,incidencia_periodo_100mil_pessoa_ano
3546603,Santa Fé do Sul,Santa Fé do Sul,354660,SANTA FE DO SUL,SP,SANTA FE DO SUL,119,737452,30727.166666666668,16.161630081280332,15.582703347024882,36.98772007693446,23,1,16.13664346967667,4.787491742782046,2.841219063751821,-0.3203325506031264,0.018,Cold spot,SP,2001–2024,incidencia_periodo_100mil_pessoa_ano
3546702,Santa Gertrudes,Santa Gertrudes,354670,SANTA GERTRUDES,SP,SANTA GERTRUDES,95,509365,21223.541666666668,18.270585776645003,18.32234854069798,49.38493310586334,22,2,18.650672896645823,4.564348191467836,2.9781115818330672,-0.1986460759124189,0.434,Não significativo,SP,2001–2024,incidencia_periodo_100mil_pessoa_ano
3546801,Santa Isabel,Santa Isabel,354680,SANTA ISABEL,SP,SANTA ISABEL,467,1204974,50207.25,38.570916217892005,41.55616716267659,65.35570805220767,24,0,38.756022951532564,6.148468295917647,3.682761350415497,-0.08011466634737545,0.467,Não significativo,SP,2001–2024,incidencia_periodo_100mil_pessoa_ano
3546900,Santa Lúcia,Santa Lúcia,354690,SANTA LUCIA,SP,SANTA LUCIA,33,186708,7779.5,17.338276683042192,18.541323354730217,60.620756547041715,13,11,17.674657754354392,3.5263605246161616,2.927167404444224,0.0734373922734752,0.202,Não significativo,SP,2001–2024,incidencia_periodo_100mil_pessoa_ano
3547007,Santa Maria da Serra,Santa Maria da Serra,354700,SANTA MARIA DA SERRA,SP,SANTA MARIA DA SERRA,20,125147,5214.458333333333,15.919801923401101,18.68481523608432,59.65400676078744,15,9,15.98120610162449,3.044522437723423,2.832107209080574,-0.17613694068092747,0.454,Não significativo,SP,2001–2024,incidencia_periodo_100mil_pessoa_ano
3547106,Santa Mercedes,Santa Mercedes,354710,SANTA MERCEDES,SP,SANTA MERCEDES,18,68958,2873.25,26.157635267798202,0.0,106.26992561105206,10,14,26.102845210127906,2.9444389791664403,3.2996387116782766,0.11511910855930622,0.196,Não significativo,SP,2001–2024,incidencia_periodo_100mil_pessoa_ano
3547205,Santana da Ponte Pensa,Santana da Ponte Pensa,354720,SANTANA DA PONTE PENSA,SP,SANTANA DA PONTE PENSA,8,40780,1699.1666666666667,19.62390649693701,0.0,111.85682326621924,7,17,19.617459538989703,2.1972245773362196,3.0261382672638724,-0.3230733776832906,0.018,Cold spot,SP,2001–2024,incidencia_periodo_100mil_pessoa_ano
3547304,Santana de Parnaíba,Santana de Parnaíba,354730,SANTANA DE PARNAIBA,SP,SANTANA DE PARNAIBA,801,2829767,117906.95833333333,28.864014188726173,28.478372068213172,45.38722469065023,24,0,28.306217437690098,6.687108607866515,3.3777996927505174,0.1273833295879271,0.197,Não significativo,SP,2001–2024,incidencia_periodo_100mil_pessoa_ano
3547403,Santa Rita d'Oeste,Santa Rita d'Oeste,354740,SANTA RITA D'OESTE,SP,SANTA RITA DOESTE,8,63395,2641.4583333333335,12.378531783358417,0.0,77.2499034376207,6,18,12.619291742250967,2.1972245773362196,2.611487298066092,-0.2806450182593799,0.115,Não significativo,SP,2001–2024,incidencia_periodo_100mil_pessoa_ano
3547502,Santa Rita do Passa Quatro,Santa Rita do Passa Quatro,354750,SANTA RITA DO PASSA QUATRO,SP,SANTA RITA DO PASSA QUATRO,93,615731,25655.458333333332,15.114996584311049,11.98341852918184,34.45107946715664,23,1,15.103998336936096,4.543294782270004,2.7790675850672475,-0.304181764367978,0.033,Cold spot,SP,2001–2024,incidencia_periodo_100mil_pessoa_ano
3547601,Santa Rosa de Viterbo,Santa Rosa de Viterbo,354760,SANTA ROSA DE VITERBO,SP,SANTA ROSA DE VITERBO,42,558179,23257.458333333332,7.681368364790548,4.257957248314342,36.140224069389234,13,11,7.5244679574115105,3.7612001156935624,2.1429406115342156,-0.3415086240674249,0.063,Não significativo,SP,2001–2024,incidencia_periodo_100mil_pessoa_ano
3547650,Santa Salete,Santa Salete,354765,SANTA SALETE,SP,SANTA SALETE,4,36137,1505.7083333333333,10.40736399581203,0.0,65.53079947575361,4,20,11.068987464371697,1.6094379124341003,2.490639142971844,-0.2688579075149385,0.217,Não significativo,SP,2001–2024,incidencia_periodo_100mil_pessoa_ano
3547700,Santo Anastácio,Santo Anastácio,354770,SANTO ANASTACIO,SP,SANTO ANASTACIO,158,471075,19628.125,33.307972848238585,30.562488986070605,63.492063492063494,24,0,33.54030674521042,5.0689042022202315,3.5421269535479576,0.958505590698332,0.026,Hot spot,SP,2001–2024,incidencia_periodo_100mil_pessoa_ano
3547809,Santo André,Santo André,354780,SANTO ANDRE,SP,SANTO ANDRE,5541,16764577,698524.0416666666,32.979465976518604,32.73545051332567,40.3124138780249,24,0,33.051833040583126,8.620110725422924,3.5278838649375226,0.24738975658888784,0.137,Não significativo,SP,2001–2024,incidencia_periodo_100mil_pessoa_ano
3547908,Santo Antônio da Alegria,Santo Antônio da Alegria,354790,SANTO ANTONIO DA ALEGRIA,SP,SANTO ANTONIO DA ALEGRIA,8,153008,6375.333333333333,5.119982015073238,0.0,34.3878954607978,4,20,5.228484785109275,2.1972245773362196,1.829133090555328,-0.39736648325326845,0.017,Cold spot,SP,2001–2024,incidencia_periodo_100mil_pessoa_ano
3548005,Santo Antônio de Posse,Santo Antônio de Posse,354800,SANTO ANTONIO DE POSSE,SP,SANTO ANTONIO DE POSSE,104,506507,21104.458333333332,20.53500004526992,22.048337406802073,43.583535108958834,23,1,20.53278631884653,4.653960350157523,3.069576718648239,-0.17997963527746552,0.411,Não significativo,SP,2001–2024,incidencia_periodo_100mil_pessoa_ano
3548054,Santo Antônio do Aracanguá,Santo Antônio do Aracanguá,354805,SANTO ANTONIO DO ARACANGUA,SP,SANTO ANTONIO DO ARACANGUA,23,186447,7768.625,12.277205762476973,12.857799793468438,46.68534080298787,14,10,12.335945335671799,3.1780538303479458,2.5904630464352776,-0.27151512056256666,0.06,Não significativo,SP,2001–2024,incidencia_periodo_100mil_pessoa_ano
3548104,Santo Antônio do Jardim,Santo Antônio do Jardim,354810,SANTO ANTONIO DO JARDIM,SP,SANTO ANTONIO DO JARDIM,9,145294,6053.916666666667,6.1462103308895975,0.0,48.53583562530335,5,19,6.194336999463157,2.302585092994046,1.9732941886943545,-0.27764622878732553,0.498,Não significativo,SP,2001–2024,incidencia_periodo_100mil_pessoa_ano
3548203,Santo Antônio do Pinhal,Santo Antônio do Pinhal,354820,SANTO ANTONIO DO PINHAL,SP,SANTO ANTONIO DO PINHAL,5,160630,6692.916666666667,3.0150677422544874,0.0,28.71500358937545,3,21,3.112743572184524,1.791759469228055,1.4140903416165358,0.557613574991123,0.063,Não significativo,SP,2001–2024,incidencia_periodo_100mil_pessoa_ano
3548302,Santo Expedito,Santo Expedito,354830,SANTO EXPEDITO,SP,SANTO EXPEDITO,16,67755,2823.125,23.429412638654977,0.0,74.37709185570844,10,14,23.61449339532138,2.833213344056216,3.20333543186172,0.2161652776326988,0.138,Não significativo,SP,2001–2024,incidencia_periodo_100mil_pessoa_ano
3548401,Santópolis do Aguapeí,Santópolis do Aguapeí,354840,SANTOPOLIS DO AGUAPEI,SP,SANTOPOLIS DO AGUAPEI,21,97333,4055.5416666666665,21.600038491371212,24.11525311566221,75.18796992481204,15,9,21.575416354165597,3.091042453358316,3.116861542285384,-0.35984064443293995,0.001,Cold spot,SP,2001–2024,incidencia_periodo_100mil_pessoa_ano
3548500,Santos,Santos,354850,SANTOS,SP,SANTOS,11055,10068890,419537.0833333333,109.79562951704746,108.21607963464396,131.7343508676297,24,0,109.79363167141561,9.310728546007452,4.7076692967716305,0.8841577490396078,0.04,Hot spot,SP,2001–2024,incidencia_periodo_100mil_pessoa_ano
3548609,São Bento do Sapucaí,São Bento do Sapucaí,354860,SAO BENTO DO SAPUCAI,SP,SAO BENTO DO SAPUCAI,29,261253,10885.541666666666,10.856032094974593,8.928440597260634,50.804403048264184,15,9,11.100351000754058,3.4011973816621555,2.4932344605087438,1.1252904183560128,0.037,Hot spot,SP,2001–2024,incidencia_periodo_100mil_pessoa_ano
3548708,São Bernardo do Campo,São Bernardo do Campo,354870,SAO BERNARDO DO CAMPO,SP,SAO BERNARDO DO CAMPO,5933,18513165,771381.875,31.97291684763607,31.552810725272828,39.73093606588294,24,0,32.047464601541655,8.688453800850768,3.497944849332079,0.4651426656650271,0.078,Não significativo,SP,2001–2024,incidencia_periodo_100mil_pessoa_ano
3548807,São Caetano do Sul,São Caetano do Sul,354880,SAO CAETANO DO SUL,SP,SAO CAETANO DO SUL,770,3688158,153673.25,21.147071424928505,19.21408389805257,37.57692634922436,24,0,20.877630513660204,6.647688373563329,3.0854646770670175,0.07192187354435901,0.189,Não significativo,SP,2001–2024,incidencia_periodo_100mil_pessoa_ano
3548906,São Carlos,São Carlos,354890,SAO CARLOS,SP,SAO CARLOS,1407,5483976,228499.0,25.73636186073796,25.37262459333428,34.76613476160005,24,0,25.656567424802734,7.249925536717988,3.283035552702749,0.02532839559861499,0.321,Não significativo,SP,2001–2024,incidencia_periodo_100mil_pessoa_ano
3549003,São Francisco,São Francisco,354900,SAO FRANCISCO,SP,SAO FRANCISCO,16,65750,2739.5833333333335,24.353151005832085,17.63668430335097,109.32944606413994,12,12,24.334600760456272,2.833213344056216,3.2321710803847723,-0.2696648737761591,0.087,Não significativo,SP,2001–2024,incidencia_periodo_100mil_pessoa_ano
3549102,São João da Boa Vista,São João da Boa Vista,354910,SAO JOAO DA BOA VISTA,SP,SAO JOAO DA BOA VISTA,330,2058433,85768.04166666667,15.771662814595983,13.937866780542063,31.867092977554943,24,0,16.031612396419995,5.802118375377063,2.835071169959045,-0.2562884764453194,0.212,Não significativo,SP,2001–2024,incidencia_periodo_100mil_pessoa_ano
3549201,São João das Duas Pontes,São João das Duas Pontes,354920,SAO JOAO DAS DUAS PONTES,SP,SAO JOAO DAS DUAS PONTES,11,62185,2591.0416666666665,17.826466078890824,0.0,77.9423226812159,8,16,17.6891533327973,2.4849066497880004,2.92794331989548,-0.185886213245007,0.478,Não significativo,SP,2001–2024,incidencia_periodo_100mil_pessoa_ano
3549250,São João de Iracema,São João de Iracema,354925,SAO JOAO DE IRACEMA,SP,SAO JOAO DE IRACEMA,11,42835,1784.7916666666667,25.75229328969063,0.0,169.58733747880157,8,16,25.67993463289366,2.4849066497880004,3.2839117710029546,-0.19289820978941452,0.318,Não significativo,SP,2001–2024,incidencia_periodo_100mil_pessoa_ano
3549300,São João do Pau d'Alho,São João do Pau d'Alho,354930,SAO JOAO DO PAU D'ALHO,SP,SAO JOAO DO PAU DALHO,10,52057,2169.0416666666665,19.26833083320837,0.0,93.10986964618249,7,17,19.209712430604913,2.3978952727983707,3.0061633022497194,-0.08559329548873265,0.379,Não significativo,SP,2001–2024,incidencia_periodo_100mil_pessoa_ano
3549409,São Joaquim da Barra,São Joaquim da Barra,354940,SAO JOAQUIM DA BARRA,SP,SAO JOAQUIM DA BARRA,172,1112854,46368.916666666664,15.194001537361913,16.803423268445034,34.39972480220158,19,5,15.455756100980002,5.153291594497779,2.800675330958613,-0.2911186274277231,0.088,Não significativo,SP,2001–2024,incidencia_periodo_100mil_pessoa_ano
3549508,São José da Bela Vista,São José da Bela Vista,354950,SAO JOSE DA BELA VISTA,SP,SAO JOSE DA BELA VISTA,6,193637,8068.208333333333,3.047303661151543,0.0,24.57606291472106,3,21,3.0985813661645243,1.9459101490553132,1.4106409055830398,-0.35234057041409084,0.008,Cold spot,SP,2001–2024,incidencia_periodo_100mil_pessoa_ano
3549607,São José do Barreiro,São José do Barreiro,354960,SAO JOSE DO BARREIRO,SP,SAO JOSE DO BARREIRO,13,96294,4012.25,13.380596334411491,0.0,50.69708491761723,9,15,13.500321930753731,2.6390573296152584,2.674170851301012,-0.10699744243234097,0.33,Não significativo,SP,2001–2024,incidencia_periodo_100mil_pessoa_ano
3549706,São José do Rio Pardo,São José do Rio Pardo,354970,SAO JOSE DO RIO PARDO,SP,SAO JOSE DO RIO PARDO,167,1241745,51739.375,13.394854089877422,12.554771695253194,28.081473715740604,24,0,13.448815980736786,5.123963979403259,2.6706124721518965,-0.21959257165065788,0.292,Não significativo,SP,2001–2024,incidencia_periodo_100mil_pessoa_ano
3549805,São José do Rio Preto,São José do Rio Preto,354980,SAO JOSE DO RIO PRETO,SP,SAO JOSE DO RIO PRETO,3920,10202244,425093.5,38.2883995301981,39.08636402168324,51.01554305330409,24,0,38.42291950672813,8.27410200229233,3.6743473605429875,-0.23344765147388943,0.092,Não significativo,SP,2001–2024,incidencia_periodo_100mil_pessoa_ano
3549904,São José dos Campos,São José dos Campos,354990,SAO JOSE DOS CAMPOS,SP,SAO JOSE DOS CAMPOS,4617,15304062,637669.25,30.29711088397349,30.019211115723717,40.894270055535884,24,0,30.168461157567187,8.43771698991444,3.4394067232171706,-0.25467348246432603,0.08,Não significativo,SP,2001–2024,incidencia_periodo_100mil_pessoa_ano
3549953,São Lourenço da Serra,São Lourenço da Serra,354995,SAO LOURENCO DA SERRA,SP,SAO LOURENCO DA SERRA,75,345264,14386.0,21.111917158426042,20.268951298493114,72.91286912139992,22,2,21.722507993882942,4.330733340286331,3.123355974815455,0.01520790099201379,0.263,Não significativo,SP,2001–2024,incidencia_periodo_100mil_pessoa_ano
3550001,São Luís do Paraitinga,São Luís do Paraitinga,355000,SAO LUIS DO PARAITINGA,SP,SAO LUIS DO PARAITINGA,50,249402,10391.75,20.04878094921999,9.666973352085458,58.043919899390545,18,6,20.047954707660725,3.9318256327243257,3.0468033918761517,-0.13819001926493057,0.466,Não significativo,SP,2001–2024,incidencia_periodo_100mil_pessoa_ano
3550100,São Manuel,São Manuel,355010,SAO MANUEL,SP,SAO MANUEL,224,904385,37682.708333333336,24.76773158507397,26.483423636621293,39.94673768308922,24,0,24.768212652797207,5.41610040220442,3.2491416645870994,-0.17424476101739694,0.354,Não significativo,SP,2001–2024,incidencia_periodo_100mil_pessoa_ano
3550209,São Miguel Arcanjo,São Miguel Arcanjo,355020,SAO MIGUEL ARCANJO,SP,SAO MIGUEL ARCANJO,133,758144,31589.333333333332,17.4988591700947,17.394127317067472,38.801047628285964,24,0,17.54284146547358,4.897839799950911,2.9200838097467923,-0.0889436934740886,0.354,Não significativo,SP,2001–2024,incidencia_periodo_100mil_pessoa_ano
3550308,São Paulo,São Paulo,355030,SAO PAULO,SP,SAO PAULO,184832,268693391,11195557.958333334,68.74376632203453,67.09697137252837,81.86235254814856,24,0,68.78918730085178,12.127207993676313,4.245479088038658,0.18462761377810985,0.171,Não significativo,SP,2001–2024,incidencia_periodo_100mil_pessoa_ano
3550407,São Pedro,São Pedro,355040,SAO PEDRO,SP,SAO PEDRO,157,799560,33315.0,19.537568637947405,18.479357330439466,38.93529661616877,24,0,19.635799689829405,5.062595033026967,3.0270274165039974,0.04685295931734885,0.252,Não significativo,SP,2001–2024,incidencia_periodo_100mil_pessoa_ano
3550506,São Pedro do Turvo,São Pedro do Turvo,355050,SAO PEDRO DO TURVO,SP,SAO PEDRO DO TURVO,31,171680,7153.333333333333,17.981201271500918,13.885032203268697,68.18491749624982,17,7,18.056849953401677,3.4657359027997265,2.947426614546563,-0.1818822913238198,0.333,Não significativo,SP,2001–2024,incidencia_periodo_100mil_pessoa_ano
3550605,São Roque,São Roque,355060,SAO ROQUE,SP,SAO ROQUE,456,1843601,76816.70833333333,24.917885579309345,21.799994437728863,40.57000862112683,24,0,24.734202248751224,6.124683390894205,3.24782093393574,-0.006749794788437846,0.338,Não significativo,SP,2001–2024,incidencia_periodo_100mil_pessoa_ano
3550704,São Sebastião,São Sebastião,355070,SAO SEBASTIAO,SP,SAO SEBASTIAO,1271,1767795,73658.125,71.46101308927086,69.34082877962538,119.0206976993299,24,0,71.8974768001946,7.148345743900068,4.289054026621297,0.4370945526194535,0.127,Não significativo,SP,2001–2024,incidencia_periodo_100mil_pessoa_ano
3550803,São Sebastião da Grama,São Sebastião da Grama,355080,SAO SEBASTIAO DA GRAMA,SP,SAO SEBASTIAO DA GRAMA,43,277691,11570.458333333334,15.786351710760023,9.345895600368229,44.487943767239074,19,5,15.484837463223512,3.784189633918261,2.802441016798018,-0.34199304608943654,0.008,Cold spot,SP,2001–2024,incidencia_periodo_100mil_pessoa_ano
3550902,São Simão,São Simão,355090,SAO SIMAO,SP,SAO SIMAO,34,333738,13905.75,10.237484478189456,7.283298981451999,43.440486533449175,16,8,10.187632214491607,3.5553480614894135,2.414808901586257,-0.02582071429777444,0.311,Não significativo,SP,2001–2024,incidencia_periodo_100mil_pessoa_ano
3551009,São Vicente,São Vicente,355100,SAO VICENTE,SP,SAO VICENTE,10862,7837649,326568.7083333333,138.1110750308247,119.83272934441047,194.5830966509953,24,0,138.58747693345288,9.293117798433752,4.938691479523954,1.0285864160557014,0.031,Hot spot,SP,2001–2024,incidencia_periodo_100mil_pessoa_ano
3551108,Sarapuí,Sarapuí,355110,SARAPUI,SP,SARAPUI,18,222620,9275.833333333334,7.588682077290305,0.0,56.4334085778781,9,15,8.085526906836762,2.9444389791664403,2.206682697616734,-0.049415425470112545,0.312,Não significativo,SP,2001–2024,incidencia_periodo_100mil_pessoa_ano
3551207,Sarutaiá,Sarutaiá,355120,SARUTAIA,SP,SARUTAIA,32,88244,3676.8333333333335,36.105623456408175,27.281420411191405,162.9106706489275,18,6,36.26308870858075,3.4965075614664802,3.618003257834926,-0.1309566146622613,0.483,Não significativo,SP,2001–2024,incidencia_periodo_100mil_pessoa_ano
3551306,Sebastianópolis do Sul,Sebastianópolis do Sul,355130,SEBASTIANOPOLIS DO SUL,SP,SEBASTIANOPOLIS DO SUL,5,71416,2975.6666666666665,6.7970921658734085,0.0,65.46644844517185,4,20,7.001232216870169,1.791759469228055,2.0795955569276496,-0.27679361487472837,0.219,Não significativo,SP,2001–2024,incidencia_periodo_100mil_pessoa_ano
3551405,Serra Azul,Serra Azul,355140,SERRA AZUL,SP,SERRA AZUL,505,264653,11027.208333333334,174.8563903769244,206.1934005687237,400.73468024711974,19,5,190.81589855395558,6.226536669287466,5.2565360503276795,0.12476878410992072,0.036,Hot spot,SP,2001–2024,incidencia_periodo_100mil_pessoa_ano
3551504,Serrana,Serrana,355150,SERRANA,SP,SERRANA,212,948321,39513.375,22.166212921973955,18.716341740196164,44.79082683866344,24,0,22.35529952410629,5.3612921657094255,3.1508239187104676,0.2259530226165075,0.135,Não significativo,SP,2001–2024,incidencia_periodo_100mil_pessoa_ano
3551603,Serra Negra,Serra Negra,355160,SERRA NEGRA,SP,SERRA NEGRA,115,652576,27190.666666666668,18.178574487953103,15.079735465337691,49.305612622236836,24,0,17.62246849409111,4.7535901911063645,2.92436883524735,-0.2373023257396566,0.26,Não significativo,SP,2001–2024,incidencia_periodo_100mil_pessoa_ano
3551702,Sertãozinho,Sertãozinho,355170,SERTAOZINHO,SP,SERTAOZINHO,792,2718102,113254.25,28.63412669547947,27.201200865311733,55.529696138236275,24,0,29.137979369427637,6.675823221634848,3.4057861494588524,-0.09943831255843714,0.472,Não significativo,SP,2001–2024,incidencia_periodo_100mil_pessoa_ano
3551801,Sete Barras,Sete Barras,355180,SETE BARRAS,SP,SETE BARRAS,145,313210,13050.416666666666,46.12773600837571,44.6927787134751,103.72675409350227,24,0,46.29481817311069,4.983606621708336,3.856400737131064,0.03481014055945209,0.313,Não significativo,SP,2001–2024,incidencia_periodo_100mil_pessoa_ano
3551900,Severínia,Severínia,355190,SEVERINIA,SP,SEVERINIA,66,355592,14816.333333333334,18.474121130392906,19.70430285283131,33.26458652118954,24,0,18.560597538752276,4.204692619390966,2.9735172131560246,-0.21796630421580063,0.33,Não significativo,SP,2001–2024,incidencia_periodo_100mil_pessoa_ano
3552007,Silveiras,Silveiras,355200,SILVEIRAS,SP,SILVEIRAS,11,140634,5859.75,7.748702648121539,0.0,54.151624548736464,4,20,7.8217216320377725,2.4849066497880004,2.1772170473465304,-0.1350241370267027,0.467,Não significativo,SP,2001–2024,incidencia_periodo_100mil_pessoa_ano
3552106,Socorro,Socorro,355210,SOCORRO,SP,SOCORRO,159,892988,37207.833333333336,17.93970968922363,16.817457081346042,40.41803799295571,24,0,17.805390441976822,5.075173815233827,2.9341435543750287,-0.3256248459204836,0.012,Cold spot,SP,2001–2024,incidencia_periodo_100mil_pessoa_ano
3552205,Sorocaba,Sorocaba,355220,SOROCABA,SP,SOROCABA,5987,14833411,618058.7916666666,40.66458326504479,41.46199034521979,49.505040928429594,24,0,40.361586421356485,8.69751274553952,3.722352585880361,0.05770385381528493,0.286,Não significativo,SP,2001–2024,incidencia_periodo_100mil_pessoa_ano
3552304,Sud Mennucci,Sud Mennucci,355230,SUD MENNUCCI,SP,SUD MENNUCCI,11,177611,7400.458333333333,6.199155284632885,0.0,27.129679869777537,9,15,6.193310099036658,2.4849066497880004,1.9731514411802944,-0.34444820165549317,0.01,Cold spot,SP,2001–2024,incidencia_periodo_100mil_pessoa_ano
3552403,Sumaré,Sumaré,355240,SUMARE,SP,SUMARE,1401,5918031,246584.625,23.563701933439976,22.75846377643591,34.16302318599523,24,0,23.6734143501445,7.2456550675945355,3.2057263218623735,-0.06326661062073569,0.368,Não significativo,SP,2001–2024,incidencia_periodo_100mil_pessoa_ano
3552502,Suzano,Suzano,355250,SUZANO,SP,SUZANO,2602,6535592,272316.3333333333,39.82981267876465,37.39904411321238,54.77372413882336,24,0,39.81276677001869,7.864419904994565,3.70899494349354,0.05015807280164673,0.296,Não significativo,SP,2001–2024,incidencia_periodo_100mil_pessoa_ano
3552551,Suzanápolis,Suzanápolis,355255,SUZANAPOLIS,SP,SUZANAPOLIS,11,78725,3280.2083333333335,14.257827182085487,0.0,58.8235294117647,10,14,13.972689742775485,2.4849066497880004,2.7062278578279257,-0.34142631482986574,0.011,Cold spot,SP,2001–2024,incidencia_periodo_100mil_pessoa_ano
3552601,Tabapuã,Tabapuã,355260,TABAPUA,SP,TABAPUA,31,268665,11194.375,11.46668082185959,8.813302918188564,54.510765876260564,13,11,11.5385331174511,3.4657359027997265,2.5288065520826994,-0.32635860681631745,0.018,Cold spot,SP,2001–2024,incidencia_periodo_100mil_pessoa_ano
3552700,Tabatinga,Tabatinga,355270,TABATINGA,SP,TABATINGA,75,345703,14404.291666666666,21.903625505100834,20.661923299427343,53.231939163498105,23,1,21.694923098729255,4.330733340286331,3.1221412474351515,-0.21030722866993581,0.35,Não significativo,SP,2001–2024,incidencia_periodo_100mil_pessoa_ano
3552809,Taboão da Serra,Taboão da Serra,355280,TABOAO DA SERRA,SP,TABOAO DA SERRA,2610,5908902,246204.25,43.91530569718456,43.06983224557885,58.74613928815157,24,0,44.170642870705926,7.8674885686991285,3.810447381814647,0.2127965596653324,0.182,Não significativo,SP,2001–2024,incidencia_periodo_100mil_pessoa_ano
3552908,Taciba,Taciba,355290,TACIBA,SP,TACIBA,34,139680,5820.0,23.92579207871748,17.000512266327007,93.76465072667605,13,11,24.34135166093929,3.5553480614894135,3.2324375144703845,0.018386981178780494,0.272,Não significativo,SP,2001–2024,incidencia_periodo_100mil_pessoa_ano
3553005,Taguaí,Taguaí,355300,TAGUAI,SP,TAGUAI,38,259590,10816.25,14.000148752868355,9.057366679006662,56.71690163668773,17,7,14.638468353942756,3.6635616461296463,2.7497337989879953,-0.10393997283579572,0.366,Não significativo,SP,2001–2024,incidencia_periodo_100mil_pessoa_ano
3553104,Taiaçu,Taiaçu,355310,TAIACU,SP,TAIACU,11,138465,5769.375,7.935106123751463,0.0,35.00787677227376,7,17,7.944245838298486,2.4849066497880004,2.191010402427943,-0.24200765274330802,0.336,Não significativo,SP,2001–2024,incidencia_periodo_100mil_pessoa_ano
3553203,Taiúva,Taiúva,355320,TAIUVA,SP,TAIUVA,41,140427,5851.125,26.917100763423377,0.0,178.22664488341007,11,13,29.19666445911399,3.7376696182833684,3.4077314699072443,-0.20318666461712073,0.279,Não significativo,SP,2001–2024,incidencia_periodo_100mil_pessoa_ano
3553302,Tambaú,Tambaú,355330,TAMBAU,SP,TAMBAU,75,529150,22047.916666666668,14.123953563520937,13.503869953469334,26.90341673392521,23,1,14.173674761409806,4.330733340286331,2.7195620027471854,-0.1615358666968249,0.494,Não significativo,SP,2001–2024,incidencia_periodo_100mil_pessoa_ano
3553401,Tanabi,Tanabi,355340,TANABI,SP,TANABI,105,581997,24249.875,17.950606878970298,17.00313197813848,37.10881128107863,24,0,18.041330109949023,4.663439094112067,2.946611885639023,-0.30775590601934844,0.031,Cold spot,SP,2001–2024,incidencia_periodo_100mil_pessoa_ano
3553500,Tapiraí,Tapiraí,355350,TAPIRAI,SP,TAPIRAI,32,194820,8117.5,16.479249442599958,12.49687656171914,49.98125702861427,16,8,16.425418334873214,3.4965075614664802,2.8579299640986195,-0.0686010453978534,0.39,Não significativo,SP,2001–2024,incidencia_periodo_100mil_pessoa_ano
3553609,Tapiratiba,Tapiratiba,355360,TAPIRATIBA,SP,TAPIRATIBA,22,298891,12453.791666666666,7.297855880212087,7.801244744787346,16.75603217158177,16,8,7.360542806574973,3.1354942159291497,2.123523354004958,-0.29861609621391966,0.254,Não significativo,SP,2001–2024,incidencia_periodo_100mil_pessoa_ano
3553658,Taquaral,Taquaral,355365,TAQUARAL,SP,TAQUARAL,9,64542,2689.25,14.151062080483248,0.0,225.30980097634247,3,21,13.944408292274797,2.302585092994046,2.7043372025984596,-0.16661214050885823,0.437,Não significativo,SP,2001–2024,incidencia_periodo_100mil_pessoa_ano
3553708,Taquaritinga,Taquaritinga,355370,TAQUARITINGA,SP,TAQUARITINGA,289,1273849,53077.041666666664,22.702500722814268,18.07746551655581,45.46487838145033,24,0,22.687147377750424,5.66988092298052,3.1649325963044186,-0.2774530285545664,0.043,Cold spot,SP,2001–2024,incidencia_periodo_100mil_pessoa_ano
3553807,Taquarituba,Taquarituba,355380,TAQUARITUBA,SP,TAQUARITUBA,306,551679,22986.625,54.175580985822585,26.95423017329138,225.8201959948871,24,0,55.467037897037955,5.726847747587197,4.033657067855942,-0.06358629511176969,0.493,Não significativo,SP,2001–2024,incidencia_periodo_100mil_pessoa_ano
3553856,Taquarivaí,Taquarivaí,355385,TAQUARIVAI,SP,TAQUARIVAI,27,135015,5625.625,21.05326781962975,15.278074699433777,82.16926869350863,14,10,19.997778024663926,3.332204510175204,3.0444166237759878,-0.1481699538838399,0.403,Não significativo,SP,2001–2024,incidencia_periodo_100mil_pessoa_ano
3553906,Tarabai,Tarabai,355390,TARABAI,SP,TARABAI,32,154326,6430.25,20.578488606612275,15.646471363909626,60.74411541381929,17,7,20.73532651659474,3.4965075614664802,3.0789388869455725,0.13138881044497303,0.183,Não significativo,SP,2001–2024,incidencia_periodo_100mil_pessoa_ano
3553955,Tarumã,Tarumã,355395,TARUMA,SP,TARUMA,49,316516,13188.166666666666,14.980042971920085,8.895155328772038,43.327556325823224,22,2,15.481049931125124,3.912023005428146,2.8022112318648995,0.5393749821210757,0.058,Não significativo,SP,2001–2024,incidencia_periodo_100mil_pessoa_ano
3554003,Tatuí,Tatuí,355400,TATUI,SP,TATUI,721,2657470,110727.91666666667,27.000356768331784,27.683046353158215,42.78158058494088,24,0,27.13106827170203,6.582025138892826,3.336874598023204,0.1991663084838587,0.167,Não significativo,SP,2001–2024,incidencia_periodo_100mil_pessoa_ano
3554102,Taubaté,Taubaté,355410,TAUBATE,SP,TAUBATE,2596,6814135,283922.2916666667,38.03281746343979,38.0555938800436,48.62767760554497,24,0,38.09727867146747,7.862112211662748,3.6660528653739783,-0.018619099693088535,0.384,Não significativo,SP,2001–2024,incidencia_periodo_100mil_pessoa_ano
3554201,Tejupá,Tejupá,355420,TEJUPA,SP,TEJUPA,21,111865,4661.041666666667,19.587039284432503,19.64616006380576,70.85498346717053,13,11,18.7726277209136,3.091042453358316,2.984298542913324,-0.07274150639016046,0.339,Não significativo,SP,2001–2024,incidencia_periodo_100mil_pessoa_ano
3554300,Teodoro Sampaio,Teodoro Sampaio,355430,TEODORO SAMPAIO,SP,TEODORO SAMPAIO,97,514204,21425.166666666668,18.95108555049187,16.061251819944523,47.38887309259786,23,1,18.86410840833599,4.584967478670572,2.988914505718963,0.5377206734154993,0.061,Não significativo,SP,2001–2024,incidencia_periodo_100mil_pessoa_ano
3554409,Terra Roxa,Terra Roxa,355440,TERRA ROXA,SP,TERRA ROXA,22,195643,8151.791666666667,11.269510475751742,12.276381166340595,25.150905432595575,15,9,11.24497170867345,3.1354942159291497,2.5051153799623807,-0.2581894400976874,0.238,Não significativo,SP,2001–2024,incidencia_periodo_100mil_pessoa_ano
3554508,Tietê,Tietê,355450,TIETE,SP,TIETE,172,868902,36204.25,19.585911308565414,16.168640340608782,42.482011523245625,24,0,19.795097721031834,5.153291594497779,3.034717272439993,-0.1383666845221972,0.435,Não significativo,SP,2001–2024,incidencia_periodo_100mil_pessoa_ano
3554607,Timburi,Timburi,355460,TIMBURI,SP,TIMBURI,11,62362,2598.4166666666665,17.969316688410235,0.0,80.67769261799113,8,16,17.638946794522308,2.4849066497880004,2.925253305221332,-0.1452468107988809,0.444,Não significativo,SP,2001–2024,incidencia_periodo_100mil_pessoa_ano
3554656,Torre de Pedra,Torre de Pedra,355465,TORRE DE PEDRA,SP,TORRE DE PEDRA,8,51832,2159.6666666666665,15.4999417410725,0.0,97.75171065493646,5,19,15.43448062972681,2.1972245773362196,2.7993816051399247,0.2826616198174605,0.11,Não significativo,SP,2001–2024,incidencia_periodo_100mil_pessoa_ano
3554706,Torrinha,Torrinha,355470,TORRINHA,SP,TORRINHA,16,221943,9247.625,7.193953218313877,0.0,32.14744963566224,10,14,7.2090581816051875,2.833213344056216,2.1052382008797124,-0.3229666153736611,0.107,Não significativo,SP,2001–2024,incidencia_periodo_100mil_pessoa_ano
3554755,Trabiju,Trabiju,355475,TRABIJU,SP,TRABIJU,13,37519,1563.2916666666667,34.404223539210356,0.0,178.359096313912,11,13,34.64911111703403,2.6390573296152584,3.573724212945924,-0.20252876772744263,0.223,Não significativo,SP,2001–2024,incidencia_periodo_100mil_pessoa_ano
3554805,Tremembé,Tremembé,355480,TREMEMBE,SP,TREMEMBE,1374,1042280,43428.333333333336,125.65097947001262,132.87318981169227,250.7984823476453,24,0,131.82638062708676,7.226209010100671,4.889042866614526,0.2420941829001292,0.492,Não significativo,SP,2001–2024,incidencia_periodo_100mil_pessoa_ano
3554904,Três Fronteiras,Três Fronteiras,355490,TRES FRONTEIRAS,SP,TRES FRONTEIRAS,17,140739,5864.125,12.236474447154423,15.850985167235303,56.12722170252573,14,10,12.07909676777581,2.8903717578961645,2.571015289193294,-0.32434154643681795,0.032,Cold spot,SP,2001–2024,incidencia_periodo_100mil_pessoa_ano
3554953,Tuiuti,Tuiuti,355495,TUIUTI,SP,TUIUTI,8,145142,6047.583333333333,5.285020827594808,0.0,32.6211058554885,6,18,5.511843573879373,2.1972245773362196,1.8736226072015554,-0.2930230052542927,0.166,Não significativo,SP,2001–2024,incidencia_periodo_100mil_pessoa_ano
3555000,Tupã,Tupã,355500,TUPA,SP,TUPA,560,1528847,63701.958333333336,36.679288644838174,38.5064449546804,67.78805984266864,24,0,36.62891054500548,6.329720905522696,3.627772652419174,-0.2858049553732663,0.007,Cold spot,SP,2001–2024,incidencia_periodo_100mil_pessoa_ano
3555109,Tupi Paulista,Tupi Paulista,355510,TUPI PAULISTA,SP,TUPI PAULISTA,589,351810,14658.75,162.69613337042514,129.6437657433106,527.2523561589666,24,0,167.4199141582104,6.380122536899765,5.126460349912905,0.422736345137998,0.204,Não significativo,SP,2001–2024,incidencia_periodo_100mil_pessoa_ano
3555208,Turiúba,Turiúba,355520,TURIUBA,SP,TURIUBA,2,45232,1884.6666666666667,4.343737654819097,0.0,52.32862375719519,2,22,4.4216483905199855,1.0986122886681098,1.6903999003053172,-0.28887549667229157,0.078,Não significativo,SP,2001–2024,incidencia_periodo_100mil_pessoa_ano
3555307,Turmalina,Turmalina,355530,TURMALINA,SP,TURMALINA,6,46485,1936.875,14.276901317914662,0.0,59.916117435590174,6,18,12.907389480477574,1.9459101490553132,2.6324203161787754,-0.288874691438618,0.058,Não significativo,SP,2001–2024,incidencia_periodo_100mil_pessoa_ano
3555356,Ubarana,Ubarana,355535,UBARANA,SP,UBARANA,22,122708,5112.833333333333,17.566349974829233,9.375585974123382,56.72149744753262,12,12,17.928741402353555,3.1354942159291497,2.9406814760776263,-0.22437927804898264,0.313,Não significativo,SP,2001–2024,incidencia_periodo_100mil_pessoa_ano
3555406,Ubatuba,Ubatuba,355540,UBATUBA,SP,UBATUBA,1187,1959485,81645.20833333333,59.50905670909008,53.61416058762188,117.22825093298631,24,0,60.57714144277706,7.080026499922591,4.120290721197679,0.049442957084690285,0.319,Não significativo,SP,2001–2024,incidencia_periodo_100mil_pessoa_ano
3555505,Ubirajara,Ubirajara,355550,UBIRAJARA,SP,UBIRAJARA,7,111102,4629.25,5.955455154818568,0.0,40.941658137154555,5,19,6.3005166423646735,2.0794415416798357,1.9879451185767276,-0.21613743509254169,0.439,Não significativo,SP,2001–2024,incidencia_periodo_100mil_pessoa_ano
3555604,Uchoa,Uchoa,355560,UCHOA,SP,UCHOA,39,233435,9726.458333333334,16.351752997733787,14.996602918933952,47.049967065023054,18,6,16.70700623299848,3.6888794541139363,2.8739603936316125,-0.3018898041871022,0.039,Cold spot,SP,2001–2024,incidencia_periodo_100mil_pessoa_ano
3555703,União Paulista,União Paulista,355570,UNIAO PAULISTA,SP,UNIAO PAULISTA,6,37311,1554.625,15.628259278616904,0.0,125.07817385866166,5,19,16.08104848436118,1.9459101490553132,2.8379695731485395,-0.2960436374268018,0.103,Não significativo,SP,2001–2024,incidencia_periodo_100mil_pessoa_ano
3555802,Urânia,Urânia,355580,URANIA,SP,URANIA,46,212197,8841.541666666666,21.675937173794722,16.98241860620659,56.59950192438306,18,6,21.67796905705547,3.8501476017100584,3.1213939271010354,-0.27716009697081057,0.066,Não significativo,SP,2001–2024,incidencia_periodo_100mil_pessoa_ano
3555901,Uru,Uru,355590,URU,SP,URU,6,31889,1328.7083333333333,18.81318195727118,0.0,78.55459544383346,6,18,18.815265452036755,1.9459101490553132,2.98645262307231,2.715988508275393,0.001,Hot spot,SP,2001–2024,incidencia_periodo_100mil_pessoa_ano
3556008,Urupês,Urupês,355600,URUPES,SP,URUPES,19,310235,12926.458333333334,6.055004618896866,7.418595245004094,22.256843979523705,13,11,6.124389575644269,2.995732273553991,1.9635240488907355,-0.3731051887869684,0.003,Cold spot,SP,2001–2024,incidencia_periodo_100mil_pessoa_ano
3556107,Valentim Gentil,Valentim Gentil,355610,VALENTIM GENTIL,SP,VALENTIM GENTIL,24,279359,11639.958333333334,8.241849657630121,3.619778469557663,39.05487209529389,12,12,8.591096044874158,3.2188758248682006,2.2608351727582487,-0.21021467468388705,0.438,Não significativo,SP,2001–2024,incidencia_periodo_100mil_pessoa_ano
3556206,Valinhos,Valinhos,355620,VALINHOS,SP,VALINHOS,368,2621381,109224.20833333333,14.272439670739479,14.404785034871434,23.503419747573272,24,0,14.038401895794621,5.910796644040527,2.7106070559474773,-0.1851695799839287,0.472,Não significativo,SP,2001–2024,incidencia_periodo_100mil_pessoa_ano
3556305,Valparaíso,Valparaíso,355630,VALPARAISO,SP,VALPARAISO,824,537928,22413.666666666668,149.22255608673677,158.96899193101427,403.6884375132792,24,0,153.1803512737764,6.715383386334681,5.038123029364079,1.6148804394067524,0.01,Hot spot,SP,2001–2024,incidencia_periodo_100mil_pessoa_ano
3556354,Vargem,Vargem,355635,VARGEM,SP,VARGEM,14,217337,9055.708333333334,6.4928393908547095,0.0,28.015128169211373,9,15,6.441609113956667,2.70805020110221,2.0070871042177383,-0.2515296432527663,0.362,Não significativo,SP,2001–2024,incidencia_periodo_100mil_pessoa_ano
3556404,Vargem Grande do Sul,Vargem Grande do Sul,355640,VARGEM GRANDE DO SUL,SP,VARGEM GRANDE DO SUL,171,937839,39076.625,18.315559211940457,16.019320881364358,41.71881518564873,24,0,18.233406800101083,5.147494476813453,2.95664870460127,-0.1596638221389526,0.476,Não significativo,SP,2001–2024,incidencia_periodo_100mil_pessoa_ano
3556453,Vargem Grande Paulista,Vargem Grande Paulista,355645,VARGEM GRANDE PAULISTA,SP,VARGEM GRANDE PAULISTA,338,1047590,43649.583333333336,32.923455995357294,27.729783450182477,71.44558228149559,24,0,32.26453097108602,5.82600010738045,3.504491693322496,0.049353738359816685,0.234,Não significativo,SP,2001–2024,incidencia_periodo_100mil_pessoa_ano
3556503,Várzea Paulista,Várzea Paulista,355650,VARZEA PAULISTA,SP,VARZEA PAULISTA,650,2582962,107623.41666666667,24.954719609247935,23.55134832398075,40.796205952846385,24,0,25.164907575101765,6.478509642208569,3.2644191074312237,-0.05879109941653902,0.247,Não significativo,SP,2001–2024,incidencia_periodo_100mil_pessoa_ano
3556602,Vera Cruz,Vera Cruz,355660,VERA CRUZ,SP,VERA CRUZ,55,254974,10623.916666666666,21.658670764356174,19.33218516852992,56.77517032551098,21,3,21.570826829402215,4.02535169073515,3.11665822415942,0.7166426709336966,0.037,Hot spot,SP,2001–2024,incidencia_periodo_100mil_pessoa_ano
3556701,Vinhedo,Vinhedo,355670,VINHEDO,SP,VINHEDO,311,1560411,65017.125,19.090040458694812,16.851797489148453,42.41926655719759,24,0,19.930646477114042,5.7430031878094825,3.0412144235639853,-0.24424663415733772,0.241,Não significativo,SP,2001–2024,incidencia_periodo_100mil_pessoa_ano
3556800,Viradouro,Viradouro,355680,VIRADOURO,SP,VIRADOURO,60,410424,17101.0,14.49785372269052,14.833362497405977,34.55226029369422,19,5,14.619028127010116,4.110873864173311,2.748489922694126,-0.22252120720905139,0.376,Não significativo,SP,2001–2024,incidencia_periodo_100mil_pessoa_ano
3556909,Vista Alegre do Alto,Vista Alegre do Alto,355690,VISTA ALEGRE DO ALTO,SP,VISTA ALEGRE DO ALTO,18,165543,6897.625,11.312115819104003,0.0,40.54327995134806,11,13,10.873307841467172,2.9444389791664403,2.4742928422063035,-0.34305101089076406,0.036,Cold spot,SP,2001–2024,incidencia_periodo_100mil_pessoa_ano
3556958,Vitória Brasil,Vitória Brasil,355695,VITORIA BRASIL,SP,VITORIA BRASIL,13,41938,1747.4166666666667,31.057377532433307,0.0,116.41443538998836,11,13,30.998140111593305,2.6390573296152584,3.465677779597897,-0.23762674869765527,0.143,Não significativo,SP,2001–2024,incidencia_periodo_100mil_pessoa_ano
3557006,Votorantim,Votorantim,355700,VOTORANTIM,SP,VOTORANTIM,931,2718865,113286.04166666667,34.129037935055685,35.35727280768787,48.32659573652033,24,0,34.24222975395983,6.837332814685591,3.562245072447683,-0.08928402103005113,0.416,Não significativo,SP,2001–2024,incidencia_periodo_100mil_pessoa_ano
3557105,Votuporanga,Votuporanga,355710,VOTUPORANGA,SP,VOTUPORANGA,556,2096250,87343.75,26.762485711451575,26.345326429974264,40.894568690095845,24,0,26.52355396541443,6.322565239927284,3.315042145912255,-0.24538560983797525,0.096,Não significativo,SP,2001–2024,incidencia_periodo_100mil_pessoa_ano
3557154,Zacarias,Zacarias,355715,ZACARIAS,SP,ZACARIAS,6,57323,2388.4583333333335,10.04327187042252,0.0,78.83326763894362,5,19,10.467002773755736,1.9459101490553132,2.439473586946409,-0.26382951195251503,0.13,Não significativo,SP,2001–2024,incidencia_periodo_100mil_pessoa_ano
3557204,Chavantes,Chavantes,355720,CHAVANTES,SP,CHAVANTES,67,292219,12175.791666666666,22.940559077526416,16.48805333832243,57.67012687427913,22,2,22.928009472347796,4.219507705176107,3.175049717196333,-0.16195442914849043,0.5,Não significativo,SP,2001–2024,incidencia_periodo_100mil_pessoa_ano
3557303,Estiva Gerbi,Estiva Gerbi,355730,ESTIVA GERBI,SP,ESTIVA GERBI,14,246479,10269.958333333334,5.500340558820986,0.0,27.35229759299781,10,14,5.679997078858645,2.70805020110221,1.8991175502518487,-0.2429510715321939,0.408,Não significativo,SP,2001–2024,incidencia_periodo_100mil_pessoa_ano
