estado,cod_mun6,municipio,casos_acumulados,pop_pessoa_ano,pop_media,incidencia_media_anual,incidencia_mediana_anual,incidencia_max_anual,anos_com_casos,anos_zero,incidencia_periodo_100mil_pessoa_ano,log_casos_acumulados_mais1,log_inc_periodo_mais1,inc_raw,inc_eb_global,inc_eb_spatial,reducao_%
SP,350470,BALBINOS,657,77768,3240.333333333333,736.0132473665127,799.1784443730955,1942.7671304804408,20,4,844.8204917189589,6.489204931325317,6.740307152362496,844.8204917189589,796.8666933892332,841.1196164118326,-0.43806647014399114
SP,350720,BORA,142,20160,840.0,739.0165759377086,0.0,17000.0,5,19,704.3650793650794,4.962844630259907,6.558715511848851,704.3650793650794,574.343952974614,683.3868061969051,-2.978323852608403
SP,352650,LAVINIA,1240,200648,8360.333333333334,575.9487666179703,609.7042613738697,1473.2766964189698,24,0,617.9976874925242,7.123672785204607,6.428101536801243,617.9976874925242,604.1931197534246,616.4199395774556,-0.25529997069571086
SP,354085,PRACINHA,277,58982,2457.583333333333,436.4186514329622,412.5037429020124,1252.7634487840826,20,4,469.6348038384592,5.627621113690637,6.154082429866447,469.63480383845916,436.80519590134907,461.0142124661863,-1.8355946581927771
SP,350140,ALVARO DE CARVALHO,410,110580,4607.5,363.0851084639551,422.70071460730446,723.0965546575925,22,2,370.7722915536263,6.018593214496234,5.918281547372032,370.7722915536263,356.8612970529561,365.845913137619,-1.3286803054685083
SP,351610,FLORINEA,247,77789,3241.208333333333,281.6108239709692,47.27177904107877,1175.5057408419902,17,7,317.5256141613853,5.513428746164983,5.763702893007443,317.5256141613853,301.30679343953454,315.0538549294691,-0.7784440440952677
SP,352870,MARABA PAULISTA,342,108275,4511.458333333333,305.5460778430839,279.0096113418477,749.3042175123101,20,4,315.86238743939043,5.83773044716594,5.758467570600675,315.86238743939043,304.08249931735156,312.48425781959975,-1.0694941069673578
SP,353490,PACAEMBU,1025,328554,13689.75,304.2440749980116,329.2802786451714,804.8005647723261,23,1,311.9730698758804,6.933423025730715,5.746117148103402,311.97306987588036,308.0311619116928,311.79566688876054,-0.05686484002942944
SP,350970,CAMPOS DO JORDAO,3458,1119379,46640.79166666666,323.5390662759084,24.118128259896192,1768.5257679731037,24,0,308.92128582008417,8.148734808937169,5.7363183485274805,308.92128582008417,307.7654605121304,308.77388303999453,-0.04771532000403577
SP,354075,POTIM,1155,446742,18614.25,246.44340589452585,271.5653849527629,455.6607080266386,23,1,258.5384853002404,7.052721049232323,5.558904997198352,258.5384853002404,256.21696096721826,257.82329536265917,-0.27662803731160795
SP,352160,IRAPURU,435,179470,7477.916666666667,243.78560597574176,229.1000291473789,578.4146181148942,21,3,242.38034211845988,6.077642243349034,5.4946254136043535,242.38034211845988,237.1310810887106,241.67133919464231,-0.2925166775575594
SP,354250,REGINOPOLIS,393,166300,6929.166666666667,224.59910408195253,247.45588568517547,420.16806722689074,23,1,236.3199037883344,5.976350909297934,5.469409035981353,236.31990378833436,230.84320742496425,231.70766115976218,-1.951694527052297
SP,353010,MIRANDOPOLIS,1412,657924,27413.5,212.90931952063707,238.46687558141923,377.2763549299862,24,0,214.61445394908836,7.253470382684528,5.3734918773679095,214.61445394908833,213.36244054175842,214.49670826687137,-0.0548638174411567
SP,351700,GETULINA,502,252198,10508.25,198.6037691195327,199.0776469079196,401.8754186202277,23,1,199.04995281485185,6.220590170099739,5.298567099436442,199.04995281485182,196.12410910257054,196.11555933151786,-1.4741995372706351
SP,355140,SERRA AZUL,505,264653,11027.208333333334,174.8563903769244,206.1934005687237,400.7346802471197,19,5,190.8158985539556,6.226536669287466,5.25653605032768,190.81589855395558,188.17727025531664,190.09021089835136,-0.38030775271014505
SP,354120,PRESIDENTE BERNARDES,626,338704,14112.666666666666,184.86583635627835,182.4850131333848,624.1577416838073,23,1,184.82214559024987,6.440946540632921,5.22479000975209,184.82214559024987,182.83888419564394,184.30261025267282,-0.2811001549180486
SP,353890,PIRAJUI,905,531038,22126.58333333333,168.14675426818812,168.87300378954072,346.3280348104076,24,0,170.4209491599471,6.80903930604298,5.144122222498617,170.4209491599471,169.28310593550566,170.35434488348884,-0.03908221189153999
SP,351600,FLORIDA PAULISTA,510,301557,12564.875,165.8038023988317,157.61662238737176,442.37485448195577,23,1,169.12225549398622,6.236369590203704,5.13651732855046,169.12225549398622,167.15369024473102,168.93443985087424,-0.11105318017630941
SP,355510,TUPI PAULISTA,589,351810,14658.75,162.69613337042514,129.6437657433106,527.2523561589666,24,0,167.4199141582104,6.380122536899765,5.126460349912905,167.4199141582104,165.75237535358465,166.59131999559241,-0.49491971536609464
SP,352360,ITIRAPINA,607,365764,15240.166666666666,161.76582720076382,164.2158434145885,345.57788301548703,24,0,165.95400312769982,6.410174881966167,5.117718344105788,165.95400312769982,164.36891566078887,164.17954977580058,-1.0692440787546518
SP,351850,GUAREI,541,332800,13866.666666666666,154.08732995326284,152.55824542885455,344.0134907251265,23,1,162.56009615384616,6.295266001439646,5.097180483377451,162.56009615384616,160.87035173749962,160.78368378523302,-1.0927727103039777
SP,353110,MONGAGUA,1845,1190509,49604.54166666666,147.59496885944307,151.87284592348198,284.72716540217715,24,0,154.97572886891237,7.520776415062797,5.049700410971425,154.97572886891237,154.52989031509452,154.20788877709555,-0.4954582871917362
SP,354420,RIOLANDIA,374,242330,10097.083333333334,150.29710552244168,154.33615490514575,422.3054035895959,22,2,154.3349977303677,5.926926025970411,5.045584060402498,154.3349977303677,152.19272492738432,153.7025550513264,-0.40978565350821483
SP,355630,VALPARAISO,824,537928,22413.666666666668,149.22255608673677,158.96899193101427,403.6884375132792,24,0,153.1803512737764,6.715383386334681,5.038123029364079,153.1803512737764,152.21507661272426,153.07984020087451,-0.06561616556307122
SP,350910,CAIUA,177,120768,5032.0,140.4123543519221,116.31079247276242,416.28959276018105,21,3,146.56200317965025,5.181783550292085,4.994248447993137,146.56200317965025,142.65656501718752,145.58891238173538,-0.6639447993366231
SP,355100,SAO VICENTE,10862,7837649,326568.7083333333,138.1110750308247,119.83272934441048,194.5830966509953,24,0,138.58747693345288,9.293117798433752,4.938691479523954,138.58747693345288,138.52992096736943,138.3943888432205,-0.13932578505999973
SP,355480,TREMEMBE,1374,1042280,43428.333333333336,125.65097947001262,132.87318981169227,250.7984823476453,24,0,131.82638062708676,7.226209010100671,4.889042866614526,131.82638062708676,131.42750775813815,131.39308689786324,-0.3286851441740117
SP,352600,JUNQUEIROPOLIS,583,456673,19028.041666666668,125.136749487607,112.03681683913985,350.0405844155844,24,0,127.6624630753296,6.369900982828227,4.857192409864039,127.6624630753296,126.80253202898217,127.48622759104474,-0.13804800568579698
SP,351870,GUARUJA,8431,6843767,285156.9583333333,123.008019397813,114.95087704175096,193.3003083105276,24,0,123.19238805178496,9.039789270781144,4.821831879793384,123.19238805178495,123.13767282871112,123.0213288226657,-0.13885535610150282
SP,351925,IARAS,182,149965,6248.541666666667,117.32213586225188,97.42219418369324,345.2662184263129,22,2,121.36165105191212,5.209486152841421,4.806981012587484,121.36165105191212,119.00200184866405,117.49353054355748,-3.18726753865606
SP,350440,AVANHANDAVA,306,259629,10817.875,115.61297877979756,106.44906767870349,247.83147459727385,23,1,117.86048553898064,5.726847747587197,4.777950414895514,117.86048553898063,116.54465219062429,116.50263526693749,-1.152082706798326
SP,352920,MARTINOPOLIS,667,578939,24122.45833333333,113.83364347440248,95.65765400244976,304.16092140481794,24,0,115.21075622820364,6.504288173536645,4.7554054066415725,115.21075622820365,114.63706928276102,115.103151547124,-0.09339812062904257
SP,353760,PERUIBE,1686,1471131,61297.125,113.46519591830295,107.10609696953672,168.24672284644194,24,0,114.60570132775396,7.430707082545968,4.750185274466352,114.60570132775395,114.38080383008814,114.29208798644154,-0.2736454972824784
SP,351350,CUBATAO,3081,2752137,114672.375,112.10580033454931,108.51780840991093,160.75493995585757,24,0,111.949368799591,8.033334015880062,4.726939654581364,111.94936879959101,111.8337601813316,111.89093808155246,-0.052193878951789396
SP,354850,SANTOS,11055,10068890,419537.0833333333,109.79562951704746,108.21607963464396,131.7343508676297,24,0,109.7936316714156,9.310728546007452,4.707669296771631,109.79363167141561,109.76305632991706,109.7808785907362,-0.011615501268401125
SP,350170,AMERICO BRASILIENSE,839,787240,32801.666666666664,110.95845860924024,57.784648295270415,329.8216401421755,24,0,106.57486916315229,6.733401891837359,4.678187062485507,106.57486916315227,106.2063042860707,105.91125404722942,-0.6226750463159785
SP,354100,PRAIA GRANDE,6782,6709220,279550.8333333333,99.18243267605592,97.89918174438355,135.47263360642896,24,0,101.08477587558612,8.82217476094608,4.625803604117135,101.08477587558613,101.04535992983261,101.1892820348034,0.10338466728747628
SP,353620,PARIQUERA-ACU,449,446260,18594.166666666668,101.23741201007256,91.27190131964338,204.16045908514045,24,0,100.61399184332004,6.1092475827643655,4.62118124065585,100.61399184332005,100.0326990141086,99.32283704525938,-1.28327559060703
SP,352210,ITANHAEM,2097,2236244,93176.83333333331,92.17931911527369,94.09721554548044,130.9793735003412,24,0,93.7733091737753,7.648739788956242,4.551487820818833,93.7733091737753,93.67147225137188,93.37919975076511,-0.42027889010491415
SP,352740,LUCELIA,421,472000,19666.666666666668,88.38432411893426,63.09156957105121,315.45741324921136,24,0,89.19491525423729,6.045005314036012,4.501973053575379,89.19491525423729,88.76420210321004,89.16047237924356,-0.038615289779192985
SP,352100,IPERO,620,700663,29194.291666666668,84.71720585432472,77.8725739802164,167.64714847441095,24,0,88.48761815594659,6.431331081933479,4.494100271084014,88.48761815594659,88.20146847677837,86.98800861629081,-1.69471115949006
SP,351030,CAPELA DO ALTO,394,450451,18768.791666666668,80.45786167920626,56.3437657850081,214.4607843137255,23,1,87.46789328917019,5.978885764901122,4.4826396984975165,87.46789328917019,87.03568312497282,86.55824329887176,-1.0399815933500498
SP,350635,BERTIOGA,1018,1197315,49888.125,83.48773913353631,76.10450617769916,176.45387525608243,24,0,85.02357357921683,6.926577033222725,4.454621370078088,85.02357357921683,84.86997538144004,85.02462798706878,0.0012401358912191467
SP,351640,FRANCO DA ROCHA,2670,3167730,131988.75,82.68744436491573,77.11249614525047,138.67333448295685,24,0,84.28748662291294,7.890208213109961,4.446027745294547,84.28748662291294,84.23043603468717,84.09962420845973,-0.22288292364638834
SP,353320,NOVA INDEPENDENCIA,67,81538,3397.4166666666665,64.0174163402794,0.0,291.8069584736251,11,13,82.170276435527,4.219507705176107,4.420890029615928,82.170276435527,80.20001122686693,80.79004227609177,-1.6797243715228358
SP,351140,CERQUEIRA CESAR,364,443314,18471.416666666668,76.78007863533453,50.13139011712817,309.15817748720286,24,0,82.10884384431802,5.899897353582492,4.420151120318108,82.10884384431802,81.72927896295027,81.39446205867185,-0.8700424365987509
SP,351050,CARAGUATATUBA,2089,2605846,108576.91666666669,78.95238145317961,80.46427027148653,108.44603215105894,24,0,80.16590389455094,7.644919344958857,4.3964952562073085,80.16590389455094,80.1044361135413,80.07480755927892,-0.11363476346732135
SP,350990,CANANEIA,212,294582,12274.25,71.96077531215498,65.28768901481286,130.3674733154078,24,0,71.96637948007685,5.3612921657094255,4.289998779992891,71.96637948007685,71.56695437636603,71.6510220791119,-0.43820100892008806
SP,355070,SAO SEBASTIAO,1271,1767795,73658.125,71.46101308927086,69.34082877962538,119.0206976993299,24,0,71.8974768001946,7.148345743900068,4.289054026621297,71.8974768001946,71.83017592569398,71.93951204675894,0.058465537923057156
SP,350630,BERNARDINO DE CAMPOS,189,265726,11071.916666666666,69.83512719266608,37.21804538617268,248.82253621256555,23,1,71.1258966002574,5.247024072160486,4.278413155950406,71.1258966002574,70.69935474710358,69.35853993710015,-2.4848286596514586
SP,351080,CASA BRANCA,476,671664,27986.0,70.66620423018723,74.50640359651527,116.8100244239142,24,0,70.86876771719193,6.1675164908883415,4.274841785336306,70.86876771719193,70.70001289676539,70.23309659374357,-0.8969693476046641
SP,355030,SAO PAULO,184832,268693391,11195557.958333334,68.74376632203453,67.09697137252837,81.86235254814856,24,0,68.78918730085178,12.127207993676311,4.245479088038658,68.78918730085178,68.78880087632389,68.78857942711707,-0.0008836762848347203
SP,351440,DRACENA,683,1046137,43589.04166666666,64.92628138129719,66.1171235790914,136.39514343849922,24,0,65.28781603174345,6.52795791762255,4.194006110043714,65.28781603174345,65.20562088598948,65.31278947898241,0.03825131357866381
SP,352030,IGUAPE,448,689234,28718.08333333333,64.75472177802864,62.11747647805399,118.66015730946567,24,0,64.99969531392821,6.107022887742255,4.189650125560137,64.99969531392821,64.8773093519787,65.16982807439518,0.2617439353296688
SP,354540,SALTO GRANDE,137,212988,8874.5,64.38510215613964,67.06023494328778,104.8951048951049,24,0,64.32287265010235,4.927253685157205,4.1793422452446,64.32287265010235,63.94854263593416,59.80192200233011,-7.028527274216898
SP,354260,REGISTRO,865,1350410,56267.083333333336,62.79518659098272,54.35488099891499,131.21233719950754,24,0,64.0546204486045,6.763884908562435,4.17522723162291,64.0546204486045,63.99540793878978,63.99407491809023,-0.09452172238355278
SP,350490,BANANAL,151,241081,10045.041666666666,62.86776552192537,51.08329197559455,150.52684395383844,21,3,62.63455021341375,5.0238805208462765,4.153156565192641,62.634550213413746,62.33712406904706,61.992178646699095,-1.025586620365131
SP,355540,UBATUBA,1187,1959485,81645.20833333333,59.50905670909008,53.61416058762188,117.22825093298631,24,0,60.57714144277706,7.080026499922591,4.120290721197679,60.57714144277706,60.54510216976736,60.585342662881935,0.013538473274807441
SP,352250,ITAPEVI,2902,4917064,204877.66666666663,58.92340233842075,59.95674796751843,81.79184406169688,24,0,59.01895928139231,7.97349996402463,4.094660500331605,59.01895928139231,59.00774826831034,58.9114815059512,-0.18210720207497377
SP,350600,BAURU,4808,8441824,351742.6666666667,56.40042008056636,57.04821550103124,77.74814142216673,24,0,56.95451599085696,8.478244441277663,4.059658495841025,56.954515990856954,56.94920022110038,56.94952555519383,-0.008762142169596598
SP,352042,ILHA COMPRIDA,137,242012,10083.833333333334,55.78625422111256,51.760470068043375,143.31780723754926,24,0,56.6087632018247,4.927253685157205,4.053674695050462,56.6087632018247,56.43394098097167,62.79483848370771,10.927769716197593
SP,355380,TAQUARITUBA,306,551679,22986.625,54.175580985822585,26.95423017329138,225.8201959948871,24,0,55.46703789703796,5.726847747587197,4.033657067855942,55.467037897037955,55.399681675041506,54.94927171919617,-0.9334664288417597
SP,351060,CARAPICUIBA,4803,8920408,371683.6666666667,53.49248891467875,49.83538138697822,80.98176382356162,24,0,53.84282871366421,8.477204183199873,4.004471434575815,53.84282871366421,53.83953398698834,53.77336402177656,-0.12901382328381308
SP,351340,CRUZEIRO,962,1817441,75726.70833333333,52.90674852089106,52.67939199305877,81.77676241903453,24,0,52.931566966960695,6.870053411798126,3.98771596449834,52.931566966960695,52.91792076784202,52.82465416694998,-0.20198306254081833
SP,352220,ITAPECERICA DA SERRA,1897,3614558,150606.58333333334,52.1805133883837,54.88241880790722,70.27496677910662,24,0,52.48221220962563,7.5485559791698735,3.979349116554473,52.48221220962563,52.47595959731758,53.12519251680501,1.2251394903308803
SP,352990,MIRACATU,249,484792,20199.666666666668,51.12547753936388,50.296782999506846,75.77910391209623,24,0,51.36223370022608,5.521460917862246,3.958185600563894,51.36223370022608,51.32741201832627,50.972333714780675,-0.7591180471648511
SP,350250,APARECIDA,416,819785,34157.708333333336,50.74425481788754,49.28753515038092,80.148847860312,24,0,50.745012411790896,6.0330862217988015,3.946328048984653,50.745012411790896,50.728060624256216,50.753999347821335,0.017709988831042103
SP,352330,ITARIRI,180,363580,15149.166666666666,49.49845971392478,47.36494854261974,83.95221181788828,24,0,49.50767368942186,5.198497031265826,3.9221252789834153,49.507673689421864,49.48645610330045,50.5860025800501,2.1781045447478538
SP,353460,OSVALDO CRUZ,365,740506,30854.416666666668,49.01723887641058,47.60097939663807,115.77796359426256,23,1,49.2906201975406,5.902633333401366,3.9178185825305896,49.2906201975406,49.28158027466204,48.91042521716391,-0.7713333264077212
SP,353720,PEDRO DE TOLEDO,120,249665,10402.708333333334,47.58429134840923,54.77844037961889,87.65010079761592,22,2,48.06440630444796,4.795790545596741,3.8931338494007584,48.06440630444796,48.06191955450653,49.52887592248828,3.046890059900316
SP,353440,OSASCO,7886,16500703,687529.2916666666,47.81415898786989,47.32302519748268,67.2789046994315,24,0,47.79190316921649,8.97297111339799,3.8875643804294806,47.79190316921649,47.79194701374025,47.905139835820975,0.23693692675001787
SP,351570,FERRAZ DE VASCONCELOS,1921,4020599,167524.95833333334,47.88477950284844,47.4608045830833,75.97786971867467,24,0,47.77895035043286,7.561121589530238,3.887298874524952,47.77895035043286,47.77914614389519,48.18683275825404,0.8536864138487473
SP,350570,BARUERI,2964,6271829,261326.2083333333,47.79116054483266,45.18004130561877,75.24134014764338,24,0,47.25894153045308,7.994632311431825,3.8765811273093056,47.25894153045308,47.259479630308284,47.574009476899015,0.6666843061707379
SP,355180,SETE BARRAS,145,313210,13050.416666666666,46.12773600837571,44.6927787134751,103.72675409350228,24,0,46.29481817311069,4.983606621708336,3.856400737131064,46.29481817311069,46.32052101014558,46.055417231174815,-0.5171225449912824
SP,351500,EMBU DAS ARTES,2631,5716443,238185.125,45.731443880841205,45.24038237090866,74.03893985492995,24,0,46.02512436492413,7.875499292445208,3.850682019839081,46.02512436492413,46.026788514716834,46.54765297861488,1.1353116822623213
SP,351380,DIADEMA,4227,9210565,383773.5416666667,45.76363493618851,44.1673572482898,68.98454746136866,24,0,45.89295010675241,8.349484346990128,3.847867346600165,45.89295010675241,45.89405470362857,46.04700266964916,0.33567805629929454
SP,353870,PIRACICABA,4161,9101226,379217.75,45.61708771459603,44.04201711926031,57.47585627427582,24,0,45.71911520491855,8.33375100695358,3.844153400089753,45.719115204918545,45.72032812144776,45.67606634047644,-0.09415944348256945
SP,352610,JUQUIA,203,449681,18736.70833333333,45.74876421392594,39.01073095685486,107.61823845935996,24,0,45.143112562016185,5.318119993844216,3.8317477095517543,45.143112562016185,45.173713978604944,45.97600150488844,1.844996712905109
SP,354350,RIVERSUL,66,147634,6151.416666666667,44.92239548906199,35.578262747891216,125.86532410320956,22,2,44.70514922036929,4.204692619390966,3.822210965959205,44.70514922036929,44.810605700684306,39.585519046402354,-11.451992137930835
SP,350950,CAMPINAS,11590,25982596,1082608.1666666667,44.888907830374016,42.98917977318444,66.22874735824854,24,0,44.60678217064993,9.357984213888743,3.82005643727336,44.60678217064993,44.60742031771283,44.596678426636124,-0.022650690146513885
SP,350210,ANDRADINA,608,1367240,56968.333333333336,44.261333297282526,45.22271647139766,62.19012904451777,24,0,44.469149527515285,6.411818267709897,3.817034063626705,44.469149527515285,44.48173441850645,44.48257746012501,0.030196063456114284
SP,355280,TABOAO DA SERRA,2610,5908902,246204.25,43.91530569718456,43.06983224557885,58.74613928815157,24,0,44.170642870705926,7.867488568699128,3.810447381814647,44.170642870705926,44.17381433045964,44.56757150159782,0.898625433308186
SP,351510,EMBU-GUACU,662,1517828,63242.833333333336,43.30524928093172,44.21283036651488,62.02896752783551,24,0,43.61495505419586,6.496774990185863,3.798069117936968,43.61495505419586,43.629088598812416,50.46991513800245,15.716994492573999
SP,353910,PIRAPORA DO BOM JESUS,166,384620,16025.833333333334,42.4567396333842,39.90356246532724,111.48863877681038,24,0,43.159482086214965,5.117993812416755,3.7878076737799327,43.159482086214965,43.22054654525479,39.85603126003023,-7.65405576365767
SP,351907,HORTOLANDIA,2073,4816690,200695.41666666663,41.61431466048536,41.47941122225267,62.44993822886544,24,0,43.03785379586397,7.637234388789473,3.785049577603042,43.03785379586397,43.04291352160193,43.00470537284816,-0.07702155217367113
SP,351880,GUARULHOS,12437,29309277,1221219.875,42.142859797956,40.5680071604622,59.38913186319836,24,0,42.43366358030599,9.428511581663834,3.771234798971143,42.43366358030599,42.43459844527758,42.483097786864384,0.1164976162495149
SP,352230,ITAPETININGA,1465,3499974,145832.25,41.507810210811336,42.54267904345128,57.21576261377388,24,0,41.85745379822821,7.290292882446597,3.75787958086656,41.857453798228214,41.8660913138294,41.849102031212745,-0.019952878776928036
SP,353060,MOGI DAS CRUZES,4010,9597045,399876.875,41.82936731762292,41.78324382834559,54.23316685936327,24,0,41.78369487691264,8.296795865770052,3.7561570691839448,41.783694876912634,41.78688601338895,41.78942066728267,0.013703408439352313
SP,351660,GALIA,69,166634,6943.083333333333,44.084414913076365,15.13069994755301,388.5003885003885,14,10,41.40811599073418,4.248495242049359,3.747339758796228,41.40811599073418,41.59756239102902,38.316989909197694,-7.465024687981899
SP,350925,CAJATI,283,687079,28628.291666666668,41.22494134452936,36.42192851662935,91.18008065930212,24,0,41.18885892306416,5.648974238161206,3.7421561796236382,41.18885892306416,41.23741455703037,40.588091918243734,-1.4585667593816734
SP,354340,RIBEIRAO PRETO,6127,14878291,619928.7916666666,41.13564799961925,42.4680001265775,51.36654535951325,24,0,41.18080497282921,8.720623711420426,3.741965259098712,41.18080497282921,41.183065460009615,41.16590387633281,-0.03618456828667278
SP,354140,PRESIDENTE PRUDENTE,2081,5062902,210954.25,41.19262958210569,40.33584391581184,60.70511323838431,24,0,41.10290896406843,7.641084249174914,3.740116834834972,41.10290896406843,41.1096240624906,41.10086003679836,-0.004984871683572256
SP,352040,ILHABELA,286,699677,29153.20833333333,41.001298977500674,38.077509052522686,74.32079055300174,24,0,40.876004213372745,5.659482215759621,3.7347129710725575,40.876004213372745,40.92590255330026,40.876004213372745,0.0
SP,355220,SOROCABA,5987,14833411,618058.7916666666,40.66458326504479,41.46199034521979,49.5050409284296,24,0,40.361586421356485,8.69751274553952,3.722352585880361,40.361586421356485,40.36412865904266,40.3561472798285,-0.013476035037881038
SP,353980,POA,1000,2482339,103430.79166666669,40.40088738636046,40.417992117053146,65.09878482268331,24,0,40.284586432393,6.90875477931522,3.720489220437433,40.284586432393,40.29990659946583,41.57364365684333,3.199877021484812
SP,350110,ALTO ALEGRE,39,96987,4041.125,41.56190774887269,11.95886151638364,362.50647332988086,12,12,40.21157474713106,3.688879454113936,3.718719157363444,40.21157474713106,40.58885263385669,40.28320211042773,0.17812623292446597
SP,354060,PORTO FELIZ,491,1224336,51014.0,38.94785870092011,32.229691187994845,98.93831576544008,24,0,40.10337031664511,6.198478716492308,3.71609012097822,40.103370316645105,40.135102199564855,40.04252918076754,-0.151710779909973
SP,351630,FRANCISCO MORATO,1485,3710450,154602.08333333334,39.76264683516762,36.95635872780467,61.36511072019263,24,0,40.02209974531391,7.303843225277705,3.714110939664579,40.02209974531391,40.032707719210286,40.03708587441017,0.037444634818322636
SP,355250,SUZANO,2602,6535592,272316.3333333333,39.82981267876465,37.39904411321238,54.77372413882336,24,0,39.81276677001869,7.864419904994565,3.70899494349354,39.81276677001869,39.81895209282526,39.7643124754229,-0.12170541895691993
SP,352640,LARANJAL PAULISTA,239,601376,25057.33333333333,39.39638369383002,34.7267445225898,81.28507838203987,24,0,39.74219124141968,5.480638923341991,3.707264195346837,39.742191241419675,39.809490006942525,39.72721689994563,-0.037678701164413395
SP,352940,MAUA,3811,9788727,407863.625,38.78356768624174,38.37454683181127,51.67726955241349,24,0,38.93253944052174,8.245909264774093,3.68719151636124,38.93253944052174,38.937117749121114,39.07166214052044,0.35734298866181746
SP,353550,PARAGUACU PAULISTA,386,994130,41422.083333333336,38.67650221094144,34.34646406439715,86.26473689255248,24,0,38.82791988975285,5.958424693029782,3.6845681711185936,38.82791988975285,38.87331988020633,38.82244111963669,-0.014110387915994803
SP,354680,SANTA ISABEL,467,1204974,50207.25,38.570916217892005,41.55616716267659,65.35570805220767,24,0,38.75602295153256,6.148468295917647,3.682761350415497,38.756022951532564,38.79380751936793,38.87426438513123,0.30509176276041605
SP,352310,ITAQUAQUECETUBA,3063,7913238,329718.25,38.836498393251176,39.093095286480185,50.45572330081342,24,0,38.70729023946961,8.027476530860483,3.681534804070636,38.70729023946961,38.71309460543119,38.88785769719784,0.4664947006393817
SP,352180,ITAI,222,573538,23897.416666666668,37.9850158603526,34.44728346397378,109.58046336881652,23,1,38.70711269349197,5.407171771460119,3.6815303326908593,38.70711269349197,38.786559068931545,38.58996378834889,-0.3026547241349246
SP,354980,SAO JOSE DO RIO PRETO,3920,10202244,425093.5,38.2883995301981,39.08636402168324,51.01554305330409,24,0,38.42291950672813,8.27410200229233,3.674347360542988,38.42291950672813,38.42756094985282,38.40382192319369,-0.049703624242022494
SP,352510,JARDINOPOLIS,359,937265,39052.708333333336,35.40625196119913,17.515965172239504,95.51098376313276,24,0,38.30293460227364,5.886104031450156,3.671299187900993,38.30293460227364,38.35384889243987,38.21483979953131,-0.22999491724870758
SP,352620,JUQUITIBA,255,668792,27866.33333333333,38.22698506283596,36.03134666229647,74.98125468632841,24,0,38.12844651251809,5.545177444479562,3.6668497347574607,38.12844651251809,38.20093780753172,46.149678505384536,21.037395243031913
SP,355410,TAUBATE,2596,6814135,283922.2916666667,38.03281746343979,38.0555938800436,48.62767760554497,24,0,38.09727867146747,7.862112211662748,3.6660528653739775,38.09727867146747,38.104464027549845,38.0982791352934,0.0026260768769320536
SP,350275,ARACARIGUAMA,159,418881,17453.375,36.35897500600331,31.390060021658982,76.68711656441718,24,0,37.95827454575405,5.075173815233827,3.6624911899536094,37.958274545754044,38.07550636139701,38.01556623131853,0.1509333241568401
SP,350400,ASSIS,868,2305068,96044.5,37.5551996135093,36.524442852064126,57.74783445620789,24,0,37.65615591383855,6.767343125265392,3.654706035671314,37.65615591383855,37.67831750289515,37.56385394146825,-0.24511788346505098
SP,351980,ICEM,67,179171,7465.458333333333,36.55631217553236,20.84387928478957,168.87503247596777,16,8,37.39444441343744,4.219507705176107,3.647912772393593,37.39444441343744,37.67952382321319,34.32789582417421,-8.200545929654952
SP,352000,IGARACU DO TIETE,207,555608,23150.33333333333,37.2736207558328,36.64049789181567,68.28851899274434,24,0,37.256482988005935,5.337538079701318,3.6443130357932656,37.256482988005935,37.35135575021343,36.042848829511605,-3.2575113407377656
SP,355500,TUPA,560,1528847,63701.958333333336,36.679288644838174,38.5064449546804,67.78805984266864,24,0,36.62891054500548,6.329720905522696,3.627772652419174,36.62891054500548,36.66562229844301,36.49119622550259,-0.3759716504089928
SP,352900,MARILIA,1939,5302113,220921.375,36.18900635702092,36.02720757511855,58.16361601438228,24,0,36.57032583047551,7.570443252057374,3.626214532172053,36.57032583047551,36.5809910262006,36.57243306595407,0.005762145758093237
SP,354150,PRESIDENTE VENCESLAU,323,885124,36880.16666666666,36.55996373894924,37.86824477874257,68.86103842445945,24,0,36.492062129148,5.780743515792329,3.624129234013668,36.492062129148,36.55608939515879,36.53924915718417,0.129307650165594
SP,351480,ELDORADO,122,335685,13986.875,36.81759306243697,31.93144904209808,99.47203305532176,24,0,36.34359593070885,4.812184355372417,3.620161435852506,36.343595930708844,36.51305937545121,36.521269714520884,0.4888723288438078
SP,355120,SARUTAIA,32,88244,3676.8333333333335,36.105623456408175,27.281420411191405,162.9106706489275,18,6,36.26308870858075,3.49650756146648,3.618003257834926,36.26308870858075,36.88665548066736,26.80533443685745,-26.080939623560973
SP,352590,JUNDIAI,3370,9301330,387555.4166666667,36.86471546999534,36.209102229721694,54.60796666168382,24,0,36.2313776631944,8.12296471523406,3.617151891314801,36.2313776631944,36.23764104418207,36.23179333165059,0.0011472609737781653
SP,350450,AVARE,732,2048631,85359.625,35.96405960757843,35.497704051988975,52.69672422456158,24,0,35.73117852849049,6.597145701886651,3.603625945581197,35.73117852849049,35.76077503122583,35.7276597710203,-0.009847862889223388
SP,352720,LORENA,706,1983615,82650.625,35.51742345932909,36.18091618667616,49.44584474004752,24,0,35.59158405234887,6.561030665896573,3.5998182700412684,35.59158405234887,35.62249774298989,35.420239481393544,-0.4814187834497888
SP,351230,CONCHAS,133,375757,15656.541666666666,35.473021706804964,29.3112068644351,82.69720101781171,24,0,35.39521552492701,4.897839799950911,3.594437324380604,35.39521552492701,35.55924658132141,36.92010586442838,4.308182100000119
SP,352710,LINS,602,1720562,71690.08333333333,34.93565182354784,36.12213510236271,51.79751371934147,24,0,34.98856768892954,6.401917196727186,3.5832013238255214,34.98856768892954,35.02593421801753,34.99820193934074,0.027535423847156276
SP,352965,MESOPOLIS,16,46073,1919.7083333333333,34.710691465376264,0.0,158.144438587243,10,14,34.72749766674625,2.833213344056216,3.5759206350668693,34.72749766674625,36.01592674562791,27.597802212257196,-20.530403667167143
SP,351220,CONCHAL,215,619283,25803.45833333333,34.92170124948794,29.250809844009183,64.09999599375026,24,0,34.71756854297632,5.375278407684165,3.5756426837859587,34.717568542976316,34.82301606001043,33.210256880268204,-4.341639481008687
SP,355475,TRABIJU,13,37519,1563.2916666666667,34.40422353921036,0.0,178.359096313912,11,13,34.64911111703403,2.6390573296152584,3.573724212945924,34.64911111703403,36.206056827449586,28.496896684934086,-17.755764098304454
SP,355700,VOTORANTIM,931,2718865,113286.04166666669,34.129037935055685,35.35727280768787,48.32659573652033,24,0,34.24222975395983,6.837332814685591,3.562245072447683,34.24222975395983,34.26726564086752,34.29283665375625,0.14779090076796547
SP,354020,PONTAL,306,894233,37259.708333333336,33.88440172973758,27.933239469004512,71.07133456172677,24,0,34.21926947451056,5.726847747587197,3.561593361073008,34.21926947451056,34.295233937232744,33.845846507903524,-1.0912651624114742
SP,352670,LEME,744,2210224,92092.66666666669,33.9414467882746,31.696562137646296,52.948028568402975,24,0,33.661746501712045,6.61338421837956,3.545636672565325,33.661746501712045,33.693835816041755,33.29777056047341,-1.0812746784250291
SP,354530,SALTO DE PIRAPORA,332,986682,41111.75,34.12821287055491,31.45930779862941,63.995904262127226,24,0,33.6481257385865,5.808142489980444,3.545243632934444,33.6481257385865,33.719876216762636,33.810594407831935,0.48284611900127694
SP,352840,MAIRINQUE,364,1081818,45075.75,32.92385718631126,30.43310766687481,85.17228029423151,24,0,33.64706447849823,5.899897353582492,3.5452130028117748,33.64706447849823,33.712538930850926,33.79453269624144,0.4382795944574836
SP,354770,SANTO ANASTACIO,158,471075,19628.125,33.307972848238585,30.562488986070605,63.49206349206349,24,0,33.54030674521042,5.068904202220232,3.5421269535479576,33.54030674521042,33.690896794442345,33.6360949694953,0.28559137819620484
SP,350550,BARRETOS,910,2746571,114440.45833333331,33.11190437366101,32.7259703416063,51.34281200631912,24,0,33.13222195967263,6.814542897259958,3.5302418636320008,33.13222195967263,33.15901453072523,32.98824791336461,-0.43454389048599623
SP,350390,ARUJA,605,1827176,76132.33333333333,33.312295401973664,33.0849318083247,49.508218364248464,24,0,33.111205488688555,6.406879986069314,3.529625937016521,33.111205488688555,33.15149997436957,36.030765311886704,8.817437420680829
SP,353090,MOMBUCA,27,81619,3400.7916666666665,32.22573748508744,28.076531956534645,114.71178663607684,14,10,33.08053271909727,3.332204510175204,3.528726333267856,33.08053271909727,33.93480297694361,27.018862092890057,-18.323981290385426
SP,350750,BOTUCATU,1033,3124851,130202.125,32.79698692494668,30.5050224153733,63.15172201213416,24,0,33.05757618523251,6.941190055068375,3.528052509614617,33.05757618523251,33.081249291011446,32.979054277524824,-0.23753074716580755
SP,354780,SANTO ANDRE,5541,16764577,698524.0416666666,32.979465976518604,32.73545051332567,40.3124138780249,24,0,33.051833040583126,8.620110725422924,3.5278838649375226,33.051833040583126,33.05625303855444,33.09424867279217,0.1283306500942382
SP,351960,IBITINGA,429,1306076,54419.833333333336,33.052020060234064,30.74851960427346,55.512599377465854,24,0,32.846480602966444,6.063785208687608,3.5218350235827227,32.846480602966444,32.90379621885131,32.58076841261735,-0.8089517825696512
SP,351300,COTIA,1707,5198960,216623.3333333333,32.24695131102841,32.27560611566197,47.73452634806483,24,0,32.83348977487805,7.443078374348516,3.5214511336910634,32.83348977487805,32.84794202581927,33.2304959701768,1.2091501635092887
SP,354280,RIBEIRA,26,79374,3307.25,33.03324878874748,29.139755694733548,157.92798483891346,15,9,32.75631818983546,3.295836866004329,3.5191676054225067,32.75631818983546,33.652462871572055,25.05281678413061,-23.5176046375545
SP,351015,CANITAR,38,116632,4859.666666666667,33.39019621198941,19.68373711832953,98.015192354815,16,8,32.58110981548803,3.6635616461296463,3.5139637009986737,32.58110981548803,33.2098774630907,29.781227885451493,-8.593574454316343
SP,355645,VARGEM GRANDE PAULISTA,338,1047590,43649.583333333336,32.923455995357294,27.72978345018248,71.44558228149559,24,0,32.26453097108602,5.82600010738045,3.504491693322496,32.26453097108602,32.33867501012249,32.45268482532565,0.5831600478192127
SP,353930,PIRASSUNUNGA,545,1690301,70429.20833333333,32.437659736857555,30.30470437170943,48.945448073329175,24,0,32.24277806142219,6.302618975744905,3.5038375423500403,32.24277806142219,32.28887666938997,31.98023351245694,-0.8142739700192927
SP,352830,MAGDA,25,77555,3231.458333333333,32.064789814457214,30.96828759130107,94.33962264150944,13,11,32.23518793114564,3.258096538021482,3.503609192093043,32.23518793114564,33.1825238203879,28.28904879543613,-12.241712826798036
SP,354870,SAO BERNARDO DO CAMPO,5933,18513165,771381.875,31.97291684763607,31.552810725272828,39.73093606588294,24,0,32.047464601541655,8.688453800850768,3.497944849332079,32.047464601541655,32.05173730970523,32.08662157319211,0.12218430424156745
SP,352390,ITU,1197,3741020,155875.83333333334,32.004223756584004,31.88430804081077,42.29378135573445,24,0,31.996621242334975,7.088408778675395,3.496405169628705,31.996621242334978,32.01781072744669,32.01490020359498,0.0571277858420262
SP,352260,ITAPIRA,526,1653625,68901.04166666667,32.05442211151104,30.396119867905757,57.20823798627002,24,0,31.80890467911407,6.267200548541362,3.4906999626642845,31.80890467911407,31.857325221974065,31.20836609313293,-1.8879574510324417
SP,352690,LIMEIRA,2108,6647924,276996.8333333333,31.722124176789325,31.90356406483647,40.56822111675667,24,0,31.709147096146104,7.653969180478774,3.487654766497596,31.709147096146104,31.721293261943185,31.70617429143686,-0.009375227596727384
SP,352440,JACAREI,1659,5235646,218151.91666666663,32.01290666300014,31.210856660964662,48.29284782923649,24,0,31.686634275884963,7.414572881350589,3.4869662566066477,31.686634275884963,31.702075060755995,31.643592005870183,-0.13583730490283513
SP,350760,BRAGANCA PAULISTA,1163,3682979,153457.45833333334,32.378093183301225,30.71407065693689,63.51665375677769,24,0,31.577698379491167,7.059617628291383,3.483627955481699,31.577698379491167,31.599786972423267,31.469401579056022,-0.3429534323042389
SP,354220,RANCHARIA,218,690389,28766.20833333333,31.561738403053138,31.267370912489724,52.1231496281882,24,0,31.57640113037722,5.389071729816501,3.4835881345303275,31.57640113037722,31.693559553024954,31.624989256290228,0.15387480578419646
SP,350330,ARARAS,911,2892456,120519.0,31.666379955242423,30.382758644801847,54.21928897946211,24,0,31.495725431951254,6.815639990074331,3.4811085555147674,31.495725431951254,31.52398145214456,31.376655847112552,-0.3780499836270158
SP,351519,ESPIRITO SANTO DO TURVO,31,98586,4107.75,31.16094464496209,23.95211779462209,117.813383600377,17,7,31.44462702614976,3.4657359027997265,3.479534852434542,31.444627026149757,32.23759826322929,27.458808077768456,-12.675675704681256
SP,353650,PAULINIA,644,2061565,85898.54166666667,30.80801567117001,29.718276047155705,47.04307155070248,24,0,31.23840383398049,6.4692503167957724,3.4731584075412503,31.23840383398049,31.278640722796773,31.322865116746968,0.27037643541377393
SP,350900,CAIEIRAS,648,2081662,86735.91666666667,31.17915662388305,31.43626497544255,49.572437724625104,24,0,31.12897290722509,6.47543271670409,3.4697582058326635,31.128972907225094,31.169083404970078,34.147744499690376,9.697626714065528
SP,355695,VITORIA BRASIL,13,41938,1747.4166666666667,31.057377532433307,0.0,116.41443538998836,11,13,30.998140111593305,2.6390573296152584,3.465677779597897,30.998140111593305,32.79592902982535,20.421257772797052,-34.121022424956706
SP,354410,RIO GRANDE DA SERRA,318,1026818,42784.083333333336,31.134082383480223,29.4808797000761,72.93774410615971,24,0,30.969460995035146,5.765191102784844,3.4647811032184928,30.969460995035146,31.051347717084255,31.385350916748713,1.34290332589334
SP,353470,OURINHOS,756,2443174,101798.91666666669,30.955171701547453,32.045828783522346,43.97578524846318,24,0,30.943354832688957,6.6293632534374485,3.4639641727340518,30.943354832688954,30.977919866478796,30.925715190496685,-0.057006237001921554
SP,351840,GUARATINGUETA,831,2709857,112910.70833333331,30.747536950117624,30.82575585928297,39.14550945084442,24,0,30.665824801825337,6.723832440821209,3.4552380173735227,30.665824801825337,30.697503490592382,30.675959015986116,0.03304725774137838
SP,350850,CACAPAVA,641,2095570,87315.41666666667,30.96147944677941,29.40180202250685,49.03563255966002,24,0,30.58833634762857,6.464588303689961,3.452787949534469,30.58833634762857,30.629462877702306,30.682669145105393,0.30839466522388076
SP,353215,NANTES,19,62589,2607.875,30.4295419679552,18.49796522382538,149.92503748125935,12,12,30.356771956733613,2.995732273553991,3.4454302551308937,30.356771956733613,31.652367075920445,31.97208286828493,5.32108919174133
SP,354990,SAO JOSE DOS CAMPOS,4617,15304062,637669.25,30.29711088397349,30.01921111572372,40.89427005553589,24,0,30.168461157567187,8.43771698991444,3.4394067232171706,30.168461157567187,30.174240687694226,30.164480700563246,-0.013194100233191253
SP,350775,BREJO ALEGRE,18,60528,2522.0,30.10559360544209,0.0,171.45306472353192,11,13,29.73830293417922,2.9444389791664403,3.425509529500576,29.73830293417922,31.12167230165377,23.866329881935783,-19.745488050343933
SP,353330,NOVA LUZITANIA,22,74094,3087.25,30.20990369299517,29.77268875654219,136.00816048962938,14,10,29.69201284854374,3.1354942159291497,3.42400245294376,29.69201284854374,30.840963655200724,25.134338263470962,-15.349833668471929
SP,352240,ITAPEVA,622,2104479,87686.625,29.606967836187422,30.955024371286683,46.11923509561305,24,0,29.556008874405496,6.434546518787453,3.419561356109936,29.556008874405496,29.599398566532944,29.445531215245172,-0.3737908579936649
SP,350920,CAJAMAR,504,1715511,71479.625,29.865602174921268,29.507669289710517,59.21300532917048,24,0,29.37900135877881,6.22455842927536,3.413751624961075,29.37900135877881,29.432712878035698,31.36887683045375,6.7731215481915585
SP,351730,GUAIMBE,38,130091,5420.458333333333,28.93866281523485,18.372422126904056,124.8662147698894,15,9,29.21032200536548,3.6635616461296463,3.4081836542416584,29.210322005365477,29.900703043306628,29.583326941612224,1.2769627674019906
SP,355320,TAIUVA,41,140427,5851.125,26.917100763423377,0.0,178.22664488341007,11,13,29.19666445911399,3.737669618283368,3.4077314699072443,29.19666445911399,29.83843850500994,26.090916515817444,-10.637338205690341
SP,355170,SERTAOZINHO,792,2718102,113254.25,28.63412669547947,27.201200865311733,55.52969613823628,24,0,29.13797936942764,6.675823221634848,3.4057861494588524,29.137979369427637,29.172355982664705,29.314073091122467,0.6043443145532332
SP,354470,SAGRES,17,58414,2433.9166666666665,29.023488157017624,20.26753141467369,83.19467554076539,12,12,29.102612387441365,2.8903717578961645,3.404611958269216,29.102612387441365,30.58204597560745,30.406877083385726,4.4816069381702315
SP,350960,CAMPO LIMPO PAULISTA,511,1763032,73459.66666666667,29.14766847842804,29.00435195786467,52.499737501312495,24,0,28.984159107718973,6.238324625039508,3.400669212462656,28.984159107718973,29.037538999958358,29.05974761154973,0.2607924678781787
SP,353625,PARISI,16,55560,2315.0,29.121018809716748,34.261238954007545,100.95911155981828,14,10,28.79769618430525,2.833213344056216,3.394431081271343,28.797696184305252,30.371954261845822,25.764197096199002,-10.533825583448955
SP,350350,AREIAS,25,87327,3638.625,28.6825803965713,27.273967505706597,138.54253255749515,14,10,28.62803027700482,3.258096538021482,3.388720882055638,28.62803027700482,29.669664684949236,24.07234357355303,-15.913378110093381
SP,350280,ARACATUBA,1276,4469001,186208.375,28.803337287908366,25.23592578849244,59.25560874870928,24,0,28.552242436284978,7.152268856032539,3.386159627141594,28.552242436284978,28.573817625989758,28.555751276538114,0.01228919326027205
SP,351040,CAPIVARI,326,1147420,47809.16666666666,28.31176334140484,26.260811300268813,52.7212263768351,24,0,28.41156681947325,5.7899601708972535,3.3813880262054323,28.411566819473254,28.495936406443803,28.250698456764038,-0.5662072906129106
SP,350070,AGUDOS,240,847637,35318.208333333336,28.215557990246293,28.957279751019357,56.964600569646,24,0,28.31400705726626,5.484796933490655,3.378065458352377,28.31400705726626,28.428611063389415,28.563277715172326,0.8803793027313523
SP,354730,SANTANA DE PARNAIBA,801,2829767,117906.95833333331,28.864014188726173,28.47837206821317,45.38722469065023,24,0,28.306217437690098,6.687108607866515,3.3777996927505174,28.306217437690098,28.340700962855166,30.098321988881214,6.33113398191065
SP,352500,JANDIRA,733,2611111,108796.29166666669,27.244289868307987,31.551805786491045,46.725907466308165,20,4,28.072341620099643,6.598509028614515,3.369787262413739,28.072341620099643,28.110152479375547,28.37480822201773,1.0774541219658116
SP,350670,BOA ESPERANCA DO SUL,89,317115,13213.125,28.109237475338613,23.03542582647715,68.48272713437834,23,1,28.06552827838481,4.499809670330265,3.3695528767453986,28.065528278384814,28.372738010101035,26.991500107848292,-3.8268589134796533
SP,351020,CAPAO BONITO,312,1113706,46404.41666666666,28.000028446415456,26.92416996414109,45.33287280891115,24,0,28.014574762100587,5.746203190540153,3.3677982817399164,28.014574762100587,28.10325409119162,28.130186857572326,0.41268552692131116
SP,350030,AGUAI,211,753910,31412.916666666668,27.918917412189938,25.740797954311688,57.77183167112624,24,0,27.987425554774443,5.356586274672012,3.366862134394633,27.987425554774443,28.118326653747985,27.97049466156204,-0.06049464313631966
SP,352680,LENCOIS PAULISTA,417,1490540,62105.833333333336,27.927464663375243,26.46836693058152,49.73577867578489,24,0,27.976438069424507,6.035481432524756,3.366483019380742,27.976438069424507,28.042899375607472,28.007765558419603,0.11197811857733932
SP,353180,MONTE MOR,348,1253105,52212.708333333336,28.275287248256944,27.81224329803513,45.665575766801126,24,0,27.771016794283003,5.855071922202427,3.359368519110748,27.771016794283003,27.85083422202447,27.992856033442823,0.798815689044156
SP,351990,IEPE,50,181488,7562.0,27.444602184241987,13.541963251463429,104.18023180101576,20,4,27.55003085603456,3.9318256327243257,3.351658016873224,27.55003085603456,28.09445535741457,28.014871732957033,1.6872608214181155
SP,354610,SANTA CLARA DOESTE,15,54566,2273.583333333333,26.859800000991505,38.92899158085781,78.40062720501764,14,10,27.48964556683649,2.772588722239781,3.349540707815952,27.48964556683649,29.19956820671643,17.779239693913908,-35.32386712412624
SP,350190,AMPARO,433,1576107,65671.125,27.75623171402924,26.979632156325785,65.01950585175553,24,0,27.47275407063099,6.073044534100405,3.3489476324958067,27.47275407063099,27.537204850630165,27.37086574338134,-0.37087045218583026
SP,351950,IBIRAREMA,42,153858,6410.75,27.13602873392465,16.298582824168363,92.86488159727595,18,6,27.29789806184924,3.7612001156935615,3.3427875284578947,27.29789806184924,27.944930194183197,27.496184145514114,0.7263785776312001
SP,350610,BEBEDOURO,494,1813949,75581.20833333333,27.248333633742863,29.019020943916036,39.51319740793425,24,0,27.233400718542804,6.20455776256869,3.3405056997122977,27.233400718542804,27.290079202891675,27.050868581628574,-0.6702509862822461
SP,355400,TATUI,721,2657470,110727.91666666669,27.000356768331784,27.68304635315821,42.78158058494088,24,0,27.13106827170203,6.582025138892826,3.336874598023204,27.13106827170203,27.169981186749276,27.152643278214732,0.07952140437907039
SP,354425,ROSANA,128,472962,19706.75,26.400385340548,24.64090097002176,61.4925110906136,24,0,27.063485015709507,4.859812404361672,3.3344692656689765,27.063485015709507,27.280959759957984,25.792808795769997,-4.695168486992427
SP,352280,ITAPORANGA,93,344601,14358.375,27.033133539440325,21.111406364377284,63.21112515802782,23,1,26.987733639774696,4.543294782270004,3.331766329894484,26.987733639774696,27.286141044122164,26.582421801488756,-1.501837255754549
SP,353540,PANORAMA,94,349341,14555.875,26.97733005531572,26.51119709343527,65.50218340611353,24,0,26.907806412645524,4.553876891600541,3.3289064494270724,26.907806412645524,27.20334506952149,27.009213951435807,0.3768703298780472
SP,350410,ATIBAIA,866,3244233,135176.375,26.503840540415624,28.14395367889211,35.92882311042755,24,0,26.69352047155676,6.765038976780541,3.321198467835871,26.693520471556756,26.726076799191986,26.727389666067015,0.12688170729053472
SP,350860,CACHOEIRA PAULISTA,192,722783,30115.95833333333,26.424139197507525,19.883090296960365,92.35884489871312,24,0,26.56398946848501,5.262690188904886,3.3165101914199,26.56398946848501,26.710228696041344,26.904184260702085,1.2806615234533076
SP,355710,VOTUPORANGA,556,2096250,87343.75,26.76248571145157,26.345326429974264,40.894568690095845,24,0,26.52355396541443,6.322565239927284,3.315042145912255,26.52355396541443,26.57429985976524,26.425329005344725,-0.3703310657304257
SP,354390,RIO CLARO,1191,4526250,188593.75,26.39244879573229,25.854112103956265,39.546682033377394,24,0,26.313173156586576,7.083387847625295,3.307369119017502,26.313173156586576,26.336936321547746,26.340041042314493,0.1021081173601883
SP,353860,PIRACAIA,158,603546,25147.75,26.31479415033722,24.33359223527014,49.94429290406854,23,1,26.17861770271032,5.068904202220232,3.30243055028147,26.178617702710316,26.356665087051994,26.203514536531095,0.09510369914681154
SP,354710,SANTA MERCEDES,18,68958,2873.25,26.1576352677982,0.0,106.26992561105206,10,14,26.102845210127903,2.9444389791664403,3.2996387116782766,26.102845210127906,27.57332663650805,26.91973972469621,3.129522885311172
SP,351670,GARCA,268,1027910,42829.583333333336,26.08175885116714,23.3288064190914,51.02632494491476,24,0,26.0723215067467,5.594711379601839,3.2985118593412777,26.0723215067467,26.177730333087982,26.113073475575302,0.1563035682037605
SP,353475,OUROESTE,54,207826,8659.416666666666,26.38015789979742,24.677228291615517,59.488399762046406,22,2,25.983274469989315,4.007333185232471,3.295217209982716,25.983274469989315,26.496978718995173,24.93529396500496,-4.033288822757013
SP,350840,CABREUVA,259,1006116,41921.5,25.39599610830909,22.029101883747632,48.92471974644232,24,0,25.742558512139755,5.560681631015528,3.286256248178919,25.742558512139755,25.85186343403332,26.108602143789184,1.4219395926663976
SP,354925,SAO JOAO DE IRACEMA,11,42835,1784.7916666666667,25.75229328969063,0.0,169.58733747880157,8,16,25.67993463289366,2.4849066497880004,3.2839117710029546,25.67993463289366,27.99784273307422,23.51741767086773,-8.421037642580064
SP,351540,FARTURA,97,377911,15746.291666666666,25.543954256340616,22.206400422255108,52.97311614355715,24,0,25.667419048400284,4.584967478670572,3.2834425599227663,25.667419048400284,25.95703677168647,24.724244670876065,-3.674597651387166
SP,354890,SAO CARLOS,1407,5483976,228499.0,25.73636186073796,25.37262459333428,34.76613476160005,24,0,25.65656742480273,7.249925536717988,3.283035552702749,25.656567424802734,25.676779995635304,25.659057482044393,0.009705340548600495
SP,350620,BENTO DE ABREU,16,62365,2598.5416666666665,25.69200308703731,18.69857890800299,114.72275334608032,12,12,25.65541569790748,2.833213344056216,3.282992345647675,25.65541569790748,27.30293980645865,27.428930672768388,6.9128288379500376
SP,352350,ITATINGA,110,430318,17929.916666666668,24.613015515714427,11.229137912740462,109.10224438902742,20,4,25.56249099503158,4.709530201312334,3.2795001076740022,25.56249099503158,25.818440913923133,26.16689073028321,2.3644007752182783
SP,352450,JACI,37,144883,6036.791666666667,24.20567379277845,24.45828293236564,70.7088562842496,15,9,25.537847780622982,3.6375861597263857,3.2785719321954274,25.537847780622986,26.28211058882141,18.69223381566034,-26.80575913745089
SP,351100,CASTILHO,111,435091,18128.791666666668,25.09338225286017,22.29303852888691,68.56695072974826,23,1,25.51190440620468,4.718498871295094,3.277593854997437,25.511904406204682,25.765650690264955,26.225486535957334,2.7970555172631624
SP,350660,BIRITIBA MIRIM,172,678313,28263.041666666668,24.935026184116424,24.744884936634516,48.0703200109875,24,0,25.35702544400594,5.153291594497779,3.2717348597163847,25.35702544400594,25.521577910654777,25.774120027389834,1.6448876635981307
SP,353800,PINDAMONHANGABA,910,3595241,149801.70833333334,25.323098238508013,25.361022571278344,42.08779157651382,24,0,25.31123782800653,6.814542897259958,3.269996141760255,25.311237828006526,25.342531872411666,25.322011093421953,0.04256317090706021
SP,352530,JAU,780,3083876,128494.83333333331,25.172442773391182,24.44848311863204,36.40390128475435,24,0,25.29284575644416,6.660575149839686,3.269296877708548,25.292845756444162,25.329350229737447,25.173516802374444,-0.47178935584706116
SP,352300,ITAPURA,25,98982,4124.25,25.20668301426769,23.47830074757952,74.29420505200594,16,8,25.257117455699017,3.258096538021482,3.267937093454996,25.257117455699017,26.34343290564515,26.66208483985051,5.562659264723326
SP,350510,BARBOSA,37,146534,6105.583333333333,25.02370104399249,16.47670739812574,82.59002312520647,17,7,25.25011260185349,3.6375861597263857,3.2676702786228518,25.250112601853495,25.995721762284603,25.318728881811555,0.27174643155066147
SP,351790,GUARACI,60,237680,9903.333333333334,24.686052300315964,19.745064834907755,68.46635367762129,18,6,25.24402558061259,4.110873864173311,3.267438366204477,25.24402558061259,25.70969931263329,27.038866835223075,7.109964489930336
SP,355650,VARZEA PAULISTA,650,2582962,107623.41666666669,24.95471960924793,23.55134832398075,40.79620595284639,24,0,25.164907575101765,6.478509642208569,3.264419107431224,25.164907575101765,25.208723908483815,25.649060264874418,1.9239199998162333
SP,351518,ESPIRITO SANTO DO PINHAL,247,982720,40946.66666666666,25.228571636899485,24.363795080922287,54.66381752223824,24,0,25.134321068056007,5.513428746164983,3.263249433945534,25.134321068056007,25.249281553818808,25.01409268519211,-0.47834346723889887
SP,352520,JARINU,164,653004,27208.5,24.650200710497185,22.97901850965089,49.38000658400088,24,0,25.114700675646706,5.10594547390058,3.262498400043778,25.114700675646702,25.28741642799474,26.297846671169857,4.710969924759771
SP,354025,PONTALINDA,24,95860,3994.1666666666665,25.465355508142338,24.441019575515373,139.31457230426304,16,8,25.036511579386605,3.218875824868201,3.2594998444411547,25.036511579386605,26.167353016982847,19.82182494041388,-20.828327550496894
SP,352470,JAGUARIUNA,279,1119485,46645.208333333336,25.928269767783583,27.376737451003464,41.90863916661677,24,0,24.922174035382344,5.634789603169249,3.2550987427886278,24.922174035382344,25.024091697939664,25.95781461436256,4.155498543224619
SP,355010,SAO MANUEL,224,904385,37682.708333333336,24.76773158507397,26.483423636621293,39.94673768308922,24,0,24.768212652797207,5.41610040220442,3.2491416645870994,24.768212652797207,24.895080855998174,24.935045974570023,0.6735783647835221
SP,353530,PALMITAL,122,492875,20536.45833333333,24.90914372483522,24.73636716536592,70.82511256133961,22,2,24.752726350494545,4.812184355372417,3.2485404991942066,24.752726350494545,24.98461449651012,23.201720228644476,-6.2660011664496125
SP,355060,SAO ROQUE,456,1843601,76816.70833333333,24.917885579309345,21.799994437728863,40.57000862112683,24,0,24.734202248751224,6.124683390894205,3.24782093393574,24.734202248751224,24.79670360691432,24.881913620807737,0.597194809725349
SP,351550,FERNANDOPOLIS,394,1596551,66522.95833333333,24.632239111051472,24.14370979412305,41.921815813507806,24,0,24.678196938275068,5.978885764901122,3.245642263672742,24.678196938275068,24.75051380575523,24.50812198846201,-0.6891708913679961
SP,354130,PRESIDENTE EPITACIO,238,968282,40345.083333333336,24.592011384751057,22.569762677132864,50.07260527765259,24,0,24.57961626881425,5.476463551931511,3.241795794819032,24.579616268814252,24.69912017375928,24.600497043146866,0.08495158795097556
SP,350530,BARRA BONITA,206,840529,35022.041666666664,24.493100266302964,22.993431490038223,47.96975083947064,23,1,24.508375082834743,5.332718793265369,3.2390068328625072,24.508375082834743,24.646355119263486,24.615398482795012,0.43668092886021903
SP,350230,ANHEMBI,32,130752,5448.0,24.62132694344544,19.376874434166027,70.54673721340389,15,9,24.47381302006853,3.49650756146648,3.237650984110345,24.47381302006853,25.334596381190696,31.540509758070904,28.874522871477698
SP,352630,LAGOINHA,29,118897,4954.041666666667,24.30078651150522,20.389463912374158,101.11223458038424,16,8,24.3908593152056,3.4011973816621555,3.234389239775836,24.3908593152056,25.337354290758693,27.807874928465274,14.009410529990882
SP,353050,MOCOCA,390,1601986,66749.41666666667,24.336884823759263,25.3809052047848,35.46046896470206,24,0,24.34478203929373,5.968707559985366,3.232572872135657,24.344782039293726,24.41788746570221,24.343560688328175,-0.005016890122818349
SP,355290,TACIBA,34,139680,5820.0,23.92579207871748,17.000512266327007,93.76465072667604,13,11,24.34135166093929,3.555348061489413,3.2324375144703845,24.34135166093929,25.153569334166626,24.878069156120347,2.204961756673242
SP,354900,SAO FRANCISCO,16,65750,2739.583333333333,24.353151005832085,17.63668430335097,109.32944606413994,12,12,24.334600760456272,2.833213344056216,3.2321710803847723,24.334600760456272,25.99626449001832,20.459932015797108,-15.922466872583755
SP,351280,COSMOPOLIS,329,1353525,56396.875,24.11721950880569,21.42092461118463,60.62953668929047,24,0,24.306902347573928,5.799092654460526,3.23107717858706,24.306902347573928,24.39351709141163,24.439128344183466,0.5439853862034194
SP,354330,RIBEIRAO PIRES,650,2700641,112526.70833333331,24.13361157953919,24.393710980057804,34.03738592876067,24,0,24.068360067109992,6.478509642208569,3.221606495874639,24.068360067109992,24.112288745144568,24.579053252533363,2.121844546115319
SP,350650,BIRIGUI,631,2635065,109794.375,24.30097430131494,22.93207639270487,43.69252654575014,24,0,23.946278365049817,6.448889394146858,3.2167246473460547,23.946278365049817,23.991528448492033,24.107342644446554,0.6726067280325856
SP,354190,QUELUZ,58,242391,10099.625,23.56958541656395,20.35238788718979,72.28697930785216,19,5,23.92828116555483,4.07753744390572,3.216002948730748,23.92828116555483,24.411571873242348,23.148950519007876,-3.2569437025372827
SP,352460,JACUPIRANGA,96,402957,16789.875,23.87982374201868,23.57468465238361,48.87585532746823,24,0,23.823881952664927,4.574710978503383,3.211806171763556,23.823881952664927,24.118221171595362,24.661196896664947,3.5146033113480857
SP,352340,ITATIBA,598,2514943,104789.29166666669,24.16759540435414,25.00896615505752,32.98036490418026,24,0,23.777874886230027,6.395261598115449,3.2099511132914222,23.777874886230027,23.825614764694638,23.849712257247123,0.3021185507990799
SP,355240,SUMARE,1401,5918031,246584.625,23.563701933439976,22.75846377643591,34.16302318599523,24,0,23.6734143501445,7.245655067594535,3.205726321862373,23.6734143501445,23.693812921283204,23.75940055169879,0.3632184199646858
SP,353130,MONTE ALTO,264,1115236,46468.16666666666,23.63202861862976,22.097743443520805,42.24846321215066,24,0,23.67211962311116,5.579729825986222,3.20567384590642,23.67211962311116,23.77998047739036,23.470648072341675,-0.8510921454316638
SP,354830,SANTO EXPEDITO,16,67755,2823.125,23.429412638654977,0.0,74.37709185570844,10,14,23.61449339532138,2.833213344056216,3.20333543186172,23.61449339532138,25.279650881060466,24.994734896575633,5.8448914323426235
SP,352850,MAIRIPORA,461,1957063,81544.29166666667,23.582976143610136,23.00199716398456,54.90335394900448,24,0,23.555705667114445,6.135564891081739,3.2009442373032555,23.555705667114445,23.617583571931043,24.89045457101187,5.666350746438621
SP,352320,ITARARE,262,1115524,46480.16666666666,23.533670055393618,22.71586836909725,38.439361906592346,24,0,23.48672014228291,5.572154032177765,3.19813093558774,23.48672014228291,23.595377180652623,23.651704123694312,0.702456453740359
SP,352120,IPORANGA,24,102249,4260.375,24.07791686470237,0.0,146.66340747983378,11,13,23.4721121966963,3.218875824868201,3.197534191534738,23.4721121966963,24.608222125390448,22.544262754312744,-3.952986568094848
SP,353070,MOGI GUACU,790,3380988,140874.5,23.388424807516994,23.4327329480706,34.375537117767465,24,0,23.36595101786815,6.673297967767654,3.193186707664585,23.36595101786815,23.40208602378585,23.51581765413839,0.6413889858608308
SP,351890,GUZOLANDIA,25,107662,4485.916666666667,23.309313965849334,22.081324508929438,65.06180871828238,16,8,23.22082071668741,3.258096538021482,3.187212623458652,23.22082071668741,24.31344342027345,19.301230392334702,-16.879637340018448
SP,350160,AMERICANA,1198,5162859,215119.125,23.43289370857441,22.430412867954608,37.23441390705359,24,0,23.20419751924273,7.089243155027514,3.1865260693300965,23.20419751924273,23.228029030578586,23.249717897539146,0.19617303403260186
SP,352050,INDAIATUBA,1169,5044437,210184.875,23.394633161694703,22.42187190776924,45.46502816855006,24,0,23.17404301015158,7.064759027791802,3.1852794546262,23.17404301015158,23.198463169442288,23.28192125921568,0.4655132857777274
SP,353390,OLIMPIA,284,1227127,51130.29166666666,23.33623725159217,20.55844844853342,47.54128857562166,24,0,23.143488815746046,5.652489180268651,3.184014729491302,23.143488815746046,23.243690950277205,23.23115956688948,0.3788138937971465
SP,353730,PENAPOLIS,326,1415806,58991.91666666666,23.07877224374324,20.46820230277727,42.1677602172483,24,0,23.02575352837889,5.7899601708972535,3.1791263187091,23.02575352837889,23.113061542206033,23.039257817547764,0.058648630770024426
SP,353950,PITANGUEIRAS,187,815413,33975.541666666664,22.88580043252844,25.04499937086664,35.63580210251232,23,1,22.93316393042544,5.236441962829949,3.1752651092450903,22.93316393042544,23.084929102717243,23.350788181699407,1.8210494310377499
SP,355720,CHAVANTES,67,292219,12175.791666666666,22.940559077526416,16.48805333832243,57.67012687427913,22,2,22.9280094723478,4.219507705176107,3.175049717196333,22.928009472347796,23.347031384864405,22.489599928189506,-1.9121134117073335
SP,350560,BARRINHA,159,695800,28991.666666666668,22.52492843489482,21.607054410917463,42.56433763342283,23,1,22.851394078758265,5.075173815233827,3.171842667565652,22.851394078758265,23.029644413378726,22.899158762224857,0.20902306135883716
SP,353750,PEREIRAS,42,184237,7676.541666666667,23.313233059828857,19.03719444080504,91.31030284583778,18,6,22.796723785124595,3.7612001156935615,3.1695479151147583,22.796723785124595,23.45832794966837,23.21641121525956,1.84099888251846
SP,355370,TAQUARITINGA,289,1273849,53077.04166666666,22.702500722814268,18.07746551655581,45.46487838145033,24,0,22.687147377750424,5.66988092298052,3.1649325963044186,22.687147377750424,22.78546551754819,22.326728762283537,-1.5886466882141144
SP,350810,BURITAMA,85,378472,15769.666666666666,22.30205901866149,20.42415169346356,64.27194172677284,23,1,22.458728783106807,4.454347296253507,3.155242655188847,22.458728783106807,22.7895905733473,23.360098315297144,4.013448583378133
SP,353100,MONCOES,11,49167,2048.625,22.435821149372984,0.0,154.24164524421596,8,16,22.372729676408973,2.4849066497880004,3.1515699443147698,22.372729676408973,24.723717133268444,19.047598001088186,-14.862431734590647
SP,355150,SERRANA,212,948321,39513.375,22.166212921973955,18.716341740196164,44.79082683866344,24,0,22.35529952410629,5.3612921657094255,3.150823918710468,22.35529952410629,22.488924195891514,22.525167960763373,0.7598575741466117
SP,352090,IPAUSSU,72,323587,13482.791666666666,22.356251280022136,21.91461102561949,58.42827928717499,23,1,22.25058485044208,4.290459441148391,3.146330286574711,22.250584850442078,22.63986950918513,22.4161358926114,0.7440300705895097
SP,354370,RINCAO,53,238265,9927.708333333334,21.986815975146367,19.290126328000916,57.98782255726297,21,3,22.24413992823117,3.9889840465642745,3.146053054166825,22.24413992823117,22.770104520888168,22.402596176286114,0.7123505272228488
SP,350540,BARRA DO TURVO,40,179903,7495.958333333333,21.93780158580588,19.784182087847007,62.8614533568016,17,7,22.23420398770449,3.713572066704308,3.1456255027594,22.234203987704486,22.926467859226893,23.62728092223841,6.265467993836409
SP,354070,PORTO FERREIRA,273,1228025,51167.708333333336,22.4927117917729,20.228772405696088,46.00681737384722,24,0,22.230817776511067,5.613128106388071,3.1454797496285134,22.230817776511067,22.33463274109497,22.289872944880894,0.26564550599764514
SP,353080,MOGI MIRIM,467,2108695,87862.29166666667,22.23538651995241,20.288916060924933,35.951393715696376,24,0,22.14639860197895,6.148468295917647,3.141839200481221,22.14639860197895,22.20715756927643,22.182328030894233,0.16223598952143314
SP,353282,NOVA CAMPINA,44,198758,8281.583333333334,22.35866122585144,24.414039218378832,47.70992366412214,19,5,22.13747371174997,3.80666248977032,3.1414535417239287,22.137473711749966,22.768035776756783,22.43045929762673,1.3234824790384963
SP,354520,SALTO,600,2722116,113421.5,21.68451525563953,21.48301313188841,39.96431757359501,24,0,22.04167640174041,6.398594934535208,3.1373045936729795,22.04167640174041,22.088959725830506,22.190157951806686,0.6736400052336827
SP,354210,RAFARD,46,208786,8699.416666666666,22.03406766690991,22.80163100865864,44.767767207610525,21,3,22.03212859099748,3.8501476017100575,3.136890136439369,22.03212859099748,22.635564134325083,23.55769099954426,6.924262457192346
SP,353880,PIRAJU,152,690163,28756.791666666668,21.99454384138552,22.776922412736283,36.350418029807344,24,0,22.02378278754439,5.030437921392435,3.136527715925058,22.02378278754439,22.20940695142561,22.183427662462552,0.7248749066325189
SP,352430,JABOTICABAL,375,1704343,71014.29166666667,22.10252341760945,21.385773140383563,52.75652862041678,24,0,22.002613323726504,5.929589143389895,3.135607832245289,22.002613323726504,22.07816410750961,22.089623846299634,0.3954554001969532
SP,352070,INDIAPORA,21,95595,3983.125,21.919202262847637,25.12878541993708,75.09386733416771,15,9,21.967676133689,3.091042453358316,3.1340878419569376,21.967676133689,23.253436051187258,20.91801272425393,-4.77821779166407
SP,350320,ARARAQUARA,1130,5182555,215939.79166666663,22.123453604848414,20.18260316966574,34.6067537242815,24,0,21.803917179846614,7.030857476116121,3.1269323273370357,21.803917179846618,21.829002324693263,21.810817361003217,0.031646520667290026
SP,350090,ALTAIR,19,87170,3632.0833333333335,21.71402681052488,26.522073708926133,81.74386920980926,13,11,21.79648961798784,2.995732273553991,3.126606559983362,21.796489617987838,23.209053795764962,21.69938176068083,-0.4455206274448398
SP,354995,SAO LOURENCO DA SERRA,75,345264,14386.0,21.11191715842604,20.268951298493118,72.91286912139992,22,2,21.722507993882942,4.330733340286331,3.123355974815455,21.722507993882942,22.095207100738428,23.135627859636127,6.5053255643921
SP,355270,TABATINGA,75,345703,14404.291666666666,21.903625505100838,20.661923299427343,53.231939163498105,23,1,21.69492309872925,4.330733340286331,3.1221412474351515,21.694923098729255,22.067547332213984,21.741307625963774,0.21380360291406525
SP,355580,URANIA,46,212197,8841.541666666666,21.67593717379472,16.98241860620659,56.59950192438306,18,6,21.67796905705547,3.8501476017100575,3.121393927101036,21.67796905705547,22.280047214701025,20.33107505683815,-6.213192742698155
SP,354840,SANTOPOLIS DO AGUAPEI,21,97333,4055.5416666666665,21.60003849137121,24.11525311566221,75.18796992481204,15,9,21.5754163541656,3.091042453358316,3.116861542285384,21.575416354165597,22.858425821595674,17.41401230677651,-19.28771143545343
SP,355660,VERA CRUZ,55,254974,10623.916666666666,21.65867076435617,19.33218516852992,56.77517032551098,21,3,21.57082682940221,4.02535169073515,3.11665822415942,21.570826829402215,22.07588152337922,21.718428122122543,0.684263491092234
SP,351110,CATANDUVA,583,2706171,112757.125,21.622079687890047,21.272170949265902,39.17691174001455,24,0,21.543354060035377,6.369900982828227,3.1154403023343464,21.543354060035377,21.591830720045415,21.467818595690854,-0.3506207256958495
SP,350690,BOFETE,49,227581,9482.541666666666,22.163208301281312,19.25484893169186,75.26342197691922,22,2,21.530795628809084,3.912023005428146,3.114883068015432,21.530795628809084,22.096197196936735,21.76187495293516,1.0732502788558407
SP,351260,CORONEL MACEDO,25,116399,4849.958333333333,21.685530944549573,20.658357648408703,89.88764044943821,14,10,21.47784774783289,3.258096538021482,3.1125302796872867,21.477847747832886,22.563326146841067,22.627525841760896,5.3528552182050575
SP,354323,RIBEIRAO DOS INDIOS,11,51283,2136.7916666666665,21.429184510124887,0.0,91.44947416552354,9,15,21.449603182341125,2.4849066497880004,3.111272938412499,21.449603182341125,23.793871955586205,24.907854649848584,16.12268272801682
SP,351515,ENGENHEIRO COELHO,82,382311,15929.625,19.386593729419083,16.47818212753694,58.06526535826269,21,3,21.448506582337416,4.418840607796598,3.1112240900306998,21.448506582337416,21.789077342944196,22.71553767088927,5.907316127992043
SP,354640,SANTA CRUZ DO RIO PARDO,228,1063555,44314.79166666666,21.319067601620365,19.790290058634067,48.24129034964448,24,0,21.437537315888694,5.43372200355424,3.110735329350789,21.437537315888694,21.561028353890883,21.569376846604932,0.6149938249601266
SP,354160,PROMISSAO,178,831760,34656.666666666664,21.57819086413474,18.85484998913548,56.35072692437732,24,0,21.400403962681544,5.187385805840755,3.109078992746666,21.400403962681544,21.55832568144177,21.440345850200007,0.18664081102447608
SP,353960,PLANALTO,22,102884,4286.833333333333,21.55655738853889,11.225864391558147,90.88843444671666,12,12,21.383305470238327,3.1354942159291497,3.108315389485991,21.383305470238327,22.609155869562514,19.00588061252803,-11.118135411848455
SP,350680,BOCAINA,55,257775,10740.625,21.441717047412894,19.626105663582813,54.754517247672936,21,3,21.336436815051886,4.02535169073515,3.106219282936545,21.336436815051886,21.840549487391602,21.78192577703129,2.0879257668043785
SP,351970,IBIUNA,362,1717991,71582.95833333333,20.901766551658785,20.60993755525162,38.6344026477444,24,0,21.07112318981881,5.8944028342648505,3.0942701111267783,21.071123189818806,21.14876757252499,21.377413545747345,1.4536024167735533
SP,353660,PAULO DE FARIA,41,195370,8140.416666666667,21.37942130572259,13.264874218940136,107.671601615074,17,7,20.985821774069716,3.737669618283368,3.090397780786588,20.985821774069713,21.65566998943135,21.258477818351995,1.2992393017421828
SP,353190,MORRO AGUDO,141,672613,28025.541666666668,21.03894720566366,17.807272175775893,66.5242813626974,21,3,20.963020340076685,4.955827057601261,3.0893601454386697,20.963020340076685,21.16124756281165,21.051206216706333,0.42067352508863504
SP,354880,SAO CAETANO DO SUL,770,3688158,153673.25,21.147071424928505,19.21408389805257,37.57692634922436,24,0,20.877630513660204,6.647688373563329,3.085464677067017,20.877630513660204,20.91411506653498,21.3534808223307,2.2792352243189025
SP,351770,GUARA,96,461869,19244.541666666668,20.91066157766829,20.4182120508422,74.50771687067589,16,8,20.78511439390823,4.574710978503383,3.081226910595703,20.78511439390823,21.07472260598325,20.167246219865696,-2.9726474549672024
SP,351620,FRANCA,1621,7808055,325335.625,20.5803022300756,21.02320850108716,31.486146095717885,24,0,20.7606119577795,7.3914152346753585,3.0801015446520155,20.7606119577795,20.777932393272966,20.739238569028355,-0.10295163165040848
SP,355390,TARABAI,32,154326,6430.25,20.578488606612275,15.646471363909626,60.74411541381929,17,7,20.73532651659474,3.49650756146648,3.0789388869455725,20.73532651659474,21.585586513790904,20.927929767079636,0.9288652885728813
SP,354630,SANTA CRUZ DAS PALMEIRAS,143,689980,28749.166666666668,20.89898127363552,18.872085930929828,37.91181711339424,24,0,20.72523841270761,4.969813299576001,3.0784746452089675,20.725238412707615,20.920215684114893,20.873390060189863,0.7148368792293797
SP,353710,PEDREIRA,203,982980,40957.5,20.89634703054268,21.32855986276619,50.26950037702125,23,1,20.65148833140044,5.318119993844216,3.07507419718499,20.651488331400436,20.789012735494826,22.068419361157062,6.861156963695407
SP,352480,JALES,235,1141349,47556.208333333336,20.643692329480157,19.952101896377524,39.921837244973,24,0,20.589670644123757,5.4638318050256105,3.072214989390614,20.589670644123753,20.708464131488906,20.402850663222566,-0.9073480782195303
SP,351200,COLINA,87,423639,17651.625,20.56801074454124,19.64336804508323,42.45833775607685,22,2,20.53635288535758,4.477336814478207,3.0697423391637684,20.53635288535758,20.85468226334371,21.268097292896474,3.563166311096202
SP,354800,SANTO ANTONIO DE POSSE,104,506507,21104.45833333333,20.53500004526992,22.048337406802077,43.583535108958834,23,1,20.53278631884653,4.653960350157523,3.069576718648239,20.53278631884653,20.79957658311788,21.236762644176288,3.4285474674403855
SP,350700,BOITUVA,245,1201907,50079.458333333336,20.79068535583905,19.137092344735624,40.77084069473513,24,0,20.3842726600311,5.5053315359323625,3.0626557294114787,20.3842726600311,20.497952888379153,20.45644892450231,0.3540781938848925
SP,354460,SABINO,25,123214,5133.916666666667,20.38711642469755,19.51611016044345,60.27727546714888,14,10,20.289902121512167,3.258096538021482,3.0582328815022493,20.289902121512167,21.36381833315037,20.93476170281931,3.1782291380471244
SP,351450,DUARTINA,60,295982,12332.583333333334,20.29426498133447,16.21534354862289,65.03007641033977,20,4,20.271502996803857,4.110873864173311,3.0573682894708862,20.271502996803857,20.729238210861364,23.463378748670507,15.745629479816584
SP,351000,CANDIDO MOTA,144,711866,29661.08333333333,20.23634855843186,16.816914740178937,44.03794037940379,24,0,20.228526155203365,4.976733742420574,3.0553458505640494,20.228526155203365,20.421000921722744,20.27791624311581,0.24416058556862025
SP,350115,ALUMINIO,81,401213,16717.208333333332,20.06276486094388,17.55671635356387,69.36015259233571,23,1,20.188777532133805,4.406719247264253,3.0534716798247987,20.188777532133805,20.528942852422198,23.743514526015783,17.60749004353543
SP,355000,SAO LUIS DO PARAITINGA,50,249402,10391.75,20.04878094921999,9.666973352085458,58.04391989939055,18,6,20.047954707660725,3.9318256327243257,3.046803391876152,20.047954707660725,20.59388210855634,21.852697445102905,9.002128964071087
SP,353600,PARAPUA,52,259393,10808.041666666666,19.912745009159504,13.994765588962068,54.42176870748299,18,6,20.04680157136083,3.970291913552122,3.046748604230273,20.04680157136083,20.572119342678885,20.39180674850836,1.7209986137659339
SP,355385,TAQUARIVAI,27,135015,5625.625,21.05326781962975,15.278074699433777,82.16926869350863,14,10,19.997778024663926,3.332204510175204,3.044416623775988,19.997778024663926,20.991557767902055,25.22313730373074,26.129699372711336
SP,355670,VINHEDO,311,1560411,65017.125,19.09004045869481,16.851797489148453,42.41926655719759,24,0,19.93064647711404,5.7430031878094825,3.0412144235639853,19.930646477114042,20.019734758694735,19.818160756356242,-0.5643857106540157
SP,353640,PAULICEIA,32,161057,6710.708333333333,18.695021329555843,16.065872186169155,56.330094352908034,15,9,19.8687421223542,3.49650756146648,3.0382524472244827,19.8687421223542,20.71052223587796,24.847539249735586,25.058441529520753
SP,355450,TIETE,172,868902,36204.25,19.58591130856541,16.168640340608782,42.482011523245625,24,0,19.795097721031837,5.153291594497779,3.034717272439993,19.795097721031834,19.955454603153598,20.294644705630343,2.5235893837884555
SP,351590,FLOREAL,14,70761,2948.375,19.02705557877736,0.0,160.72002571520412,8,16,19.784909766679387,2.70805020110221,3.034227231424039,19.784909766679387,21.63575173030895,23.685748421056118,19.716231715882273
SP,353370,OCAUCU,20,101458,4227.416666666667,19.59372865536006,0.0,120.10569300984868,9,15,19.712590431508605,3.044522437723423,3.030741748778569,19.712590431508605,21.033025345629156,26.127976614590345,32.54461256815536
SP,355040,SAO PEDRO,157,799560,33315.0,19.537568637947405,18.479357330439463,38.93529661616877,24,0,19.635799689829405,5.062595033026967,3.027027416503997,19.635799689829405,19.81096341112134,19.84727226417697,1.0769745958301793
SP,354720,SANTANA DA PONTE PENSA,8,40780,1699.1666666666667,19.62390649693701,0.0,111.85682326621924,7,17,19.617459538989703,2.19722457733622,3.0261382672638724,19.617459538989703,22.69917037838972,11.762300199235268,-40.04167473439823
SP,353920,PIRAPOZINHO,115,587379,24474.125,19.469003542337717,17.321300916348406,40.94668741298829,24,0,19.578500423065854,4.7535901911063645,3.0242468620108265,19.578500423065858,19.816888923659814,20.319693500960515,3.7857499904407446
SP,352290,ITAPUI,58,296753,12364.708333333334,19.03670769708447,15.144325021910918,64.46933677169795,20,4,19.54487401980772,4.07753744390572,3.0226114704016407,19.544874019807718,20.01343111393344,20.043895030636186,2.5532065866617297
SP,353480,OURO VERDE,36,184222,7675.916666666667,19.71787443914587,13.629980697948987,68.1384573453257,18,6,19.54163997785281,3.610917912644224,3.022454044441299,19.54163997785281,20.288965003635838,20.257694781445988,3.664251334098398
SP,350800,BURI,89,456097,19004.041666666668,19.262334416395746,21.238737989892293,39.098773275988464,23,1,19.51339298438709,4.499809670330265,3.021077989137731,19.513392984387092,19.820360824274243,20.4792567054787,4.949747703356397
SP,350500,BARAO DE ANTONINA,15,76915,3204.7916666666665,19.16808815076927,0.0,83.93956351426972,10,14,19.502047715010075,2.772588722239781,3.020524769692912,19.502047715010075,21.231006250349306,25.643367061657912,31.49063850316123
SP,353340,NOVA ODESSA,248,1279913,53329.708333333336,19.048893034008803,18.60832079499072,27.41095470742837,23,1,19.37631698404501,5.517452896464707,3.014373294291772,19.37631698404501,19.48700189879585,19.877466210985645,2.586400848795449
SP,353780,PIEDADE,241,1251226,52134.41666666666,19.33435166659684,17.341645453471056,41.56193718210066,24,0,19.261108704582547,5.488937726156687,3.008703221142718,19.261108704582547,19.37477791950916,19.5792121582128,1.651532414406507
SP,352410,ITUVERAVA,175,909359,37889.958333333336,19.12993824655757,17.090831242496478,41.45077720207254,20,4,19.244324848602147,5.170483995038151,3.0078744998839304,19.244324848602147,19.40058587117008,19.05592363599651,-0.9789962188219965
SP,354930,SAO JOAO DO PAU DALHO,10,52057,2169.0416666666665,19.26833083320837,0.0,93.10986964618247,7,17,19.209712430604917,2.3978952727983707,3.0061633022497194,19.209712430604913,21.717718592008545,20.44390659283473,6.424844550319753
SP,354580,SANTA BARBARA DOESTE,825,4312334,179680.58333333334,19.09392315696868,18.590359981684102,29.45234991573356,24,0,19.131171194067992,6.716594773520978,3.002269419482718,19.131171194067992,19.164395306765954,19.2105247421509,0.4147866708103662
SP,350980,CAMPOS NOVOS PAULISTA,21,110392,4599.666666666667,19.115423576667308,20.141539241174712,114.7842056932966,13,11,19.02311761721864,3.091042453358316,2.99688748689897,19.023117617218638,20.271060110857313,25.52182500305789,34.16215741607461
SP,352930,MATAO,349,1841909,76746.20833333333,19.082790769665333,18.91426539499377,32.33324800948442,24,0,18.947733031327825,5.857933154483459,2.993115504364313,18.947733031327825,19.025892777468275,19.101113385191976,0.8094918458612148
SP,351820,GUARARAPES,138,731376,30474.0,18.83032886694484,19.773407538304284,37.65060240963856,24,0,18.868543676576756,4.934473933130692,2.989137761304808,18.868543676576753,19.065115388092277,18.956633410365775,0.46686026912811696
SP,355430,TEODORO SAMPAIO,97,514204,21425.166666666668,18.95108555049187,16.061251819944523,47.38887309259786,23,1,18.86410840833599,4.584967478670572,2.988914505718963,18.86410840833599,19.142947679523154,18.89162334605486,0.1458586704617905
SP,350710,BOM JESUS DOS PERDOES,87,462176,19257.33333333333,19.83793019147928,13.823049278447908,66.77350427350427,23,1,18.823997784393825,4.477336814478207,2.9868932131229498,18.823997784393825,19.134319463870074,20.994955666467185,11.532926782817668
SP,355590,URU,6,31889,1328.7083333333333,18.81318195727118,0.0,78.55459544383346,6,18,18.815265452036755,1.9459101490553128,2.98645262307231,18.815265452036755,22.748489590312037,19.68309643335519,4.612377027210591
SP,354380,RINOPOLIS,44,234228,9759.5,18.74494723027293,10.711855862102851,49.37783922575549,18,6,18.78511535768568,3.80666248977032,2.984929905383224,18.785115357685676,19.391961306811893,19.384027683189625,3.188228094957706
SP,355420,TEJUPA,21,111865,4661.041666666667,19.587039284432503,19.64616006380576,70.85498346717053,13,11,18.7726277209136,3.091042453358316,2.984298542913324,18.7726277209136,20.0155129565322,20.599290604973525,9.730459215493498
SP,353790,PILAR DO SUL,119,633935,26413.95833333333,18.604685242838144,14.756619178687965,49.973228627520974,24,0,18.771640625616197,4.787491742782046,2.9842486193547964,18.771640625616193,18.998946763773574,19.224295589012506,2.411376674123038
SP,350220,ANGATUBA,100,535588,22316.166666666668,18.44321337348826,18.84978909607705,33.96162336559688,23,1,18.67106805977729,4.61512051684126,2.979148929847897,18.67106805977729,18.940655089871445,18.834616945181832,0.8759482043604746
SP,354400,RIO DAS PEDRAS,130,696693,29028.875,18.31327938143419,16.737627678745447,34.59772284078757,24,0,18.65958176700498,4.875197323201151,2.9785648411969614,18.65958176700498,18.867352743650823,19.13275328193993,2.535809863496734
SP,354670,SANTA GERTRUDES,95,509365,21223.541666666668,18.270585776645003,18.32234854069798,49.38493310586334,22,2,18.650672896645823,4.564348191467836,2.9781115818330672,18.650672896645823,18.93420182405726,19.812193000774435,6.2277651351523255
SP,353410,ORIENTE,27,145403,6058.458333333333,18.594667995000428,16.427104833613868,50.44560282495376,17,7,18.569080417873085,3.332204510175204,2.973950790925977,18.569080417873085,19.541519717655756,22.498154825597428,21.159229855790468
SP,355190,SEVERINIA,66,355592,14816.333333333334,18.474121130392906,19.70430285283131,33.26458652118954,24,0,18.56059753875228,4.204692619390966,2.973517213156025,18.560597538752276,18.966287050112115,19.492562441994522,5.021200967783588
SP,351565,FERNAO,7,37746,1572.75,18.768583572841475,0.0,125.54927809165098,5,19,18.54501139193557,2.079441541679836,2.9727200821015183,18.54501139193557,21.97054836851568,21.820229601343794,17.6609123617604
SP,350020,ADOLFO,17,92716,3863.1666666666665,18.07615638244288,0.0,82.01202843083652,11,13,18.335562362483284,2.8903717578961645,2.961946009843601,18.335562362483284,19.844338770338208,18.518793860436332,0.9993230331891096
SP,352580,JULIO MESQUITA,19,103697,4320.708333333333,18.40487998254794,22.904380349951232,47.01457451810061,15,9,18.32261299748305,2.995732273553991,2.9612760679560712,18.322612997483052,19.679531391084588,18.731691033318377,2.23264026747451
SP,352790,LUTECIA,12,65556,2731.5,18.42851285108699,0.0,74.90636704119851,10,14,18.304960644334617,2.5649493574615367,2.960362091088616,18.304960644334617,20.396858539084644,18.72078969877877,2.271674124428406
SP,350460,BADY BASSITT,80,438394,18266.416666666668,15.553709991413609,14.501693586318478,47.688921496698455,19,5,18.248424932822985,4.394449154672439,2.9574292357146845,18.248424932822985,18.581856063025143,19.55106427143482,7.138365877642467
SP,355640,VARGEM GRANDE DO SUL,171,937839,39076.625,18.315559211940457,16.019320881364358,41.71881518564873,24,0,18.233406800101083,5.147494476813453,2.95664870460127,18.233406800101083,18.3902867341008,18.284319222361585,0.2792260536863586
SP,352110,IPEUNA,26,143469,5977.875,16.62628435165273,7.476076555023923,101.24385305177898,12,12,18.122381838585337,3.295836866004329,2.9508594730124336,18.122381838585337,19.122473961921884,19.428362809893013,7.206453229713115
SP,355050,SAO PEDRO DO TURVO,31,171680,7153.333333333333,17.981201271500918,13.885032203268697,68.18491749624982,17,7,18.05684995340168,3.4657359027997265,2.947426614546563,18.056849953401677,18.899083089242307,19.321014920823764,7.001027148613671
SP,355340,TANABI,105,581997,24249.875,17.950606878970298,17.00313197813848,37.10881128107863,24,0,18.041330109949023,4.663439094112067,2.946611885639023,18.041330109949023,18.294944602136745,15.735247853782605,-12.78221861754368
SP,355535,UBARANA,22,122708,5112.833333333333,17.566349974829233,9.375585974123382,56.72149744753262,12,12,17.928741402353555,3.1354942159291497,2.9406814760776263,17.928741402353555,19.09899226790145,18.857585888442035,5.180756781770233
SP,353740,PEREIRA BARRETO,106,592427,24684.45833333333,17.891744352257557,18.1999100019752,36.01728829838322,23,1,17.89249983542276,4.672828834461906,2.9387650092014908,17.89249983542276,18.14292704471519,17.92838321401986,0.20054983332210727
SP,352200,ITAJU,14,78309,3262.875,18.708948175066887,13.94700139470014,65.57377049180327,12,12,17.877893984088676,2.70805020110221,2.9379916070425445,17.877893984088676,19.67501627575342,20.035083006705825,12.066236798009026
SP,355210,SOCORRO,159,892988,37207.833333333336,17.93970968922363,16.817457081346042,40.41803799295571,24,0,17.805390441976822,5.075173815233827,2.9341435543750287,17.805390441976822,17.97247956106345,17.476823169663618,-1.8453247255875715
SP,352800,MACATUBA,70,393184,16382.666666666666,17.83844779392713,18.657718872561603,30.752198782212925,22,2,17.80336941482868,4.262679877041316,2.9340360779701813,17.80336941482868,18.180226330881993,19.059814810051353,7.057346089646168
SP,352400,ITUPEVA,212,1196828,49867.833333333336,17.871713432944322,16.224573211041466,42.21085563887372,23,1,17.71348932344497,5.3612921657094255,2.929244618004573,17.71348932344497,17.838715880952844,18.213992556568655,2.8255485070422295
SP,354920,SAO JOAO DAS DUAS PONTES,11,62185,2591.0416666666665,17.826466078890824,0.0,77.9423226812159,8,16,17.6891533327973,2.4849066497880004,2.92794331989548,17.6891533327973,19.931699053050018,23.237645308925426,31.366633957775225
SP,354690,SANTA LUCIA,33,186708,7779.5,17.338276683042192,18.541323354730217,60.62075654704172,13,11,17.674657754354392,3.5263605246161616,2.927167404444224,17.674657754354392,18.460789333695114,18.07802122711004,2.2821571900382214
SP,355460,TIMBURI,11,62362,2598.4166666666665,17.969316688410235,0.0,80.67769261799113,8,16,17.638946794522308,2.4849066497880004,2.925253305221332,17.638946794522308,19.879310669094682,23.005137388045007,30.422397981205684
SP,355160,SERRA NEGRA,115,652576,27190.666666666668,18.178574487953103,15.079735465337691,49.30561262223684,24,0,17.62246849409111,4.7535901911063645,2.92436883524735,17.62246849409111,17.852033077833735,18.109857358603694,2.7657241360709985
SP,351070,CARDOSO,49,278710,11612.916666666666,17.602530319622666,12.892590602937569,43.790506218251885,21,3,17.580998170141008,3.912023005428146,2.922139454770499,17.580998170141008,18.113827070214448,17.73828644920681,0.8946493113965284
SP,350745,BOREBI,10,56969,2373.708333333333,17.10432657341384,0.0,74.76635514018692,8,16,17.553406238480576,2.3978952727983707,2.9206533969124235,17.553406238480576,19.995683560282693,20.65859418761274,17.689945227411016
SP,355020,SAO MIGUEL ARCANJO,133,758144,31589.33333333333,17.4988591700947,17.394127317067472,38.80104762828597,24,0,17.54284146547358,4.897839799950911,2.9200838097467923,17.54284146547358,17.74116841254541,18.1984263748557,3.737050868711268
SP,350290,ARACOIABA DA SERRA,114,664185,27674.375,16.740736091428243,16.27629563474961,30.262680062946373,23,1,17.1638925901669,4.74493212836325,2.899435699882331,17.1638925901669,17.392886984086996,18.00139794906959,4.879460498270042
SP,350150,ALVINLANDIA,12,70334,2930.583333333333,17.153192261146366,0.0,102.31923601637108,8,16,17.061449654505644,2.5649493574615367,2.893779813566234,17.061449654505644,19.102851086822618,19.59028096163888,14.821901762992413
SP,351250,COROADOS,21,123420,5142.5,16.960750624392126,18.707443235132352,41.58004158004158,14,10,17.01507049100632,3.091042453358316,2.891208657098664,17.01507049100632,18.21426522496148,18.67931198774451,9.780985025115585
SP,352140,IRACEMAPOLIS,81,476630,19859.58333333333,17.05394933872787,15.308952823603772,38.66762415069325,22,2,16.99431424794914,4.406719247264253,2.890055832883176,16.99431424794914,17.314240104944936,18.35341592433683,7.997390518724244
SP,353030,MIRASSOL,229,1348734,56197.25,16.947921429716214,17.604668077153267,30.338722918228218,24,0,16.97888538436786,5.438079308923196,2.8891980351512507,16.97888538436786,17.0927618827392,17.503833782854695,3.09177184840499
SP,350315,ARAPEI,10,59030,2459.583333333333,16.811526556447127,0.0,201.6942315449778,5,19,16.940538709130948,2.3978952727983707,2.887062884559459,16.940538709130948,19.351855319204507,20.353138037814364,20.14457383721821
SP,352010,IGARAPAVA,109,647512,26979.666666666668,16.77165900675882,15.057232034229836,54.82456140350877,19,5,16.833664858720766,4.700480365792417,2.8810879552696966,16.833664858720766,17.071030829175715,16.594015492197716,-1.4236315652850755
SP,351580,FLORA RICA,7,41595,1733.125,16.537751056376646,0.0,156.98587127158558,5,19,16.828945786753216,2.079441541679836,2.880823304313993,16.828945786753216,20.15486173708483,18.598276721214457,10.513617174130758
SP,351860,GUARIBA,143,850033,35418.041666666664,16.728652157911792,13.619369302713912,69.16777335104028,24,0,16.822876288332335,4.969813299576001,2.8804828168928043,16.822876288332335,17.004081823596167,17.003440721666706,1.0733267619616487
SP,352860,MANDURI,37,220234,9176.416666666666,16.972805352551052,11.039687704713376,59.45303210463733,17,7,16.80031239499805,3.6375861597263857,2.8792160074248243,16.80031239499805,17.488749676364584,17.21430561530695,2.4641995373381347
SP,350420,AURIFLAMA,56,333637,13901.541666666666,16.808565754113257,21.272917052201365,36.27394080092861,23,1,16.784709129982584,4.04305126783455,2.878339050472333,16.784709129982584,17.24281751658901,16.34998301613634,-2.5900127936664266
SP,355560,UCHOA,39,233435,9726.458333333334,16.351752997733787,14.996602918933952,47.049967065023054,18,6,16.70700623299848,3.688879454113936,2.8739603936316125,16.70700623299848,17.359273539235136,16.910285799227037,1.2167324498093057
SP,352950,MENDONCA,20,120039,5001.625,16.197105097505215,18.057955783977743,44.02377283733216,15,9,16.661251759844717,3.044522437723423,2.8713730737422787,16.661251759844717,17.90697007415965,14.59243150289511,-12.416955741198695
SP,350715,BOM SUCESSO DE ITARARE,14,84090,3503.75,16.691730065694525,0.0,57.72005772005772,11,13,16.648828635985254,2.70805020110221,2.87066941494384,16.648828635985254,18.39802124694577,18.08845782590798,8.647029898614434
SP,353300,NOVA GRANADA,75,452874,18869.75,16.790804657701518,15.496734376156088,45.3489031234057,21,3,16.56089773314432,4.330733340286331,2.865674710655567,16.56089773314432,16.902136834236092,16.776636730569738,1.3027011029338542
SP,353240,NAZARE PAULISTA,66,400442,16685.083333333332,16.000905452121277,12.889525730860536,51.15089514066496,18,6,16.481787624674734,4.204692619390966,2.8611596318563133,16.481787624674734,16.868129849992158,20.05053352628752,21.652662823236778
SP,355350,TAPIRAI,32,194820,8117.5,16.479249442599958,12.49687656171914,49.98125702861427,16,8,16.425418334873214,3.49650756146648,2.8579299640986195,16.425418334873214,17.210766376349483,17.231547255106943,4.907813632497969
SP,353970,PLATINA,12,73742,3072.583333333333,16.341377026222673,0.0,98.5869208018403,9,15,16.272951642212035,2.5649493574615367,2.8491417890900244,16.272951642212035,18.27585284405981,21.787830293951682,33.88984846138209
SP,353560,PARAIBUNA,68,418392,17433.0,16.258391140221132,17.19984645860851,44.923629829290206,21,3,16.252700816459207,4.23410650459726,2.84796870029181,16.252700816459207,16.625357395206763,16.73586414123386,2.9728186732223123
SP,350945,CAMPINA DO MONTE ALEGRE,22,135425,5642.708333333333,15.883734084713764,0.0,83.12551953449709,10,14,16.24515414436035,3.1354942159291497,2.847531184844672,16.24515414436035,17.369119376697444,20.607068209567345,26.85055510366624
SP,350060,AGUAS DE SAO PEDRO,10,61706,2571.083333333333,15.768596323085273,0.0,73.5564545788893,9,15,16.20587949308009,2.3978952727983707,2.845251156401533,16.20587949308009,18.575290864669867,19.390060678118026,19.648308420395086
SP,354660,SANTA FE DO SUL,119,737452,30727.166666666668,16.161630081280332,15.582703347024882,36.98772007693446,23,1,16.13664346967667,4.787491742782046,2.841219063751821,16.13664346967667,16.349929239125192,15.869746051957536,-1.653983483124461
SP,354180,QUEIROZ,11,68335,2847.2916666666665,16.826255106235653,0.0,43.74453193350831,11,13,16.097168361747276,2.4849066497880004,2.838912856916324,16.097168361747276,18.259724190482693,16.538420180607798,2.7411766401667053
SP,352570,JOSE BONIFACIO,129,801952,33414.666666666664,15.742973008359412,13.387769247704664,49.13602489558594,24,0,16.08575076812577,4.867534450455582,2.838244827717136,16.08575076812577,16.282302138160354,16.694730200611975,3.7858315801641624
SP,355570,UNIAO PAULISTA,6,37311,1554.625,15.628259278616904,0.0,125.07817385866166,5,19,16.08104848436118,1.9459101490553128,2.8379695731485395,16.08104848436118,19.831938566646603,14.014564659572365,-12.850429664449244
SP,354910,SAO JOAO DA BOA VISTA,330,2058433,85768.04166666667,15.771662814595985,13.937866780542064,31.867092977554943,24,0,16.031612396419995,5.802118375377063,2.835071169959045,16.031612396419995,16.10860769836801,16.142888914729237,0.6941068406449987
SP,351535,EUCLIDES DA CUNHA PAULISTA,35,218413,9100.541666666666,15.332401726783203,10.72675665668934,74.1997032011872,14,10,16.02468717521393,3.58351893845611,2.8346644774299903,16.02468717521393,16.73602516592575,18.209913042072262,13.636621064517964
SP,350520,BARIRI,119,743986,30999.416666666668,15.962674800666347,12.73256947602738,43.20320938126832,24,0,15.994924635678627,4.787491742782046,2.832914748638608,15.994924635678629,16.207291905262917,16.690755722574146,4.350324260630654
SP,354700,SANTA MARIA DA SERRA,20,125147,5214.458333333333,15.9198019234011,18.68481523608432,59.65400676078744,15,9,15.98120610162449,3.044522437723423,2.832107209080574,15.98120610162449,17.204047725889364,20.98989126541075,31.341096109617954
SP,351520,ESTRELA DOESTE,33,207391,8641.291666666666,15.985159174595232,16.42971061243707,36.50079085046843,17,7,15.911973036438416,3.5263605246161616,2.828021834781673,15.911973036438416,16.662872195568372,19.375919645672134,21.76943488592697
SP,351370,DESCALVADO,118,742844,30951.83333333333,15.831067173156187,16.010301779721345,36.44314868804665,24,0,15.8848964250906,4.77912349311153,2.8264195196813526,15.884896425090599,16.098320635938226,16.67740037263206,4.989040698368559
SP,351685,GAVIAO PEIXOTO,17,107252,4468.833333333333,15.668027078832049,0.0,126.34238787113075,8,16,15.850520270018276,2.8903717578961645,2.824381532880648,15.850520270018276,17.274138887727972,19.97000200273175,25.989567929234443
SP,353670,PEDERNEIRAS,159,1003588,41816.16666666666,15.807249162949075,16.440514382486526,30.287951885425,24,0,15.843154760718544,5.075173815233827,2.8239443286035635,15.843154760718543,16.001608696580394,16.168465345273095,2.05331949013795
SP,352270,ITAPOLIS,150,947459,39477.458333333336,15.881623743534888,13.722031539511072,42.52551530918551,24,0,15.831819635467076,5.017279836814924,2.823271120924401,15.831819635467076,15.999670822870147,15.994706951597639,1.0288603576916477
SP,351490,ELIAS FAUSTO,61,386646,16110.25,15.601265873981385,13.342613890238656,39.10614525139665,20,4,15.776705306662942,4.127134385045092,2.819991335316172,15.776705306662942,16.185622450015984,17.85674385598889,13.184239097420983
SP,350010,ADAMANTINA,129,818748,34114.5,15.749560568173177,14.840321117944594,34.820962219256,24,0,15.755763678201353,4.867534450455582,2.818742299273308,15.755763678201353,15.950302105363942,15.933669609855285,1.129148261471266
SP,352980,MINEIROS DO TIETE,44,279313,11638.041666666666,15.871610095380248,12.809742077470544,53.42831700801425,19,5,15.752936669614376,3.80666248977032,2.818573566462764,15.752936669614375,16.316654462797924,18.00691909638293,14.308331672000124
SP,351740,GUAIRA,142,902506,37604.41666666666,15.57192616574604,14.275864877460762,33.23193333162913,24,0,15.733967419607184,4.962844630259907,2.8174406309136524,15.733967419607183,15.91067017188297,16.0209113900311,1.8237229223338522
SP,353270,NIPOA,16,101982,4249.25,16.317494261274742,0.0,96.13073780341264,10,14,15.689043164480006,2.833213344056216,2.814752406160941,15.689043164480006,17.19032096573971,15.437419855000934,-1.6038155217059207
SP,353430,ORLANDIA,145,926265,38594.375,15.665242725977029,14.442414547745392,33.16918837547521,24,0,15.654267407275457,4.983606621708336,2.8126664843242946,15.654267407275455,15.826888076833033,15.627628721680814,-0.1701688421539306
SP,350310,ARANDU,24,153327,6388.625,15.805672397998483,14.667377395051403,49.366463715649175,15,9,15.652820442583495,3.218875824868201,2.81257959803154,15.652820442583497,16.668314312917257,17.98590204336823,14.90518344181337
SP,352115,IPIGUA,19,121468,5061.166666666667,13.305999923112251,7.65579543714592,43.49086691794723,12,12,15.641979780682975,2.995732273553991,2.811928405520342,15.641979780682977,16.9137587330281,21.387794982850796,36.733298998785294
SP,350740,BORBOREMA,53,340279,14178.291666666666,15.607824006636918,14.034102869974038,36.46441073512252,22,2,15.575454259592863,3.9889840465642745,2.8079229420066585,15.575454259592863,16.04219007018707,15.676276260200595,0.6473133876377039
SP,351750,GUAPIACU,69,443909,18496.20833333333,15.071999138404164,11.327271516516744,63.60456135568579,22,2,15.543726304265064,4.248495242049359,2.806006954684886,15.543726304265064,15.903063847771232,17.934600907678597,15.381605135169533
SP,355080,SAO SEBASTIAO DA GRAMA,43,277691,11570.458333333334,15.786351710760025,9.345895600368229,44.487943767239074,19,5,15.484837463223512,3.784189633918261,2.802441016798018,15.484837463223512,16.056512726981236,15.01681270645556,-3.0224712263174216
SP,355395,TARUMA,49,316516,13188.166666666666,14.980042971920083,8.895155328772038,43.32755632582322,22,2,15.481049931125124,3.912023005428146,2.8022112318648995,15.481049931125124,15.983746206506863,15.612263882821399,0.8475778598999595
SP,354940,SAO JOAQUIM DA BARRA,172,1112854,46368.91666666666,15.194001537361912,16.803423268445034,34.39972480220158,19,5,15.455756100980002,5.153291594497779,2.800675330958613,15.455756100980002,15.60044717450258,15.557250672647047,0.6566781398718471
SP,355465,TORRE DE PEDRA,8,51832,2159.6666666666665,15.4999417410725,0.0,97.75171065493646,5,19,15.43448062972681,2.19722457733622,2.7993816051399247,15.43448062972681,18.283314995999458,17.08351975071965,10.684124464912603
SP,351170,CHARQUEADA,55,356784,14866.0,15.1338223761621,12.969609576191528,38.9079826211011,19,5,15.415489483833356,4.02535169073515,2.7982253698104227,15.415489483833355,15.863132888727314,16.099081678396107,4.434450137179584
SP,353040,MIRASSOLANDIA,16,103824,4326.0,15.577240458954806,0.0,78.003120124805,9,15,15.410695022345507,2.833213344056216,2.797933257791066,15.410695022345509,16.899295582823573,16.594102716194314,7.679132525384895
SP,350050,AGUAS DE LINDOIA,64,415578,17315.75,15.523030829162812,11.771405070880618,60.97560975609756,22,2,15.400237741170129,4.174387269895637,2.7972958311378937,15.400237741170129,15.785481111099864,16.255621816125547,5.554356298465985
SP,353500,PALESTINA,40,260046,10835.25,15.599765809864634,13.620126467510724,41.467965996267885,21,3,15.381893972604848,3.713572066704308,2.796176698883773,15.381893972604848,15.993564690336287,15.483031173332254,0.6575081125089745
SP,351160,CESARIO LANGE,60,390508,16271.166666666666,15.005831823885122,14.859247554203955,31.102264244837027,20,4,15.364602005592715,4.110873864173311,2.7951205878036207,15.364602005592715,15.774714680103095,16.177245422315895,5.2890625896289265
SP,353260,NHANDEARA,38,247631,10317.958333333334,15.522277131775084,9.753910711697651,60.33789219629927,20,4,15.34541313486599,3.6635616461296463,2.793947315773904,15.34541313486599,15.987864632158326,16.43262741195692,7.084946280271155
SP,351512,EMILIANOPOLIS,11,71922,2996.75,15.222839403463205,0.0,66.33499170812604,8,16,15.294346653318874,2.4849066497880004,2.790818216568174,15.294346653318874,17.408015743939515,20.057285079028997,31.141823404902137
SP,354200,QUINTANA,23,150432,6268.0,14.703509579379617,15.182944396427544,70.11639321273313,15,9,15.28930014890449,3.1780538303479458,2.790508459683969,15.28930014890449,16.335357997608888,15.380877842899963,0.5989658983968295
SP,353400,ONDA VERDE,15,98615,4108.958333333333,14.356564778395873,0.0,56.36978579481398,10,14,15.21066774831415,2.772588722239781,2.785669528502739,15.21066774831415,16.78373372485585,24.65590947686318,62.09616753739085
SP,353850,PIQUETE,50,329598,13733.25,15.32394251785152,13.658700712678517,39.904229848363926,19,5,15.16999496356167,3.9318256327243257,2.78315736212092,15.16999496356167,15.657665169997808,17.18314283769168,13.270590260350057
SP,350880,CAFELANDIA,60,395647,16485.291666666668,15.265555911023403,12.03297190678244,44.1000441000441,21,3,15.1650334768114,4.110873864173311,2.7828504821193536,15.1650334768114,15.572365946256422,15.767092890692856,3.9700500153992726
SP,352215,ITAOCA,12,79202,3300.083333333333,15.3283918409171,0.0,123.99256044637322,9,15,15.1511325471579,2.5649493574615367,2.7819901739689024,15.1511325471579,17.09048321636892,15.868686792478687,4.735977611491418
SP,353420,ORINDIUVA,20,132126,5505.25,15.530518703266216,0.0,83.00132802124834,11,13,15.13706613384194,3.044522437723423,2.7811188702244705,15.13706613384194,16.32832008363625,16.28284642782654,7.569368356150477
SP,353220,NARANDIBA,17,112397,4683.208333333333,14.584234048125907,0.0,59.18327086210299,11,13,15.12495885121489,2.8903717578961645,2.7803683108159376,15.12495885121489,16.516956077927205,18.847556290557602,24.61228143469428
SP,354750,SANTA RITA DO PASSA QUATRO,93,615731,25655.45833333333,15.114996584311047,11.98341852918184,34.45107946715664,23,1,15.103998336936096,4.543294782270004,2.7790675850672475,15.103998336936096,15.367393429637657,15.190154168162406,0.5704173776000805
SP,354510,SALMOURAO,17,113751,4739.625,14.833145607278526,20.697667544437977,41.59733777038269,14,10,14.944923561111551,2.8903717578961645,2.769140506540938,14.944923561111551,16.32859702633767,16.299444638536496,9.063419239892053
SP,350340,AREALVA,28,188131,7838.791666666667,14.91934799601822,12.73401674556444,41.08463434675432,16,8,14.88324624862463,3.367295829986474,2.765264858644225,14.88324624862463,15.735563166333815,16.05533377305829,7.875214216401033
SP,351760,GUAPIARA,64,431947,17997.791666666668,14.935465789241803,13.66910938269216,34.99358450950659,23,1,14.816632596128692,4.174387269895637,2.761062082294592,14.816632596128692,15.19409432485604,15.502562109157306,4.629456177565174
SP,352044,ILHA SOLTEIRA,89,601840,25076.666666666668,14.813596289295049,12.232895983574137,37.018756169792695,23,1,14.787983517213876,4.499809670330265,2.7592491137928272,14.787983517213876,15.060001285172909,15.168837685097746,2.57543002695762
SP,350580,BASTOS,74,500858,20869.08333333333,14.640399356046634,11.971784043438191,50.2283105022831,23,1,14.774646706252073,4.31748811353631,2.7584040123763014,14.774646706252073,15.101099564866901,15.660210337730385,5.9938058018238465
SP,352130,IPUA,49,331922,13830.083333333334,14.212352460488402,13.88665559841641,54.89980785067252,15,9,14.762504443815113,3.912023005428146,2.757633983214241,14.762504443815113,15.252833412294185,15.477838619846953,4.84561531381307
SP,355300,TAGUAI,38,259590,10816.25,14.000148752868355,9.057366679006662,56.71690163668773,17,7,14.638468353942756,3.6635616461296463,2.7497337989879957,14.638468353942756,15.265185352942575,15.567782940702722,6.3484414099215725
SP,352750,LUCIANOPOLIS,8,54654,2277.25,14.797409639471624,0.0,88.92841262783459,7,17,14.6375379661141,2.19722457733622,2.7496743036790736,14.6375379661141,17.418104304554276,17.372910102764184,18.687378594559203
SP,355680,VIRADOURO,60,410424,17101.0,14.49785372269052,14.833362497405975,34.55226029369422,19,5,14.619028127010116,4.110873864173311,2.748489922694126,14.619028127010116,15.018415705639164,16.465278656353068,12.629092120917523
SP,351720,GUAICARA,37,254472,10603.0,14.362130180030595,9.271319739701294,45.46281142025823,15,9,14.539910088339775,3.6375861597263857,2.7434115591016424,14.539910088339777,15.180881411821419,14.74670588489939,1.4222632416788574
SP,351680,GASTAO VIDIGAL,13,89562,3731.75,13.830208520988071,0.0,95.39709038874314,9,15,14.51508452245372,2.6390573296152584,2.7418127456749803,14.515084522453721,16.27541860014204,15.848372240391035,9.185531891838588
SP,351290,COSMORAMA,27,186726,7780.25,14.515782448657776,12.708884010591092,55.08883073956756,19,5,14.459689598663282,3.332204510175204,2.7382359652515893,14.459689598663282,15.329254811278611,16.50580982644744,14.150512801971285
SP,350360,AREIOPOLIS,36,248971,10373.791666666666,14.608020057333382,9.633981469491427,49.35834155972359,14,10,14.45951536524334,3.610917912644224,2.7382246950122577,14.459515365243341,15.115947602403347,17.33603755032661,19.89362791506573
SP,353150,MONTE AZUL PAULISTA,65,450781,18782.541666666668,14.533081338373949,10.859332228573532,49.58404495620076,22,2,14.419418742138642,4.189654742026425,2.735627672362362,14.419418742138642,14.78562192500957,14.940414398331978,3.6131529676075065
SP,352730,LOUVEIRA,137,950360,39598.333333333336,15.226724626226412,13.681292965679813,33.56943838329585,24,0,14.41558988172903,4.927253685157205,2.735379327341545,14.41558988172903,14.590313114125834,15.121933820562974,4.899861501534505
SP,354430,ROSEIRA,34,236408,9850.333333333334,14.498616772672609,10.261932104993225,42.62120404901438,20,4,14.381916009610505,3.555348061489413,2.7331925343163856,14.381916009610505,15.07411299386216,14.655556529375065,1.9026708234264778
SP,350055,AGUAS DE SANTA BARBARA,21,146058,6085.75,13.52685926336518,15.136193220038868,43.566656985187336,15,9,14.377849895247092,3.091042453358316,2.7329281555561784,14.377849895247092,15.484250355265804,15.021155216216416,4.474280408101786
SP,354105,PRATANIA,16,111976,4665.666666666667,14.301297403627563,0.0,61.2369871402327,11,13,14.288776166321355,2.833213344056216,2.7271189752934912,14.288776166321355,15.721385231069336,25.3434947058881,77.36644769915787
SP,355330,TAMBAU,75,529150,22047.916666666668,14.123953563520937,13.503869953469334,26.90341673392521,23,1,14.173674761409806,4.330733340286331,2.7195620027471854,14.173674761409806,14.488438538090486,14.310204321497013,0.9632615562686029
SP,353250,NEVES PAULISTA,31,219252,9135.5,13.943476265199717,10.619227788601776,42.29223937407485,13,11,14.138981628445809,3.4657359027997265,2.717272982104057,14.138981628445807,14.889533560529877,15.612728888776111,10.423291429739995
SP,353160,MONTE CASTELO,14,99093,4128.875,14.099385051804298,11.62520344106022,48.94762604013706,12,12,14.1281422502094,2.70805020110221,2.7165567344193904,14.128142250209399,15.745777906260477,18.179641255783203,28.676799354237502
SP,352880,MARACAI,44,313082,13045.083333333334,13.989141202911568,11.448017972120908,37.690336197798885,21,3,14.053826154170473,3.80666248977032,2.7116321883970262,14.053826154170471,14.584294028373858,16.564720545146876,17.866269038992616
SP,355620,VALINHOS,368,2621381,109224.20833333331,14.27243967073948,14.404785034871434,23.503419747573272,24,0,14.03840189579462,5.910796644040527,2.7106070559474773,14.038401895794621,14.102672660573347,14.31603922740386,1.977698983617273
SP,353690,PEDRANOPOLIS,9,64191,2674.625,14.203084772817666,0.0,78.18608287724786,8,16,14.020657101462822,2.302585092994046,2.7094263938119982,14.020657101462822,16.46225621302944,16.886558453115626,20.440563740438346
SP,350130,ALVARES MACHADO,83,593196,24716.5,13.58683283654365,8.74477486654244,44.02861860209136,24,0,13.992002643308451,4.430816798843313,2.707516901810649,13.992002643308451,14.274577319690243,14.175270023363248,1.3098009250480183
SP,355255,SUZANAPOLIS,11,78725,3280.208333333333,14.257827182085489,0.0,58.8235294117647,10,14,13.972689742775485,2.4849066497880004,2.7062278578279257,13.972689742775485,15.993196050717446,14.123450192027397,1.078965124305162
SP,355365,TAQUARAL,9,64542,2689.25,14.151062080483248,0.0,225.30980097634247,3,21,13.944408292274796,2.302585092994046,2.70433720259846,13.944408292274797,16.379141572090706,23.077926705801897,65.49950504954067
SP,350270,APIAI,84,608616,25359.0,13.701441258410323,11.95445924369807,31.51964067609629,23,1,13.801806064907922,4.442651256490317,2.69474920473754,13.801806064907922,14.078822969561605,13.937248916169917,0.9813415043294119
SP,352170,ITABERA,60,434757,18114.875,13.725068577530886,11.170065098927289,59.51414813612509,18,6,13.800812867877918,4.110873864173311,2.6946821027670937,13.800812867877918,14.187365439957738,15.632407874048532,13.271645834961962
SP,353510,PALMARES PAULISTA,33,239662,9985.916666666666,14.282516108237331,9.486389815172934,87.72891764447856,14,10,13.769391893583464,3.5263605246161616,2.6925569239681173,13.769391893583464,14.464849305612391,14.473724778432238,5.115206904503849
SP,354170,QUATA,42,305378,12724.083333333334,13.842595582975136,15.390555327240277,33.68421052631579,19,5,13.75344654821238,3.7612001156935615,2.6914767197761664,13.753446548212379,14.301901601676487,13.862325169962224,0.7916460893505768
SP,351650,GABRIEL MONTEIRO,9,65612,2733.833333333333,13.663683657508514,0.0,109.48905109489051,6,18,13.717002987258429,2.302585092994046,2.6890034911620755,13.717002987258429,16.130872457728078,19.910990616009194,45.15554625528836
SP,353350,NOVO HORIZONTE,120,875391,36474.625,13.712541066687136,13.338426267671396,30.060394064438555,24,0,13.708160125018422,4.795790545596741,2.6884024503132977,13.708160125018422,13.901763421110829,13.737464667027584,0.2137744361161909
SP,353580,PARANAPANEMA,59,430750,17947.916666666668,13.897253393105226,15.668728217020192,30.086046091822613,21,3,13.697040046430644,4.0943445622221,2.6876461161239003,13.697040046430645,14.088333288691196,15.576733415185341,13.723354552391273
SP,354290,RIBEIRAO BONITO,38,277465,11561.041666666666,13.703011450415898,12.77905324276754,49.44375772558715,18,6,13.695421044095651,3.6635616461296463,2.687535951661548,13.695421044095653,14.299100978264404,16.088150561891087,17.47101830671342
SP,353140,MONTE APRAZIVEL,70,511527,21313.625,13.531182604516651,13.712594719755078,27.42481031172868,21,3,13.684517141812652,4.262679877041316,2.686793683062162,13.684517141812652,14.014736343939283,13.81811906187009,0.9762998480174496
SP,351810,GUARANTA,21,153681,6403.375,13.640054400094115,7.779679477205539,62.38303181534623,12,12,13.664669022195328,3.091042453358316,2.6854411329415395,13.664669022195328,14.740294149751792,14.181633014472553,3.783216347483625
SP,352265,ITAPIRAPUA PAULISTA,13,95459,3977.4583333333335,13.738708176083549,0.0,54.57025920873125,11,13,13.618412093149937,2.6390573296152584,2.682281836463278,13.618412093149937,15.319847050002002,14.086466063927759,3.4369203074215466
SP,351150,CERQUILHO,129,947697,39487.375,13.26991972919141,12.625119370783995,25.96447194755177,24,0,13.611945590204463,4.867534450455582,2.681839385288303,13.611945590204463,13.791357727936917,14.077930618916113,3.423353594999569
SP,351830,GUARAREMA,88,648600,27025.0,12.693488704854316,11.336861865902923,40.078924651621655,17,7,13.56768424298489,4.48863636973214,2.678805667491402,13.56768424298489,13.829537817027179,15.334582876503768,13.022846064776635
SP,351930,IBATE,99,731468,30477.83333333333,13.536921216019644,13.03881782979998,28.401022436807725,23,1,13.534426659812867,4.605170185988092,2.6765200877435347,13.534426659812869,13.767040297841008,15.635998996801456,15.527605193862303
SP,354960,SAO JOSE DO BARREIRO,13,96294,4012.25,13.380596334411493,0.0,50.69708491761723,9,15,13.500321930753731,2.6390573296152584,2.674170851301012,13.500321930753731,15.193534873504449,14.310922276595116,6.00430382326541
SP,354970,SAO JOSE DO RIO PARDO,167,1241745,51739.375,13.394854089877422,12.554771695253194,28.081473715740604,24,0,13.448815980736786,5.123963979403259,2.6706124721518965,13.448815980736786,13.58656415602938,13.49998117827787,0.38044388156080555
SP,354500,SALESOPOLIS,49,365997,15249.875,13.328080080048467,12.956538139917871,39.00916715428126,20,4,13.388087880501754,3.912023005428146,2.6664006337172648,13.388087880501754,13.851827305436906,14.301257128997934,6.820759294731762
SP,351940,IBIRA,35,261869,10911.208333333334,13.176998245725736,9.927050663196752,43.53125544140693,17,7,13.365461356632514,3.58351893845611,2.664826808632021,13.365461356632514,14.010580600235384,12.424188467882578,-7.04257686011591
SP,350770,BRAUNA,16,120551,5022.958333333333,13.15961959000682,9.147457006952068,55.44261689151728,12,12,13.272390938275086,2.833213344056216,2.658326967438053,13.272390938275086,14.64745569455783,15.367984259141137,15.789116901482709
SP,353450,OSCAR BRESSANE,8,60433,2518.0416666666665,13.271571677843657,0.0,80.41817450743868,6,18,13.237800539440371,2.19722457733622,2.655900437554222,13.237800539440373,15.87926581756923,13.36063416164367,0.9279005363264798
SP,350240,ANHUMAS,12,90745,3781.0416666666665,13.245786163431438,0.0,57.04506560182544,9,15,13.223869083696073,2.5649493574615367,2.65492147482706,13.223869083696071,15.02961570888376,19.810149047983668,49.8059979466065
SP,351360,CUNHA,70,532826,22201.08333333333,13.11387343038137,9.091959744923027,35.41076487252125,20,4,13.137497044063164,4.262679877041316,2.648830632357384,13.137497044063165,13.459703183040807,13.868718251419862,5.565909586157704
SP,353680,PEDRA BELA,19,144694,6028.916666666667,13.100254970749132,0.0,50.82161612739285,11,13,13.131159550499676,2.995732273553991,2.6483822563513666,13.131159550499675,14.289118821605893,15.861225379001022,20.79074447311442
SP,354600,SANTA BRANCA,43,329042,13710.083333333334,12.85171267851245,7.224392593222026,56.29045876723895,14,10,13.068240528564743,3.784189633918261,2.643919812032019,13.068240528564743,13.588054673695877,14.561239911573129,11.424639604275466
SP,351690,GENERAL SALGADO,33,253911,10579.625,13.06016229973291,9.332295202039337,48.21135859608524,15,9,12.996679939033756,3.5263605246161616,2.638820154279537,12.996679939033756,13.66872251663629,13.782906689691822,6.049443045040616
SP,350780,BRODOWSKI,68,523553,21814.70833333333,12.664134762216442,9.33758072996358,31.74477203285584,21,3,12.988178847222729,4.23410650459726,2.638212604880239,12.988178847222727,13.31744480385261,14.542098271807884,11.964105536762244
SP,355530,TURMALINA,6,46485,1936.875,14.276901317914662,0.0,59.916117435590174,6,18,12.907389480477574,1.9459101490553128,2.632420316178776,12.907389480477574,16.29671886924633,14.55270413069899,12.747075252590415
SP,351310,CRAVINHOS,98,760420,31684.166666666668,12.836981981906767,9.998528608959706,34.06226582192247,23,1,12.88761473922306,4.59511985013459,2.630997416981883,12.88761473922306,13.11563750633448,13.206625831862628,2.475330765969178
SP,353020,MIRANTE DO PARANAPANEMA,51,396016,16500.666666666668,12.879470770079928,12.180232007866556,41.27115146512588,22,2,12.878267544745668,3.951243718581428,2.630324130627436,12.878267544745668,13.313621713145382,12.999152798133414,0.9386763628549322
SP,354240,REGENTE FEIJO,58,451543,18814.291666666668,12.763780512913604,11.423876912184568,32.71716015049894,21,3,12.844845341418203,4.07753744390572,2.627912985843176,12.844845341418203,13.227611767228323,13.3561416628595,3.9805564633201262
SP,354320,RIBEIRAO DO SUL,14,109022,4542.583333333333,12.753552746744903,0.0,44.672771945499214,11,13,12.841444845994385,2.70805020110221,2.6276673411274776,12.841444845994385,14.374393570189092,14.19220296850869,10.518739430911044
SP,350480,BALSAMO,26,204438,8518.25,12.918260378047416,11.769630085844756,40.01600640256103,15,9,12.717792191275596,3.295836866004329,2.618693690345651,12.717792191275596,13.555230117689703,16.06183909067767,26.2942407699985
SP,350380,ARTUR NOGUEIRA,136,1071203,44633.458333333336,12.238043490260443,9.169127976000446,31.980736309423037,22,2,12.696006265852503,4.919980925828125,2.617104276894353,12.696006265852503,12.859066544538345,13.430018765847107,5.781444059056763
SP,354740,SANTA RITA DOESTE,8,63395,2641.458333333333,12.378531783358415,0.0,77.2499034376207,6,18,12.619291742250969,2.19722457733622,2.611487298066092,12.619291742250967,15.191371841033263,14.787939590050778,17.185178788908626
SP,350870,CACONDE,54,432109,18004.541666666668,12.444738623090949,10.84835565207744,27.182776992497555,22,2,12.49684686039865,4.007333185232471,2.602456092267225,12.49684686039865,12.900596521886108,12.209264592796483,-2.3012386309500856
SP,350100,ALTINOPOLIS,48,384710,16029.583333333334,12.305503386964912,12.508796970380164,30.671083302662247,19,5,12.476930675053936,3.8918202981106265,2.600979384828844,12.476930675053936,12.930044006241491,12.513937288465094,0.29660029677930555
SP,352150,IRAPUA,21,168403,7016.791666666667,12.51153450268486,6.872852233676976,43.27131112072696,12,12,12.470086637411448,3.091042453358316,2.600471422280686,12.470086637411448,13.488687734380992,12.084122826029557,-3.0951173203878435
SP,352660,LAVRINHAS,20,160621,6692.541666666667,12.387756957769284,6.972528238739368,56.5690849950502,12,12,12.451671948250851,3.044522437723423,2.5991034067423344,12.451671948250851,13.518693494509156,15.76288379381654,26.592507892330325
SP,351470,ECHAPORA,19,153064,6377.666666666667,12.373047794844087,0.0,46.3893613731251,11,13,12.413108242303872,2.995732273553991,2.596232455842202,12.413108242303872,13.53236547192221,18.69805944225075,50.63156686677204
SP,354110,PRESIDENTE ALVES,12,97134,4047.25,12.75355434727831,0.0,105.15247108307044,8,16,12.354067576749646,2.5649493574615367,2.5918210258354573,12.354067576749646,14.089247942173676,13.23033878897062,7.092977327322675
SP,354805,SANTO ANTONIO DO ARACANGUA,23,186447,7768.625,12.277205762476973,12.857799793468438,46.68534080298787,14,10,12.3359453356718,3.1780538303479458,2.5904630464352776,12.335945335671799,13.26202168494077,15.567749512818352,26.198269278975804
SP,353940,PIRATININGA,38,308668,12861.166666666666,11.610047398386245,9.08340244671604,33.09504898067249,18,6,12.310961939689246,3.6635616461296463,2.5885879017481392,12.310961939689246,12.876564876527485,15.300732045359783,24.28543049939772
SP,351780,GUARACAI,24,195980,8165.833333333333,12.254204536249835,5.711674663011195,59.90176111177668,12,12,12.246147566078172,3.218875824868201,2.5837067604263844,12.246147566078172,13.130518288468302,12.80148985037797,4.534832536544777
SP,352770,LUIZIANIA,14,114475,4769.791666666667,12.478782388643635,9.940357852882704,69.06077348066297,12,12,12.229744485695566,2.70805020110221,2.582467664689837,12.229744485695566,13.718214116915416,12.673299190492555,3.626851773688241
SP,353230,NATIVIDADE DA SERRA,20,164410,6850.416666666667,12.125008630655918,14.513609871470562,57.15102157451064,15,9,12.164710175780062,3.044522437723423,2.577539777953196,12.164710175780062,13.216299668240648,15.559295670728995,27.905190061227703
SP,353830,PIQUEROBI,10,82328,3430.333333333333,12.147649359559688,0.0,59.25925925925926,8,16,12.146535807987563,2.3978952727983707,2.5761582872633046,12.146535807987563,14.18781230480592,13.160867395294094,8.350789091977207
SP,355490,TRES FRONTEIRAS,17,140739,5864.125,12.236474447154423,15.850985167235304,56.12722170252573,14,10,12.07909676777581,2.8903717578961645,2.571015289193294,12.07909676777581,13.304435575362916,13.645793715946013,12.970315399325067
SP,351210,COLOMBIA,18,149240,6218.333333333333,11.662559823768914,0.0,89.48545861297539,9,15,12.061109622085231,2.9444389791664403,2.569639083645319,12.061109622085231,13.219485167260327,15.79672681641983,30.972417226805298
SP,352020,IGARATA,27,224694,9362.25,11.45068830085484,10.255431171811868,45.5788514129444,14,10,12.01634222542658,3.332204510175204,2.566205662243692,12.01634222542658,12.795130389807902,20.557463559368028,71.07921174106072
SP,354010,PONGAI,10,83826,3492.75,12.116174224234916,0.0,87.74495466510676,6,18,11.92947295588481,2.3978952727983707,2.5595094306138515,11.92947295588481,13.94848759789672,12.509003046359279,4.857968936411282
SP,353590,PARANAPUA,11,92676,3861.5,11.728153082715226,0.0,50.30181086519115,9,15,11.869308127238982,2.4849066497880004,2.5548452615957022,11.869308127238982,13.708417937802508,15.229070497324809,28.306303400915827
SP,353610,PARDINHO,17,143339,5972.458333333333,11.156262029085092,0.0,41.94044456871243,11,13,11.85999623270708,2.8903717578961645,2.554121425862858,11.85999623270708,13.07121086142991,21.213896859111227,78.86933893459671
SP,351910,IACANGA,28,236131,9838.791666666666,12.043676425342223,9.647969739052158,49.07734589713388,14,10,11.857824682062075,3.367295829986474,2.553952550695917,11.857824682062077,12.602945013259756,12.022510403268312,1.3888358583624787
SP,354550,SANDOVALINA,10,85559,3564.958333333333,11.318551839479587,0.0,108.13733441470669,7,17,11.68784113886324,2.3978952727983707,2.5406441442327123,11.68784113886324,13.681499109105149,12.19364061966575,4.327569777798199
SP,352080,INUBIA PAULISTA,10,85647,3568.625,11.983363599042876,0.0,58.66823115283074,7,17,11.675832194939694,2.3978952727983707,2.539697203727458,11.675832194939694,13.668214117034763,12.407658224924138,6.26787039900776
SP,353290,NOVA EUROPA,25,214149,8922.875,11.613340021540097,11.421745903308729,32.23033949290932,18,6,11.674114751878363,3.258096538021482,2.5395617049772983,11.674114751878365,12.498156882230003,14.126044465262222,21.00313184765758
SP,351420,DOLCINOPOLIS,6,51557,2148.208333333333,11.737023381558286,0.0,47.70992366412214,6,18,11.637604980894931,1.9459101490553128,2.5366768914056514,11.637604980894933,14.834707540731578,18.705088108560997,60.729704602179865
SP,353310,NOVA GUATAPORANGA,6,51711,2154.625,11.777078777726157,0.0,142.51781472684087,4,20,11.60294714857574,1.9459101490553128,2.533930687287547,11.602947148575739,14.794408968451654,14.771936566567334,27.31193529896056
SP,355260,TABAPUA,31,268665,11194.375,11.46668082185959,8.813302918188564,54.51076587626056,13,11,11.5385331174511,3.4657359027997265,2.5288065520826994,11.5385331174511,12.200875081144924,13.547909011423222,17.41448305012968
SP,353000,MIRA ESTRELA,8,69337,2889.0416666666665,11.386541354072842,0.0,71.50518412584913,6,18,11.537851363629809,2.19722457733622,2.528752177910699,11.537851363629807,13.976740242769301,15.023820469489694,30.213329986625876
SP,352700,LINDOIA,18,157363,6556.791666666667,11.293267998765728,14.362849751120953,42.7715996578272,14,10,11.438521126313049,2.9444389791664403,2.5207981997227247,11.438521126313047,12.558032383546019,14.0119448317963,22.497870809220057
SP,354000,POMPEIA,54,473369,19723.70833333333,11.324657545460584,9.850566916850514,29.708853238265004,20,4,11.407591118134055,4.007333185232471,2.5183084722472997,11.407591118134057,11.787854144677619,11.605443711347755,1.7343941517958321
SP,350395,ASPASIA,5,43973,1832.2083333333333,11.328593070794431,0.0,54.97526113249038,5,19,11.370613785732154,1.791759469228055,2.515323804068501,11.370613785732154,15.090188464424969,14.742812797181973,29.65714142609658
SP,351240,CORDEIROPOLIS,59,519295,21637.291666666668,10.497598062193571,4.400413556630836,40.092658588738416,13,11,11.361557496220838,4.0943445622221,2.514591455111926,11.361557496220838,11.708947022745988,14.216487784390226,25.12798345754106
SP,350995,CANAS,12,106405,4433.541666666667,11.634394384628616,0.0,53.23396326856535,9,15,11.27766552323669,2.5649493574615367,2.5077818006759927,11.27766552323669,12.916540302745805,21.999069444698346,95.0675820219273
SP,355440,TERRA ROXA,22,195643,8151.791666666667,11.269510475751742,12.276381166340595,25.15090543259557,15,9,11.24497170867345,3.1354942159291497,2.5051153799623807,11.24497170867345,12.155677253248085,14.187252133398282,26.165298597020016
SP,353280,NOVA ALIANCA,16,143097,5962.375,11.31460394315914,0.0,80.41817450743868,9,15,11.181226720336555,2.833213344056216,2.499895973165622,11.181226720336555,12.417246273763123,14.741139311018296,31.838300749299066
SP,353770,PIACATU,14,125953,5248.041666666667,11.314754559464577,0.0,56.74295441649329,9,15,11.11525727850865,2.70805020110221,2.4944655904035997,11.11525727850865,12.515627295819503,12.292354735974785,10.589925432873713
SP,354860,SAO BENTO DO SAPUCAI,29,261253,10885.541666666666,10.856032094974593,8.928440597260634,50.80440304826418,15,9,11.100351000754058,3.4011973816621555,2.493234460508744,11.100351000754058,11.78932830654059,12.136064608120082,9.330458174661924
SP,352890,MARIAPOLIS,10,90276,3761.5,11.184698423889294,0.0,51.22950819672131,9,15,11.077141211396162,2.3978952727983707,2.491314509813782,11.077141211396162,13.00399857294573,12.081884357884496,9.070419229238084
SP,354765,SANTA SALETE,4,36137,1505.7083333333333,10.40736399581203,0.0,65.53079947575361,4,20,11.068987464371697,1.6094379124341005,2.490639142971844,11.068987464371697,15.533969685561049,14.741189412157405,33.17559044678304
SP,354080,POTIRENDABA,43,388625,16192.708333333334,10.711976676930094,9.056390160976806,27.440864936062784,19,5,11.06465101318752,3.784189633918261,2.4902797731043558,11.06465101318752,11.531124111534208,11.422790130659227,3.236786384359115
SP,352960,MERIDIANO,11,99437,4143.208333333333,10.9993598080474,0.0,25.278058645096056,11,13,11.062280640003218,2.4849066497880004,2.490083281215042,11.062280640003218,12.820793460611426,15.35451228329634,38.80060344673984
SP,350940,CAJURU,61,553453,23060.541666666668,10.8252489599514,2.3783475241402274,74.32795143907173,12,12,11.021712774165106,4.127134385045092,2.4867144126467404,11.021712774165106,11.350883651587376,11.278543996802087,2.3302296829853275
SP,353200,MORUNGABA,32,290659,12110.791666666666,11.19566198340773,8.307228689631422,37.67897513187641,16,8,11.00946469918358,3.49650756146648,2.485695063839912,11.00946469918358,11.63144293950721,13.924685924722105,26.479227693556318
SP,351410,DOIS CORREGOS,64,582394,24266.416666666668,11.2276043423552,8.10816436220998,48.381421534130894,18,6,10.989124201142182,4.174387269895637,2.4839999222633304,10.989124201142182,11.302352478038298,11.849036817928777,7.825124195950188
SP,351330,CRUZALIA,6,54656,2277.333333333333,11.381544475789177,0.0,93.10986964618247,5,19,10.97775175644028,1.9459101490553128,2.4830509086684374,10.97775175644028,14.063811302894935,11.286481348556078,2.81232076444684
SP,350590,BATATAIS,148,1349353,56223.04166666666,11.08462406982146,10.665133826983006,32.603275670284994,24,0,10.968219583756069,5.003946305945459,2.482254768637008,10.968219583756067,11.104143426454081,11.152470258026694,1.6798594599938772
SP,352060,INDIANA,13,118670,4944.583333333333,10.888397046150851,0.0,60.26516673362796,9,15,10.95474846212185,2.6390573296152584,2.4811285602976225,10.95474846212185,12.444064623707522,11.85926890147799,8.256880041414846
SP,352780,LUPERCIO,11,100776,4199.0,11.04823948245897,0.0,74.68259895444362,8,16,10.915297293006272,2.4849066497880004,2.4778230613939645,10.915297293006272,12.658465756792893,19.069649762328467,74.70572949531031
SP,353990,POLONI,14,128446,5351.916666666667,11.01912253179668,0.0,80.77544426494346,8,16,10.899521978107533,2.70805020110221,2.476498229403721,10.899521978107533,12.281777948390488,11.320038857633714,3.858122221972845
SP,355690,VISTA ALEGRE DO ALTO,18,165543,6897.625,11.312115819104005,0.0,40.54327995134806,11,13,10.873307841467172,2.9444389791664403,2.4742928422063035,10.873307841467172,11.955620833212791,12.003393861045407,10.393212774391094
SP,350180,AMERICO DE CAMPOS,15,137984,5749.333333333333,10.904021935521188,0.0,71.36485280999108,11,13,10.87082560296846,2.772588722239781,2.474083759949117,10.87082560296846,12.161862013252982,12.976006552883309,19.365419212870044
SP,354650,SANTA ERNESTINA,15,139239,5801.625,10.580262039031512,0.0,52.21023320570832,10,14,10.772843815310363,2.772588722239781,2.465795507662216,10.772843815310365,12.056028572252684,14.416100804146435,33.818897324569704
SP,351130,CEDRAL,24,223612,9317.166666666666,9.798666256479514,8.895976273477078,37.993920972644375,13,11,10.732876589807343,3.218875824868201,2.4623948661732102,10.732876589807345,11.54330909389236,14.708368321288374,37.04031904416399
SP,354300,RIBEIRAO BRANCO,48,454908,18954.5,10.566272424994148,10.086486241398314,31.69572107765452,20,4,10.55158405655649,3.8918202981106265,2.446822575317718,10.55158405655649,10.956380250654059,11.476366711111803,8.764396412884345
SP,352585,JUMIRIM,7,66593,2774.708333333333,10.369266107987642,0.0,107.2194424588992,5,19,10.511615334945114,2.079441541679836,2.4433565547586524,10.511615334945114,13.115405910405135,13.272016267861742,26.260482760816718
SP,354050,PORANGABA,22,210044,8751.833333333334,10.337626242478455,10.623713775622656,35.35651149086623,14,10,10.473995924663404,3.1354942159291497,2.440083250999505,10.473995924663404,11.341561896610324,10.802667050650262,3.137972635762893
SP,355715,ZACARIAS,6,57323,2388.458333333333,10.04327187042252,0.0,78.83326763894362,5,19,10.467002773755736,1.9459101490553128,2.439473586946409,10.467002773755736,13.461777621623947,17.536540126578743,67.54118161264553
SP,351710,GLICERIO,11,105321,4388.375,10.527163156862668,0.0,47.92715073088905,10,14,10.444260878647183,2.4849066497880004,2.4374883710349207,10.444260878647183,12.136865736383758,17.68658477376367,69.34261772341486
SP,354515,SALTINHO,18,173065,7211.041666666667,9.522493303046828,0.0,49.60932655339204,9,15,10.400716493802909,2.9444389791664403,2.4336762037590387,10.400716493802907,11.450521290222753,16.359478632277533,57.291842749728396
SP,350790,BROTAS,54,525755,21906.45833333333,10.39921247263001,9.71598686418378,17.614161786076004,22,2,10.27094369050223,4.007333185232471,2.4222280592845684,10.27094369050223,10.624337238710824,10.373924416298035,1.0026413239032064
SP,355090,SAO SIMAO,34,333738,13905.75,10.237484478189456,7.283298981451999,43.440486533449175,16,8,10.187632214491607,3.555348061489413,2.414808901586257,10.187632214491607,10.742587306201054,10.235763303291742,0.4724462739405717
SP,352550,JOANOPOLIS,29,285408,11892.0,10.275113348060149,7.94436853642668,49.91265285749938,13,11,10.16089247673506,3.4011973816621555,2.41241592478926,10.160892476735059,10.808668823344071,17.200185820893463,69.27829775067454
SP,353520,PALMEIRA DOESTE,23,227589,9482.875,10.187879537940812,10.318994942031388,42.77617367126511,15,9,10.105936578657142,3.1780538303479458,2.407479792255401,10.105936578657142,10.915933676605022,10.568810942721003,4.580222332301307
SP,354030,PONTES GESTAL,6,59450,2477.083333333333,10.22922051463583,0.0,41.649312786339024,6,18,10.09251471825063,1.9459101490553128,2.4062705311351027,10.09251471825063,13.01736605871623,10.88051025691023,7.807722462218862
SP,351385,DIRCE REIS,4,39678,1653.25,10.038092796831274,0.0,60.938452163315056,4,20,10.081153283935684,1.6094379124341005,2.4052457629002677,10.081153283935683,14.302243214530849,17.241336500145064,71.02543741318895
SP,354570,SANTA ALBERTINA,14,142579,5940.791666666667,9.7288835916613,0.0,35.542918073573844,10,14,9.819117822400214,2.70805020110221,2.381314737968738,9.819117822400214,11.105441754615354,11.499576422802257,17.114150484765915
SP,353900,PIRANGI,25,254798,10616.583333333334,9.705923644825695,9.356327067360477,36.747818098300414,15,9,9.81169396934042,3.258096538021482,2.3806283232911234,9.81169396934042,10.54249236242063,10.744522551070363,9.50731427870504
SP,354480,SALES,13,135178,5632.416666666667,9.78453714458706,0.0,48.58299595141701,8,16,9.616949503617452,2.6390573296152584,2.3624517338382898,9.616949503617452,10.978380202310836,13.769962963118878,43.184311802191075
SP,350040,AGUAS DA PRATA,17,178272,7428.0,9.689377424818538,0.0,54.72704884389109,9,15,9.535989947944714,2.8903717578961645,2.354797010373015,9.535989947944714,10.579462164435148,15.253566728682038,59.957873403270845
SP,354440,RUBIACEA,6,63497,2645.708333333333,9.33514260632564,0.0,38.98635477582846,6,18,9.4492653196214,1.9459101490553128,2.346531671596904,9.4492653196214,12.24803199062095,11.239661143612217,18.94746060599082
SP,351400,DOBRADA,18,193433,8059.708333333333,9.264705080372508,11.22621807364651,27.15177844148792,13,11,9.305547657328376,2.9444389791664403,2.3326823577462377,9.305547657328377,10.275069874024854,13.660606397591506,46.800670961406546
SP,354450,RUBINEIA,7,75730,3155.4166666666665,8.558532319543508,0.0,53.46164127238706,5,19,9.243364584708834,2.079441541679836,2.326630138368637,9.243364584708834,11.630630142006561,13.81364853748595,49.443943391972994
SP,353810,PINDORAMA,32,348059,14502.458333333334,9.100666900880022,7.025523210376454,20.456870098874877,18,6,9.193843572497766,3.49650756146648,2.321783966743979,9.193843572497766,9.740303918085056,9.939410483979218,8.109414801353838
SP,351010,CANDIDO RODRIGUES,6,65737,2739.0416666666665,9.10737374681055,0.0,38.19709702062643,6,18,9.127279918462966,1.9459101490553128,2.3152327647761823,9.127279918462966,11.860065904933462,18.77412450730148,105.69243712274623
SP,351460,DUMONT,18,198244,8260.166666666666,8.591559370826063,0.0,32.07526996685556,9,15,9.079719941082706,2.9444389791664403,2.3105254786345037,9.079719941082706,10.03182355304103,15.636926292740192,72.21815644322149
SP,352970,MIGUELOPOLIS,43,475981,19832.541666666668,9.08834287922061,0.0,30.86260994804794,11,13,9.033974045182475,3.784189633918261,2.3059767393716992,9.033974045182477,9.436746417563908,10.033567387798078,11.064824158407353
SP,351560,FERNANDO PRESTES,12,135990,5666.25,8.658921992510992,0.0,52.011095700416085,9,15,8.824178248400617,2.5649493574615367,2.28484651541777,8.824178248400617,10.20577003698966,11.354299504308434,28.67259913257534
SP,352820,MACEDONIA,8,91017,3792.375,8.684570917768488,0.0,53.734551316496514,7,17,8.789566784227123,2.19722457733622,2.281317204718288,8.789566784227123,10.820210302427546,15.996806852320818,81.99767115971048
SP,353715,PEDRINHAS PAULISTA,6,69090,2878.75,8.598447672479475,0.0,34.85535029627048,6,18,8.684324793747287,1.9459101490553128,2.2705085777272727,8.684324793747287,11.323180714131698,9.042100097027754,4.119782617274584
SP,353820,PINHALZINHO,28,322940,13455.833333333334,8.705908792784617,7.982351575209163,26.831231553528305,17,7,8.670341239858798,3.367295829986474,2.269063597349176,8.670341239858798,9.266610464107854,10.241213977675727,18.117772926807106
SP,351900,HERCULANDIA,18,209378,8724.083333333334,8.841199023917747,0.0,62.03473945409429,10,14,8.596891746028714,2.9444389791664403,2.261439269591535,8.596891746028714,9.51075785853773,10.070010178767996,17.135477289449188
SP,355610,VALENTIM GENTIL,24,279359,11639.958333333334,8.241849657630121,3.619778469557663,39.05487209529389,12,12,8.591096044874158,3.218875824868201,2.2608351727582487,8.591096044874158,9.280144160938454,11.589635846269946,34.90287834908858
SP,354270,RESTINGA,13,152010,6333.75,8.354121576881129,0.0,62.46096189881324,7,17,8.552068942832708,2.6390573296152584,2.2567577742574394,8.552068942832708,9.801307008927004,12.764427219036367,49.255429351209095
SP,350830,CABRALIA PAULISTA,9,105583,4399.291666666667,8.474707548536118,0.0,45.85052728106373,8,16,8.524099523597549,2.302585092994046,2.253825378338765,8.524099523597549,10.299172885272416,13.318443848679982,56.244584097242054
SP,350930,CAJOBI,19,226435,9434.791666666666,8.455139841581584,5.147740142077628,54.15944540727903,12,12,8.390928964161901,2.995732273553991,2.239744219547451,8.390928964161901,9.241868030383566,9.988863657065252,19.043596957240542
SP,350120,ALVARES FLORENCE,8,95621,3984.2083333333335,8.212396617187041,0.0,51.26890540886952,6,18,8.366363037408101,2.19722457733622,2.2371248712111043,8.366363037408101,10.325021276535105,15.004408062709848,79.34206292054728
SP,351120,CATIGUA,14,167532,6980.5,8.34734114979383,0.0,42.83878337855205,10,14,8.356612468065803,2.70805020110221,2.2360833091772343,8.356612468065803,9.499090073991715,12.6434104186825,51.29827387590831
SP,350075,ALAMBARI,10,122049,5085.375,7.043709716142871,0.0,47.39336492890995,7,17,8.193430507419151,2.3978952727983707,2.21848915370128,8.193430507419151,9.751372999983248,11.374784576905094,38.828108282668985
SP,354090,PRADOPOLIS,32,393664,16402.666666666668,8.311975119473443,6.064812476284734,29.23463719815237,17,7,8.128759551292472,3.49650756146648,2.2114298202386373,8.128759551292472,8.626008577101056,9.431376515505223,16.024793893745265
SP,350535,BARRA DO CHAPEU,10,123600,5150.0,8.261981919608838,0.0,40.62563477554337,7,17,8.090614886731391,2.3978952727983707,2.207242550206498,8.090614886731391,9.63374629297929,10.277454577399766,27.029338576661115
SP,353205,MOTUCA,8,98915,4121.458333333333,8.036342055416265,0.0,49.578582052553294,6,18,8.087752110397815,2.19722457733622,2.206927585022035,8.087752110397815,9.997663906861058,14.385356624352339,77.86594381222646
SP,355110,SARAPUI,18,222620,9275.833333333334,7.588682077290305,0.0,56.4334085778781,9,15,8.085526906836762,2.9444389791664403,2.206682697616734,8.085526906836762,8.957410980647172,9.627755496459814,19.07394047899355
SP,355310,TAIACU,11,138465,5769.375,7.935106123751463,0.0,35.00787677227376,7,17,7.944245838298486,2.4849066497880004,2.191010402427943,7.944245838298486,9.332545145551961,13.126835191503469,65.23702134468436
SP,355200,SILVEIRAS,11,140634,5859.75,7.748702648121539,0.0,54.151624548736464,4,20,7.8217216320377725,2.4849066497880004,2.1772170473465304,7.8217216320377725,9.193531285335432,11.166897257478523,42.767766264384946
SP,350200,ANALANDIA,8,102363,4265.125,7.5220405584917245,0.0,43.58247984310307,7,17,7.815323896329728,2.19722457733622,2.1764915589444778,7.815323896329728,9.676524049706575,8.658890880596026,10.793755901306382
SP,353380,OLEO,5,64229,2676.208333333333,7.973750846200727,0.0,39.6039603960396,5,19,7.784645565087421,1.791759469228055,2.1730053753598693,7.784645565087421,10.67357786610931,10.257661451023653,31.76786746755965
SP,350640,BILAC,13,167213,6967.208333333333,7.839856387543118,0.0,45.13314277117497,9,15,7.774515139373135,2.6390573296152584,2.1718515130530363,7.774515139373135,8.935942389033105,15.399275396265827,98.07377206429211
SP,352420,JABORANDI,12,154381,6432.541666666667,7.8817369295637585,0.0,62.76478895339715,9,15,7.772977244609117,2.5649493574615367,2.1716762293447656,7.772977244609117,9.027972820614337,12.726448308034483,63.72681802022261
SP,351905,HOLAMBRA,22,283188,11799.5,8.409338924674142,6.960878071781423,39.77724741447892,13,11,7.768690763732927,3.1354942159291497,2.1711875094625435,7.768690763732927,8.462794191366644,10.601985069255916,36.470679445111095
SP,350730,BORACEIA,8,103911,4329.625,7.256919201577902,0.0,63.62672322375398,6,18,7.698896170761517,2.19722457733622,2.163196140687017,7.698896170761517,9.538961420295855,15.016562529864425,95.04825363009277
SP,350260,APARECIDA DOESTE,8,105872,4411.333333333333,7.781282850832896,0.0,46.24277456647399,7,17,7.55629439322956,2.19722457733622,2.146667198439065,7.55629439322956,9.370213964629105,9.565462096405899,26.58932538383566
SP,354760,SANTA ROSA DE VITERBO,42,558179,23257.45833333333,7.681368364790548,4.257957248314342,36.140224069389234,13,11,7.5244679574115105,3.7612001156935615,2.142940611534216,7.5244679574115105,7.881799221908156,8.647300899242294,14.922423062813456
SP,354490,SALES OLIVEIRA,19,255376,10640.666666666666,7.48009552834307,8.904811011681367,20.918313983892897,13,11,7.440010024434558,2.995732273553991,2.1329834963363736,7.440010024434558,8.214546024327909,8.283218247108861,11.333428582824883
SP,355360,TAPIRATIBA,22,298891,12453.791666666666,7.297855880212087,7.801244744787346,16.75603217158177,16,8,7.360542806574973,3.1354942159291497,2.123523354004958,7.360542806574973,8.025465557101725,8.812523600903273,19.726545072617267
SP,351270,CORUMBATAI,7,95454,3977.25,7.182366175856529,0.0,48.30917874396136,6,18,7.333375238334694,2.079441541679836,2.120268564787611,7.333375238334694,9.346505623764541,8.670068038540117,18.22752493582978
SP,354620,SANTA CRUZ DA CONCEICAO,7,96329,4013.7083333333335,7.606532841118605,0.0,81.83306055646482,5,19,7.266762864765543,2.079441541679836,2.1122430013019184,7.266762864765543,9.26577996968905,18.10473397186657,149.14441696799068
SP,355470,TORRINHA,16,221943,9247.625,7.193953218313877,0.0,32.14744963566224,10,14,7.2090581816051875,2.833213344056216,2.1052382008797124,7.2090581816051875,8.102776207596937,8.864385003017533,22.961762545295013
SP,350080,ALFREDO MARCONDES,7,97304,4054.3333333333335,6.961389655350096,0.0,50.27652086475615,5,19,7.193948861300665,2.079441541679836,2.103395938111876,7.193948861300665,9.177455477357736,8.637909385877398,20.07187641191635
SP,355130,SEBASTIANOPOLIS DO SUL,5,71416,2975.6666666666665,6.7970921658734085,0.0,65.46644844517185,4,20,7.001232216870169,1.791759469228055,2.0795955569276496,7.001232216870169,9.669447579844729,14.355072363217104,105.03636957830255
SP,354040,POPULINA,7,101635,4234.791666666667,7.016876850188346,0.0,47.99616030717542,6,18,6.887391154621931,2.079441541679836,2.065265428041139,6.887391154621931,8.80463966673334,9.515727042812054,38.16155971374331
SP,351190,CLEMENTINA,11,161169,6715.375,6.817104832280744,0.0,30.67955207853965,9,15,6.825133865693775,2.4849066497880004,2.0573408437167906,6.825133865693775,8.057263427331838,9.102611953540213,33.36898781273843
SP,352760,LUIS ANTONIO,17,259391,10807.958333333334,6.890410158314009,4.033233846898443,26.69157880688643,12,12,6.553812584091198,2.8903717578961645,2.022052413827762,6.553812584091198,7.333277389455336,9.140533676536906,39.46895122885792
SP,351920,IACRI,10,153330,6388.75,6.543297528595588,0.0,32.37293622531564,9,15,6.521880910454576,2.3978952727983707,2.017816227757776,6.521880910454576,7.824560278029441,9.050153168261646,38.765998528955805
SP,352380,ITOBI,12,185207,7716.958333333333,6.458573057336452,0.0,38.50102669404517,8,16,6.479236745911332,2.5649493574615367,2.012130747463354,6.479236745911332,7.564691590992764,7.011798149204341,8.21950831830736
SP,355635,VARGEM,14,217337,9055.708333333334,6.4928393908547095,0.0,28.015128169211373,9,15,6.441609113956667,2.70805020110221,2.0070871042177383,6.441609113956667,7.37103279001173,10.70023207733721,66.11116707087407
SP,351430,DOURADO,13,202345,8431.041666666666,6.433753915584823,5.807875479149727,23.23690019751365,12,12,6.424670735624799,2.6390573296152584,2.004808338335081,6.424670735624799,7.421709507719851,9.119185110534028,41.94011624546215
SP,355550,UBIRAJARA,7,111102,4629.25,5.955455154818568,0.0,40.94165813715456,5,19,6.3005166423646735,2.079441541679836,1.987945118576728,6.3005166423646735,8.08657911437896,10.512923446357396,66.85811724817135
SP,351390,DIVINOLANDIA,17,272390,11349.583333333334,6.246949978361813,8.52743432763009,17.88428865241885,14,10,6.241051433606226,2.8903717578961645,1.9797664214896225,6.241051433606226,6.989601233819498,9.626572226169591,54.246000510960876
SP,352190,ITAJOBI,23,368824,15367.666666666666,6.170531634305838,6.078910211140975,24.789291026276647,15,9,6.236036700431642,3.1780538303479458,1.9790736394427464,6.236036700431642,6.791542062280421,7.613355397394483,22.08644309080969
SP,354810,SANTO ANTONIO DO JARDIM,9,145294,6053.916666666667,6.1462103308895975,0.0,48.53583562530335,5,19,6.194336999463157,2.302585092994046,1.9732941886943545,6.194336999463157,7.5775317515650285,10.563832747890489,70.54016836355564
SP,355230,SUD MENNUCCI,11,177611,7400.458333333333,6.199155284632885,0.0,27.129679869777537,9,15,6.193310099036658,2.4849066497880004,1.9731514411802944,6.193310099036658,7.331718846493309,8.006635180194788,29.278770999052423
SP,355600,URUPES,19,310235,12926.458333333334,6.055004618896866,7.418595245004094,22.256843979523705,13,11,6.124389575644269,2.995732273553991,1.9635240488907355,6.124389575644269,6.784910570649031,8.200816475109018,33.9042262713393
SP,352810,MACAUBAL,11,181261,7552.541666666667,6.078775215532184,0.0,26.291573550677008,10,14,6.06859721616895,2.4849066497880004,1.955662046667304,6.06859721616895,7.188029486505927,8.8786309894455,46.30450288889826
SP,354230,REDENCAO DA SERRA,6,99091,4128.791666666667,5.759120283492863,0.0,44.50378282153983,5,19,6.055040316476774,1.9459101490553128,1.953742299884732,6.055040316476774,8.05898148475658,16.356774258479373,170.13485300782995
SP,352560,JOAO RAMALHO,6,100188,4174.5,6.038382104018539,0.0,25.4323499491353,6,18,5.988741166606779,1.9459101490553128,1.9443004494132623,5.988741166606779,7.97491839209526,15.635655061581023,161.08416821827993
SP,353325,NOVAIS,6,102207,4258.625,6.4493732988079175,0.0,57.78676683039584,5,19,5.870439402389269,1.9459101490553128,1.9272280637797996,5.870439402389269,7.824700175292994,13.516693126073854,130.25010905610506
SP,353284,NOVA CANAA PAULISTA,3,51685,2153.5416666666665,6.057884298262137,0.0,49.04364884747425,3,21,5.804391989939054,1.3862943611198906,1.9175682845641688,5.804391989939054,9.506874278269185,11.943908507392974,105.77363706820195
SP,352370,ITIRAPUA,8,138612,5775.5,5.705860057912365,0.0,85.91065292096219,4,20,5.771506074510143,2.19722457733622,1.9127235251829808,5.771506074510143,7.233730457581534,4.297074801762899,-25.546733447255132
SP,355730,ESTIVA GERBI,14,246479,10269.958333333334,5.500340558820986,0.0,27.35229759299781,10,14,5.679997078858645,2.70805020110221,1.8991175502518487,5.679997078858645,6.516789787386034,12.055677718741704,112.24795631698117
SP,354560,SANTA ADELIA,19,337560,14065.0,5.606070014382687,0.0,28.37684449489217,11,13,5.628628984476834,2.995732273553991,1.8913979931421696,5.628628984476834,6.2436658437222965,6.362350979098564,13.035536658132166
SP,354325,RIBEIRAO GRANDE,10,178402,7433.416666666667,5.594817049095191,0.0,40.37141703673799,7,17,5.605318326027735,2.3978952727983707,1.8878751315181443,5.605318326027735,6.754782746007149,8.707830922113981,55.349445216697845
SP,355495,TUIUTI,8,145142,6047.583333333333,5.285020827594808,0.0,32.6211058554885,6,18,5.511843573879373,2.19722457733622,1.8736226072015556,5.511843573879373,6.91907686264362,10.2825204576005,86.55319803213148
SP,351492,ELISIARIO,4,72577,3024.0416666666665,5.318007205752618,0.0,32.66906239790918,4,20,5.511387905259242,1.6094379124341005,1.87355262938982,5.511387905259242,8.235315390475696,11.28333431080754,104.72763856886971
SP,350890,CAIABU,5,94705,3946.0416666666665,5.161653445021483,0.0,25.7201646090535,5,19,5.279552293965472,1.791759469228055,1.8372986871689705,5.279552293965472,7.410401942953652,8.157077706719779,54.50320884297931
SP,354165,QUADRA,4,76462,3185.9166666666665,4.907842120125197,0.0,58.17335660267597,3,21,5.231356752373728,1.6094379124341005,1.829594086356386,5.231356752373728,7.8424663824999685,6.149868606683924,17.55781335106656
SP,354790,SANTO ANTONIO DA ALEGRIA,8,153008,6375.333333333333,5.119982015073238,0.0,34.3878954607978,4,20,5.228484785109275,2.19722457733622,1.829133090555328,5.228484785109275,6.574584612991058,8.214515651444174,57.11082634952127
SP,351495,EMBAUBA,3,57588,2399.5,5.145534036487522,0.0,41.85851820845542,3,21,5.209418628881017,1.3862943611198906,1.82606727302522,5.209418628881017,8.609937263065541,11.965075918287473,129.68159732744633
SP,350370,ARIRANHA,10,192130,8005.416666666667,5.2418761775532,0.0,25.799793601651185,8,16,5.204809243741217,2.3978952727983707,1.825324675837716,5.204809243741217,6.284335242785267,6.430238592533622,23.544174078348494
SP,352540,JERIQUARA,4,82383,3432.625,4.650222688339051,0.0,30.09328919650918,4,20,4.855370646856755,1.6094379124341005,1.7673592993768326,4.855370646856755,7.3109424455103085,6.2218880893363995,28.144451615950146
SP,351885,GUATAPARA,8,167669,6986.208333333333,4.546672135045206,0.0,40.2036987402841,5,19,4.771305369507781,2.19722457733622,1.7528982888164797,4.771305369507781,6.01628261594778,10.369524230172763,117.3309697686046
SP,351530,ESTRELA DO NORTE,3,63666,2652.75,4.705518993667789,0.0,38.16793893129771,3,21,4.712091226086137,1.3862943611198906,1.7425851958632044,4.712091226086137,7.847597090116456,14.165640865482995,200.6232304472801
SP,351320,CRISTAIS PAULISTA,9,191838,7993.25,4.720727190415004,0.0,25.490695895997963,7,17,4.691458418040221,2.302585092994046,1.7389665277809068,4.691458418040221,5.785573752638892,9.2974288414569,98.17779489860101
SP,352885,MARAPOAMA,3,66967,2790.2916666666665,4.6217726125309015,0.0,43.95604395604396,3,21,4.479818418026789,1.3862943611198906,1.7010719650143635,4.479818418026789,7.487538863962934,9.786368564902336,118.45458122860492
SP,353120,MONTE ALEGRE DO SUL,8,180455,7518.958333333333,4.287971053078801,0.0,27.96420581655481,6,18,4.433238203430218,2.19722457733622,1.6925353104202046,4.433238203430218,5.601450411580428,7.104219023644586,60.24898048897299
SP,355520,TURIUBA,2,45232,1884.6666666666667,4.343737654819097,0.0,52.32862375719519,2,22,4.4216483905199855,1.0986122886681098,1.6903999003053172,4.4216483905199855,8.737087194220932,9.783675633505757,121.26760812736622
SP,350430,AVAI,5,113318,4721.583333333333,4.483787233839796,0.0,22.306491188935983,5,19,4.412361672461568,1.791759469228055,1.6886855359510409,4.412361672461568,6.244444525876519,6.7049047512034425,51.95727931937435
SP,351800,GUARANI DOESTE,2,47470,1977.9166666666667,4.20468812118327,0.0,50.78720162519045,2,22,4.213187276174426,1.0986122886681098,1.6511914299775234,4.213187276174426,8.36427882217135,17.6167223784412,318.1329056523019
SP,354625,SANTA CRUZ DA ESPERANCA,2,47597,1983.2083333333333,4.128999888176751,0.0,51.20327700972862,2,22,4.201945500766855,1.0986122886681098,1.6490326903792798,4.201945500766855,8.344074661806932,4.895887154100345,16.514770436857066
SP,353210,MURUTINGA DO SUL,4,95661,3985.875,4.221098139878367,0.0,26.75943270002676,4,20,4.181432349651374,1.6094379124341005,1.645081533424774,4.181432349651374,6.34637327381098,9.47125164433945,126.507350887289
SP,350335,ARCO-IRIS,2,48317,2013.2083333333333,4.11725955204216,0.0,98.81422924901185,1,23,4.1393298424984994,1.0986122886681098,1.6369226901298857,4.1393298424984994,8.231351739015256,11.410106171897782,175.65104995379258
SP,353170,MONTEIRO LOBATO,4,96804,4033.5,3.998059373243537,0.0,48.39099927413501,2,22,4.132060658650469,1.6094379124341005,1.6355072663738088,4.132060658650469,6.275105270022695,6.849704925262183,65.76970889627009
SP,352725,LOURDES,2,49023,2042.625,4.129419122245522,0.0,51.282051282051285,2,22,4.079717683536299,1.0986122886681098,1.625255685939065,4.079717683536299,8.12373935686225,10.5880940639914,159.53006764952522
SP,353286,NOVA CASTILHO,1,25862,1077.5833333333333,3.994886545222116,0.0,95.87727708533076,1,23,3.866676977805274,0.6931471805599453,1.5824113587710478,3.866676977805274,10.982031461462283,11.193716728610656,189.4919020353288
SP,353700,PEDREGULHO,14,372433,15518.041666666666,3.737147356323824,0.0,19.12655403251514,8,16,3.759065388942441,2.70805020110221,1.5600513021039284,3.759065388942441,4.341939170696579,4.108227778504136,9.288542587973627
SP,353570,PARAISO,5,141279,5886.625,3.5583256243225043,0.0,33.06878306878307,4,20,3.5390963979076866,1.791759469228055,1.512727960946033,3.5390963979076866,5.050661255611727,8.213195693439769,132.0704148746954
SP,350300,ARAMINA,4,124298,5179.083333333333,3.258375722346758,0.0,41.65798791918351,2,22,3.2180726962622086,1.6094379124341005,1.4393783166786227,3.2180726962622086,4.940551417198758,6.7116232366298645,108.56033626665472
SP,354820,SANTO ANTONIO DO PINHAL,5,160630,6692.916666666667,3.015067742254488,0.0,28.71500358937545,3,21,3.112743572184524,1.791759469228055,1.4140903416165358,3.112743572184524,4.460505713379548,3.420339011661923,9.881811088650919
SP,354950,SAO JOSE DA BELA VISTA,6,193637,8068.208333333333,3.047303661151543,0.0,24.57606291472106,3,21,3.0985813661645243,1.9459101490553128,1.4106409055830398,3.0985813661645243,4.22272124199601,7.836305270819959,152.89977395429403
SP,351090,CASSIA DOS COQUEIROS,2,65743,2739.2916666666665,2.9333107011015245,0.0,35.373187124159884,2,22,3.0421489740352587,1.0986122886681098,1.3967764748176474,3.0421489740352587,6.203148573910199,9.127336243597052,200.02923333140043
SP,354360,RIFAINA,2,87234,3634.75,2.219605184004916,0.0,27.18129926610492,2,22,2.2926840452117294,1.0986122886681098,1.1917030513909597,2.2926840452117294,4.757461002512353,4.476878683127951,95.26801752199182
SP,352490,JAMBEIRO,3,130931,5455.458333333333,1.9011406844106464,0.0,45.62737642585552,1,23,2.291283194965287,1.3862943611198906,1.1912775176006234,2.291283194965287,3.96365332716306,19.434835270460255,748.2074722655439
SP,353657,PAULISTANIA,1,45373,1890.5416666666667,2.02069188490139,0.0,48.49660523763337,1,23,2.2039538932845524,0.6931471805599453,1.164385638741944,2.2039538932845524,6.72662114617918,13.333787158388176,504.99392473754676
SP,350820,BURITIZAL,2,98226,4092.75,1.873922494565625,0.0,44.974139869575,1,23,2.036120782684829,1.0986122886681098,1.110580642235068,2.036120782684829,4.250762938323081,4.922309987605912,141.74941042128916
SP,354310,RIBEIRAO CORRENTE,2,103726,4321.916666666667,1.8840436009471715,0.0,22.82062984938384,2,22,1.9281568748433373,1.0986122886681098,1.074373172137661,1.9281568748433373,4.035693757509832,11.588866078719791,501.0333614406445
SP,353630,PATROCINIO PAULISTA,6,317878,13244.916666666666,1.8632469879314204,0.0,15.104599350502228,4,20,1.887516594416726,1.9459101490553128,1.0603968228155456,1.887516594416726,2.5977468794561234,5.164819763044954,173.63042943953394
SP,353360,NUPORANGA,3,166356,6931.5,1.7762908354533942,0.0,15.015015015015017,3,21,1.8033614657721992,1.3862943611198906,1.0308192206191396,1.8033614657721992,3.144135804254105,5.147564465782968,185.44274475659714
SP,352910,MARINOPOLIS,0,48912,2038.0,0.0,0.0,0.0,0,24,0.0,0.0,0.0,0.0,4.4293092597502035,6.32197723147999,inf
